graph	algo	n	m	e	rn	rm	re	offset	time	seed
ABACUS_shell_hd.mtx.hgr.random100	reduce1	23412	23412	9.33	23412	23412	9.33	0	0.01369	1
ABACUS_shell_hd.mtx.hgr.random100	reduce2	23412	23412	9.33	23412	23412	9.33	0	0.00940	1
ABACUS_shell_hd.mtx.hgr.random100	reduce3	23412	23412	9.33	23412	22006	9.16	0	0.01175	1
ABACUS_shell_hd.mtx.hgr.random100	reduce4	23412	23412	9.33	22006	23408	8.54	0	0.01441	1
ABACUS_shell_hd.mtx.hgr.random100	reduce5	23412	23412	9.33	10690	23086	4.17	1	0.04613	1
ABACUS_shell_hd.mtx.hgr.random100	reduce6	23412	23412	9.33	23412	23412	9.33	0	0.03214	1
ABACUS_shell_hd.mtx.hgr.random100	reduce7	23412	23412	9.33	9558	16253	4.86	0	0.23659	1
ABACUS_shell_hd.mtx.hgr.random100	reduce8	23412	23412	9.33	8717	8776	6.65	751	0.25165	1
ABACUS_shell_hd.mtx.hgr.random100	reduce9	23412	23412	9.33	8717	8776	6.65	751	0.24879	1
ABACUS_shell_hd.mtx.hgr.random100	reduce10	23412	23412	9.33	8717	8776	6.65	751	0.25113	1
ABACUS_shell_hd.mtx.hgr.random100	reduce11	23412	23412	9.33	8717	16251	4.81	751	0.27103	1
ABACUS_shell_hd.mtx.hgr.random100	reduce12	23412	23412	9.33	8717	8776	6.65	751	0.26859	1
ABACUS_shell_hd.mtx.hgr.random100	reduce13	23412	23412	9.33	8717	8776	6.65	751	0.24090	1
ABACUS_shell_hd.mtx.hgr.random100	reduce14	23412	23412	9.33	8717	8776	6.65	751	0.24371	1
ABACUS_shell_hd.mtx.hgr.random100	reduce15	23412	23412	9.33	8976	9006	6.66	688	0.03908	1
ABACUS_shell_hd.mtx.hgr.random100	reduce1	23412	23412	9.33	23412	23412	9.33	0	0.00936	21
ABACUS_shell_hd.mtx.hgr.random100	reduce2	23412	23412	9.33	23412	23412	9.33	0	0.00898	21
ABACUS_shell_hd.mtx.hgr.random100	reduce3	23412	23412	9.33	23412	22006	9.16	0	0.00989	21
ABACUS_shell_hd.mtx.hgr.random100	reduce4	23412	23412	9.33	22006	23408	8.54	0	0.01194	21
ABACUS_shell_hd.mtx.hgr.random100	reduce5	23412	23412	9.33	10690	23086	4.17	1	0.04657	21
ABACUS_shell_hd.mtx.hgr.random100	reduce6	23412	23412	9.33	23412	23412	9.33	0	0.03320	21
ABACUS_shell_hd.mtx.hgr.random100	reduce7	23412	23412	9.33	9558	16253	4.86	0	0.23354	21
ABACUS_shell_hd.mtx.hgr.random100	reduce8	23412	23412	9.33	8717	8776	6.65	751	0.25478	21
ABACUS_shell_hd.mtx.hgr.random100	reduce9	23412	23412	9.33	8717	8776	6.65	751	0.24894	21
ABACUS_shell_hd.mtx.hgr.random100	reduce10	23412	23412	9.33	8717	8776	6.65	751	0.25828	21
ABACUS_shell_hd.mtx.hgr.random100	reduce11	23412	23412	9.33	8717	16251	4.81	751	0.26821	21
ABACUS_shell_hd.mtx.hgr.random100	reduce12	23412	23412	9.33	8717	8776	6.65	751	0.26553	21
ABACUS_shell_hd.mtx.hgr.random100	reduce13	23412	23412	9.33	8717	8776	6.65	751	0.23973	21
ABACUS_shell_hd.mtx.hgr.random100	reduce14	23412	23412	9.33	8717	8776	6.65	751	0.24502	21
ABACUS_shell_hd.mtx.hgr.random100	reduce15	23412	23412	9.33	8976	9006	6.66	688	0.03950	21
ABACUS_shell_hd.mtx.hgr.random100	reduce1	23412	23412	9.33	23412	23412	9.33	0	0.00922	203
ABACUS_shell_hd.mtx.hgr.random100	reduce2	23412	23412	9.33	23412	23412	9.33	0	0.00926	203
ABACUS_shell_hd.mtx.hgr.random100	reduce3	23412	23412	9.33	23412	22006	9.16	0	0.00985	203
ABACUS_shell_hd.mtx.hgr.random100	reduce4	23412	23412	9.33	22006	23408	8.54	0	0.01348	203
ABACUS_shell_hd.mtx.hgr.random100	reduce5	23412	23412	9.33	10690	23086	4.17	1	0.04680	203
ABACUS_shell_hd.mtx.hgr.random100	reduce6	23412	23412	9.33	23412	23412	9.33	0	0.03365	203
ABACUS_shell_hd.mtx.hgr.random100	reduce7	23412	23412	9.33	9558	16253	4.86	0	0.23592	203
ABACUS_shell_hd.mtx.hgr.random100	reduce8	23412	23412	9.33	8717	8776	6.65	751	0.25111	203
ABACUS_shell_hd.mtx.hgr.random100	reduce9	23412	23412	9.33	8717	8776	6.65	751	0.25005	203
ABACUS_shell_hd.mtx.hgr.random100	reduce10	23412	23412	9.33	8717	8776	6.65	751	0.25448	203
ABACUS_shell_hd.mtx.hgr.random100	reduce11	23412	23412	9.33	8717	16251	4.81	751	0.27398	203
ABACUS_shell_hd.mtx.hgr.random100	reduce12	23412	23412	9.33	8717	8776	6.65	751	0.26799	203
ABACUS_shell_hd.mtx.hgr.random100	reduce13	23412	23412	9.33	8717	8776	6.65	751	0.23975	203
ABACUS_shell_hd.mtx.hgr.random100	reduce14	23412	23412	9.33	8717	8776	6.65	751	0.24494	203
ABACUS_shell_hd.mtx.hgr.random100	reduce15	23412	23412	9.33	8976	9006	6.66	688	0.04038	203
ABACUS_shell_hd.mtx.hgr.random100	reduce1	23412	23412	9.33	23412	23412	9.33	0	0.00764	1002
ABACUS_shell_hd.mtx.hgr.random100	reduce2	23412	23412	9.33	23412	23412	9.33	0	0.00742	1002
ABACUS_shell_hd.mtx.hgr.random100	reduce3	23412	23412	9.33	23412	22006	9.16	0	0.01014	1002
ABACUS_shell_hd.mtx.hgr.random100	reduce4	23412	23412	9.33	22006	23408	8.54	0	0.01430	1002
ABACUS_shell_hd.mtx.hgr.random100	reduce5	23412	23412	9.33	10690	23086	4.17	1	0.04551	1002
ABACUS_shell_hd.mtx.hgr.random100	reduce6	23412	23412	9.33	23412	23412	9.33	0	0.03270	1002
ABACUS_shell_hd.mtx.hgr.random100	reduce7	23412	23412	9.33	9558	16253	4.86	0	0.23565	1002
ABACUS_shell_hd.mtx.hgr.random100	reduce8	23412	23412	9.33	8717	8776	6.65	751	0.25098	1002
ABACUS_shell_hd.mtx.hgr.random100	reduce9	23412	23412	9.33	8717	8776	6.65	751	0.25460	1002
ABACUS_shell_hd.mtx.hgr.random100	reduce10	23412	23412	9.33	8717	8776	6.65	751	0.25440	1002
ABACUS_shell_hd.mtx.hgr.random100	reduce11	23412	23412	9.33	8717	16251	4.81	751	0.27113	1002
ABACUS_shell_hd.mtx.hgr.random100	reduce12	23412	23412	9.33	8717	8776	6.65	751	0.26240	1002
ABACUS_shell_hd.mtx.hgr.random100	reduce13	23412	23412	9.33	8717	8776	6.65	751	0.24005	1002
ABACUS_shell_hd.mtx.hgr.random100	reduce14	23412	23412	9.33	8717	8776	6.65	751	0.24413	1002
ABACUS_shell_hd.mtx.hgr.random100	reduce15	23412	23412	9.33	8976	9006	6.66	688	0.03826	1002
as-22july06.mtx.hgr.random100	reduce1	22963	22963	4.22	22963	15123	5.89	0	0.00928	1
as-22july06.mtx.hgr.random100	reduce2	22963	22963	4.22	32	20	2.50	2040	0.00878	1
as-22july06.mtx.hgr.random100	reduce3	22963	22963	4.22	22963	5234	12.71	0	0.00968	1
as-22july06.mtx.hgr.random100	reduce4	22963	22963	4.22	25	0	0.00	2032	0.08121	1
as-22july06.mtx.hgr.random100	reduce6	22963	22963	4.22	5349	360	25.22	1867	1.27827	1
as-22july06.mtx.hgr.random100	reduce5	22963	22963	4.22	1386	3606	2.41	897	2.39679	1
as-22july06.mtx.hgr.random100	reduce8	22963	22963	4.22	0	0	0.00	2057	0.02025	1
as-22july06.mtx.hgr.random100	reduce9	22963	22963	4.22	0	0	0.00	2057	0.01952	1
as-22july06.mtx.hgr.random100	reduce10	22963	22963	4.22	0	0	0.00	2057	0.12709	1
as-22july06.mtx.hgr.random100	reduce11	22963	22963	4.22	0	0	0.00	2057	0.01956	1
as-22july06.mtx.hgr.random100	reduce12	22963	22963	4.22	0	0	0.00	2057	0.01961	1
as-22july06.mtx.hgr.random100	reduce13	22963	22963	4.22	0	0	0.00	2057	0.01960	1
as-22july06.mtx.hgr.random100	reduce14	22963	22963	4.22	0	0	0.00	2057	0.01846	1
as-22july06.mtx.hgr.random100	reduce7	22963	22963	4.22	2057	0	0.00	0	9.04056	1
as-22july06.mtx.hgr.random100	reduce15	22963	22963	4.22	0	0	0.00	2057	0.01816	1
as-22july06.mtx.hgr.random100	reduce1	22963	22963	4.22	22963	15123	5.89	0	0.00507	21
as-22july06.mtx.hgr.random100	reduce2	22963	22963	4.22	32	20	2.50	2040	0.01465	21
as-22july06.mtx.hgr.random100	reduce3	22963	22963	4.22	22963	5234	12.71	0	0.00954	21
as-22july06.mtx.hgr.random100	reduce4	22963	22963	4.22	25	0	0.00	2032	0.07666	21
as-22july06.mtx.hgr.random100	reduce6	22963	22963	4.22	5349	360	25.22	1867	1.29206	21
as-22july06.mtx.hgr.random100	reduce5	22963	22963	4.22	1386	3606	2.41	897	2.45883	21
as-22july06.mtx.hgr.random100	reduce8	22963	22963	4.22	0	0	0.00	2057	0.02028	21
as-22july06.mtx.hgr.random100	reduce9	22963	22963	4.22	0	0	0.00	2057	0.01908	21
as-22july06.mtx.hgr.random100	reduce10	22963	22963	4.22	0	0	0.00	2057	0.12437	21
as-22july06.mtx.hgr.random100	reduce11	22963	22963	4.22	0	0	0.00	2057	0.01935	21
as-22july06.mtx.hgr.random100	reduce12	22963	22963	4.22	0	0	0.00	2057	0.01932	21
as-22july06.mtx.hgr.random100	reduce13	22963	22963	4.22	0	0	0.00	2057	0.01940	21
as-22july06.mtx.hgr.random100	reduce14	22963	22963	4.22	0	0	0.00	2057	0.01802	21
as-22july06.mtx.hgr.random100	reduce7	22963	22963	4.22	2057	0	0.00	0	8.90393	21
as-22july06.mtx.hgr.random100	reduce15	22963	22963	4.22	0	0	0.00	2057	0.01778	21
as-22july06.mtx.hgr.random100	reduce1	22963	22963	4.22	22963	15123	5.89	0	0.00775	203
as-22july06.mtx.hgr.random100	reduce2	22963	22963	4.22	32	20	2.50	2040	0.01478	203
as-22july06.mtx.hgr.random100	reduce3	22963	22963	4.22	22963	5234	12.71	0	0.01299	203
as-22july06.mtx.hgr.random100	reduce4	22963	22963	4.22	25	0	0.00	2032	0.08205	203
as-22july06.mtx.hgr.random100	reduce6	22963	22963	4.22	5349	360	25.22	1867	1.28507	203
as-22july06.mtx.hgr.random100	reduce5	22963	22963	4.22	1386	3606	2.41	897	2.43271	203
as-22july06.mtx.hgr.random100	reduce8	22963	22963	4.22	0	0	0.00	2057	0.02054	203
as-22july06.mtx.hgr.random100	reduce9	22963	22963	4.22	0	0	0.00	2057	0.01908	203
as-22july06.mtx.hgr.random100	reduce10	22963	22963	4.22	0	0	0.00	2057	0.13031	203
as-22july06.mtx.hgr.random100	reduce11	22963	22963	4.22	0	0	0.00	2057	0.01958	203
as-22july06.mtx.hgr.random100	reduce12	22963	22963	4.22	0	0	0.00	2057	0.01954	203
as-22july06.mtx.hgr.random100	reduce13	22963	22963	4.22	0	0	0.00	2057	0.01976	203
as-22july06.mtx.hgr.random100	reduce14	22963	22963	4.22	0	0	0.00	2057	0.01823	203
as-22july06.mtx.hgr.random100	reduce7	22963	22963	4.22	2057	0	0.00	0	8.99340	203
as-22july06.mtx.hgr.random100	reduce15	22963	22963	4.22	0	0	0.00	2057	0.01849	203
as-22july06.mtx.hgr.random100	reduce1	22963	22963	4.22	22963	15123	5.89	0	0.00932	1002
as-22july06.mtx.hgr.random100	reduce2	22963	22963	4.22	32	20	2.50	2040	0.00875	1002
as-22july06.mtx.hgr.random100	reduce3	22963	22963	4.22	22963	5234	12.71	0	0.01488	1002
as-22july06.mtx.hgr.random100	reduce4	22963	22963	4.22	25	0	0.00	2032	0.08231	1002
as-22july06.mtx.hgr.random100	reduce6	22963	22963	4.22	5349	360	25.22	1867	1.28488	1002
as-22july06.mtx.hgr.random100	reduce5	22963	22963	4.22	1386	3606	2.41	897	2.39462	1002
as-22july06.mtx.hgr.random100	reduce8	22963	22963	4.22	0	0	0.00	2057	0.02030	1002
as-22july06.mtx.hgr.random100	reduce9	22963	22963	4.22	0	0	0.00	2057	0.01391	1002
as-22july06.mtx.hgr.random100	reduce10	22963	22963	4.22	0	0	0.00	2057	0.13273	1002
as-22july06.mtx.hgr.random100	reduce11	22963	22963	4.22	0	0	0.00	2057	0.02109	1002
as-22july06.mtx.hgr.random100	reduce12	22963	22963	4.22	0	0	0.00	2057	0.01981	1002
as-22july06.mtx.hgr.random100	reduce13	22963	22963	4.22	0	0	0.00	2057	0.02017	1002
as-22july06.mtx.hgr.random100	reduce14	22963	22963	4.22	0	0	0.00	2057	0.01802	1002
as-22july06.mtx.hgr.random100	reduce7	22963	22963	4.22	2057	0	0.00	0	9.00610	1002
as-22july06.mtx.hgr.random100	reduce15	22963	22963	4.22	0	0	0.00	2057	0.01776	1002
as-caida.mtx.hgr.random100	reduce1	31379	26475	4.03	31379	16538	5.85	0	0.01171	1
as-caida.mtx.hgr.random100	reduce2	31379	26475	4.03	26	14	2.14	7321	0.01132	1
as-caida.mtx.hgr.random100	reduce3	31379	26475	4.03	31379	5833	12.48	0	0.01725	1
as-caida.mtx.hgr.random100	reduce4	31379	26475	4.03	37	8	2.00	7306	0.09855	1
as-caida.mtx.hgr.random100	reduce6	31379	26475	4.03	5702	353	26.82	7143	0.98282	1
as-caida.mtx.hgr.random100	reduce5	31379	26475	4.03	1667	3820	2.39	5951	2.14365	1
as-caida.mtx.hgr.random100	reduce8	31379	26475	4.03	0	0	0.00	7339	0.02397	1
as-caida.mtx.hgr.random100	reduce9	31379	26475	4.03	0	0	0.00	7339	0.02312	1
as-caida.mtx.hgr.random100	reduce10	31379	26475	4.03	0	0	0.00	7339	0.15922	1
as-caida.mtx.hgr.random100	reduce11	31379	26475	4.03	0	0	0.00	7339	0.02295	1
as-caida.mtx.hgr.random100	reduce12	31379	26475	4.03	0	0	0.00	7339	0.01892	1
as-caida.mtx.hgr.random100	reduce13	31379	26475	4.03	0	0	0.00	7339	0.02355	1
as-caida.mtx.hgr.random100	reduce14	31379	26475	4.03	0	0	0.00	7339	0.01713	1
as-caida.mtx.hgr.random100	reduce15	31379	26475	4.03	0	0	0.00	7339	0.02091	1
as-caida.mtx.hgr.random100	reduce1	31379	26475	4.03	31379	16538	5.85	0	0.01068	21
as-caida.mtx.hgr.random100	reduce2	31379	26475	4.03	26	14	2.14	7321	0.01565	21
as-caida.mtx.hgr.random100	reduce3	31379	26475	4.03	31379	5833	12.48	0	0.01711	21
as-caida.mtx.hgr.random100	reduce7	31379	26475	4.03	7339	0	0.00	0	12.71153	1
as-caida.mtx.hgr.random100	reduce4	31379	26475	4.03	37	8	2.00	7306	0.09875	21
as-caida.mtx.hgr.random100	reduce6	31379	26475	4.03	5702	353	26.82	7143	0.97883	21
as-caida.mtx.hgr.random100	reduce5	31379	26475	4.03	1667	3820	2.39	5951	2.14215	21
as-caida.mtx.hgr.random100	reduce8	31379	26475	4.03	0	0	0.00	7339	0.02385	21
as-caida.mtx.hgr.random100	reduce9	31379	26475	4.03	0	0	0.00	7339	0.01873	21
as-caida.mtx.hgr.random100	reduce10	31379	26475	4.03	0	0	0.00	7339	0.16548	21
as-caida.mtx.hgr.random100	reduce11	31379	26475	4.03	0	0	0.00	7339	0.02316	21
as-caida.mtx.hgr.random100	reduce12	31379	26475	4.03	0	0	0.00	7339	0.02331	21
as-caida.mtx.hgr.random100	reduce13	31379	26475	4.03	0	0	0.00	7339	0.02393	21
as-caida.mtx.hgr.random100	reduce14	31379	26475	4.03	0	0	0.00	7339	0.02135	21
as-caida.mtx.hgr.random100	reduce15	31379	26475	4.03	0	0	0.00	7339	0.02116	21
as-caida.mtx.hgr.random100	reduce1	31379	26475	4.03	31379	16538	5.85	0	0.00653	203
as-caida.mtx.hgr.random100	reduce2	31379	26475	4.03	26	14	2.14	7321	0.01576	203
as-caida.mtx.hgr.random100	reduce3	31379	26475	4.03	31379	5833	12.48	0	0.01731	203
as-caida.mtx.hgr.random100	reduce7	31379	26475	4.03	7339	0	0.00	0	12.71140	21
as-caida.mtx.hgr.random100	reduce4	31379	26475	4.03	37	8	2.00	7306	0.09384	203
as-caida.mtx.hgr.random100	reduce6	31379	26475	4.03	5702	353	26.82	7143	0.99330	203
as-caida.mtx.hgr.random100	reduce5	31379	26475	4.03	1667	3820	2.39	5951	2.13192	203
as-caida.mtx.hgr.random100	reduce8	31379	26475	4.03	0	0	0.00	7339	0.02371	203
as-caida.mtx.hgr.random100	reduce9	31379	26475	4.03	0	0	0.00	7339	0.02281	203
as-caida.mtx.hgr.random100	reduce10	31379	26475	4.03	0	0	0.00	7339	0.16194	203
as-caida.mtx.hgr.random100	reduce11	31379	26475	4.03	0	0	0.00	7339	0.02290	203
as-caida.mtx.hgr.random100	reduce12	31379	26475	4.03	0	0	0.00	7339	0.02324	203
as-caida.mtx.hgr.random100	reduce13	31379	26475	4.03	0	0	0.00	7339	0.02341	203
as-caida.mtx.hgr.random100	reduce14	31379	26475	4.03	0	0	0.00	7339	0.01711	203
as-caida.mtx.hgr.random100	reduce15	31379	26475	4.03	0	0	0.00	7339	0.02348	203
as-caida.mtx.hgr.random100	reduce1	31379	26475	4.03	31379	16538	5.85	0	0.01048	1002
as-caida.mtx.hgr.random100	reduce2	31379	26475	4.03	26	14	2.14	7321	0.01547	1002
as-caida.mtx.hgr.random100	reduce3	31379	26475	4.03	31379	5833	12.48	0	0.01714	1002
as-caida.mtx.hgr.random100	reduce7	31379	26475	4.03	7339	0	0.00	0	12.65153	203
as-caida.mtx.hgr.random100	reduce4	31379	26475	4.03	37	8	2.00	7306	0.09473	1002
as-caida.mtx.hgr.random100	reduce6	31379	26475	4.03	5702	353	26.82	7143	0.99699	1002
as-caida.mtx.hgr.random100	reduce5	31379	26475	4.03	1667	3820	2.39	5951	2.12756	1002
as-caida.mtx.hgr.random100	reduce8	31379	26475	4.03	0	0	0.00	7339	0.02536	1002
as-caida.mtx.hgr.random100	reduce9	31379	26475	4.03	0	0	0.00	7339	0.02324	1002
as-caida.mtx.hgr.random100	reduce10	31379	26475	4.03	0	0	0.00	7339	0.15972	1002
as-caida.mtx.hgr.random100	reduce11	31379	26475	4.03	0	0	0.00	7339	0.02337	1002
as-caida.mtx.hgr.random100	reduce12	31379	26475	4.03	0	0	0.00	7339	0.02338	1002
as-caida.mtx.hgr.random100	reduce13	31379	26475	4.03	0	0	0.00	7339	0.02322	1002
as-caida.mtx.hgr.random100	reduce14	31379	26475	4.03	0	0	0.00	7339	0.02273	1002
as-caida.mtx.hgr.random100	reduce15	31379	26475	4.03	0	0	0.00	7339	0.02137	1002
BenElechi1.mtx.hgr.random100	reduce1	245874	245874	53.48	245874	245868	53.49	0	0.25272	1
BenElechi1.mtx.hgr.random100	reduce2	245874	245874	53.48	245868	245868	53.49	6	0.25403	1
as-caida.mtx.hgr.random100	reduce7	31379	26475	4.03	7339	0	0.00	0	12.61526	1002
BenElechi1.mtx.hgr.random100	reduce3	245874	245874	53.48	245874	40109	53.89	0	0.23469	1
BenElechi1.mtx.hgr.random100	reduce4	245874	245874	53.48	40114	245844	8.73	0	2.12354	1
BenElechi1.mtx.hgr.random100	reduce5	245874	245874	53.48	29394	244764	6.41	6	3.89684	1
BenElechi1.mtx.hgr.random100	reduce6	245874	245874	53.48	245868	245868	53.49	6	2.52033	1
BenElechi1.mtx.hgr.random100	reduce8	245874	245874	53.48	24225	24311	7.90	1199	0.93576	1
BenElechi1.mtx.hgr.random100	reduce9	245874	245874	53.48	24225	24311	7.90	1199	0.92302	1
BenElechi1.mtx.hgr.random100	reduce7	245874	245874	53.48	25771	182900	7.19	0	4.10668	1
BenElechi1.mtx.hgr.random100	reduce10	245874	245874	53.48	24225	24311	7.90	1199	0.98270	1
BenElechi1.mtx.hgr.random100	reduce13	245874	245874	53.48	24197	24282	7.91	1214	0.87080	1
BenElechi1.mtx.hgr.random100	reduce12	245874	245874	53.48	24225	24311	7.90	1199	1.84053	1
BenElechi1.mtx.hgr.random100	reduce11	245874	245874	53.48	24225	182924	7.08	1199	3.58793	1
BenElechi1.mtx.hgr.random100	reduce14	245874	245874	53.48	24225	24311	7.90	1199	0.86557	1
BenElechi1.mtx.hgr.random100	reduce15	245874	245874	53.48	24533	24605	7.91	1176	0.76813	1
BenElechi1.mtx.hgr.random100	reduce1	245874	245874	53.48	245874	245868	53.49	0	0.25502	21
BenElechi1.mtx.hgr.random100	reduce2	245874	245874	53.48	245868	245868	53.49	6	0.25045	21
BenElechi1.mtx.hgr.random100	reduce3	245874	245874	53.48	245874	40109	53.89	0	0.23320	21
BenElechi1.mtx.hgr.random100	reduce4	245874	245874	53.48	40114	245844	8.73	0	2.13024	21
BenElechi1.mtx.hgr.random100	reduce6	245874	245874	53.48	245868	245868	53.49	6	2.51927	21
BenElechi1.mtx.hgr.random100	reduce8	245874	245874	53.48	24225	24311	7.90	1199	0.92611	21
BenElechi1.mtx.hgr.random100	reduce5	245874	245874	53.48	29394	244764	6.41	6	3.91657	21
BenElechi1.mtx.hgr.random100	reduce9	245874	245874	53.48	24225	24311	7.90	1199	0.92460	21
BenElechi1.mtx.hgr.random100	reduce10	245874	245874	53.48	24225	24311	7.90	1199	0.98089	21
BenElechi1.mtx.hgr.random100	reduce7	245874	245874	53.48	25771	182900	7.19	0	4.11901	21
BenElechi1.mtx.hgr.random100	reduce12	245874	245874	53.48	24225	24311	7.90	1199	1.82390	21
BenElechi1.mtx.hgr.random100	reduce13	245874	245874	53.48	24197	24282	7.91	1214	0.86105	21
BenElechi1.mtx.hgr.random100	reduce11	245874	245874	53.48	24225	182924	7.08	1199	3.58745	21
BenElechi1.mtx.hgr.random100	reduce14	245874	245874	53.48	24225	24311	7.90	1199	0.85713	21
BenElechi1.mtx.hgr.random100	reduce15	245874	245874	53.48	24533	24605	7.91	1176	0.80081	21
BenElechi1.mtx.hgr.random100	reduce1	245874	245874	53.48	245874	245868	53.49	0	0.25140	203
BenElechi1.mtx.hgr.random100	reduce2	245874	245874	53.48	245868	245868	53.49	6	0.25348	203
BenElechi1.mtx.hgr.random100	reduce3	245874	245874	53.48	245874	40109	53.89	0	0.23156	203
BenElechi1.mtx.hgr.random100	reduce4	245874	245874	53.48	40114	245844	8.73	0	2.13010	203
BenElechi1.mtx.hgr.random100	reduce5	245874	245874	53.48	29394	244764	6.41	6	3.89466	203
BenElechi1.mtx.hgr.random100	reduce6	245874	245874	53.48	245868	245868	53.49	6	2.56086	203
BenElechi1.mtx.hgr.random100	reduce8	245874	245874	53.48	24225	24311	7.90	1199	0.93281	203
BenElechi1.mtx.hgr.random100	reduce9	245874	245874	53.48	24225	24311	7.90	1199	0.93083	203
BenElechi1.mtx.hgr.random100	reduce7	245874	245874	53.48	25771	182900	7.19	0	4.10947	203
BenElechi1.mtx.hgr.random100	reduce10	245874	245874	53.48	24225	24311	7.90	1199	0.99034	203
BenElechi1.mtx.hgr.random100	reduce12	245874	245874	53.48	24225	24311	7.90	1199	1.84149	203
BenElechi1.mtx.hgr.random100	reduce13	245874	245874	53.48	24197	24282	7.91	1214	0.86061	203
BenElechi1.mtx.hgr.random100	reduce11	245874	245874	53.48	24225	182924	7.08	1199	3.57037	203
BenElechi1.mtx.hgr.random100	reduce14	245874	245874	53.48	24225	24311	7.90	1199	0.85330	203
BenElechi1.mtx.hgr.random100	reduce15	245874	245874	53.48	24533	24605	7.91	1176	0.80116	203
BenElechi1.mtx.hgr.random100	reduce1	245874	245874	53.48	245874	245868	53.49	0	0.25538	1002
BenElechi1.mtx.hgr.random100	reduce2	245874	245874	53.48	245868	245868	53.49	6	0.25005	1002
BenElechi1.mtx.hgr.random100	reduce3	245874	245874	53.48	245874	40109	53.89	0	0.23265	1002
BenElechi1.mtx.hgr.random100	reduce4	245874	245874	53.48	40114	245844	8.73	0	2.12643	1002
BenElechi1.mtx.hgr.random100	reduce6	245874	245874	53.48	245868	245868	53.49	6	2.56969	1002
BenElechi1.mtx.hgr.random100	reduce8	245874	245874	53.48	24225	24311	7.90	1199	0.92952	1002
BenElechi1.mtx.hgr.random100	reduce5	245874	245874	53.48	29394	244764	6.41	6	3.91224	1002
BenElechi1.mtx.hgr.random100	reduce9	245874	245874	53.48	24225	24311	7.90	1199	0.89755	1002
BenElechi1.mtx.hgr.random100	reduce10	245874	245874	53.48	24225	24311	7.90	1199	0.97698	1002
BenElechi1.mtx.hgr.random100	reduce7	245874	245874	53.48	25771	182900	7.19	0	4.11410	1002
BenElechi1.mtx.hgr.random100	reduce12	245874	245874	53.48	24225	24311	7.90	1199	1.84530	1002
BenElechi1.mtx.hgr.random100	reduce13	245874	245874	53.48	24197	24282	7.91	1214	0.86067	1002
BenElechi1.mtx.hgr.random100	reduce11	245874	245874	53.48	24225	182924	7.08	1199	3.60439	1002
BenElechi1.mtx.hgr.random100	reduce14	245874	245874	53.48	24225	24311	7.90	1199	0.86549	1002
bips07_1998.mtx.hgr.random100	reduce1	15066	15066	4.13	15066	13549	4.48	0	0.00476	1
BenElechi1.mtx.hgr.random100	reduce15	245874	245874	53.48	24533	24605	7.91	1176	0.77482	1002
bips07_1998.mtx.hgr.random100	reduce2	15066	15066	4.13	12452	11977	4.71	1690	0.00257	1
bips07_1998.mtx.hgr.random100	reduce3	15066	15066	4.13	15066	10380	4.55	0	0.00761	1
bips07_1998.mtx.hgr.random100	reduce4	15066	15066	4.13	3994	3585	3.47	3346	0.00624	1
bips07_1998.mtx.hgr.random100	reduce5	15066	15066	4.13	7296	8023	2.25	1434	0.01826	1
bips07_1998.mtx.hgr.random100	reduce6	15066	15066	4.13	12238	11822	4.66	1750	0.01019	1
bips07_1998.mtx.hgr.random100	reduce7	15066	15066	4.13	5415	122	2.00	0	0.02007	1
bips07_1998.mtx.hgr.random100	reduce8	15066	15066	4.13	62	62	2.00	5328	0.00987	1
bips07_1998.mtx.hgr.random100	reduce9	15066	15066	4.13	62	62	2.00	5328	0.00945	1
bips07_1998.mtx.hgr.random100	reduce10	15066	15066	4.13	62	62	2.00	5328	0.02025	1
bips07_1998.mtx.hgr.random100	reduce11	15066	15066	4.13	62	72	2.00	5328	0.01815	1
bips07_1998.mtx.hgr.random100	reduce12	15066	15066	4.13	62	62	2.00	5328	0.01698	1
bips07_1998.mtx.hgr.random100	reduce13	15066	15066	4.13	68	68	2.00	5325	0.01784	1
bips07_1998.mtx.hgr.random100	reduce14	15066	15066	4.13	62	62	2.00	5328	0.00873	1
bips07_1998.mtx.hgr.random100	reduce15	15066	15066	4.13	459	448	2.83	5197	0.01672	1
bips07_1998.mtx.hgr.random100	reduce1	15066	15066	4.13	15066	13549	4.48	0	0.00261	21
bips07_1998.mtx.hgr.random100	reduce2	15066	15066	4.13	12452	11977	4.71	1690	0.00473	21
bips07_1998.mtx.hgr.random100	reduce3	15066	15066	4.13	15066	10380	4.55	0	0.00710	21
bips07_1998.mtx.hgr.random100	reduce4	15066	15066	4.13	3994	3585	3.47	3346	0.01155	21
bips07_1998.mtx.hgr.random100	reduce5	15066	15066	4.13	7296	8023	2.25	1434	0.01824	21
bips07_1998.mtx.hgr.random100	reduce6	15066	15066	4.13	12238	11822	4.66	1750	0.01020	21
bips07_1998.mtx.hgr.random100	reduce7	15066	15066	4.13	5415	122	2.00	0	0.01991	21
bips07_1998.mtx.hgr.random100	reduce8	15066	15066	4.13	62	62	2.00	5328	0.01548	21
bips07_1998.mtx.hgr.random100	reduce9	15066	15066	4.13	62	62	2.00	5328	0.00952	21
bips07_1998.mtx.hgr.random100	reduce10	15066	15066	4.13	62	62	2.00	5328	0.01186	21
bips07_1998.mtx.hgr.random100	reduce11	15066	15066	4.13	62	72	2.00	5328	0.01086	21
bips07_1998.mtx.hgr.random100	reduce12	15066	15066	4.13	62	62	2.00	5328	0.00931	21
bips07_1998.mtx.hgr.random100	reduce13	15066	15066	4.13	68	68	2.00	5325	0.01770	21
bips07_1998.mtx.hgr.random100	reduce14	15066	15066	4.13	62	62	2.00	5328	0.00856	21
bips07_1998.mtx.hgr.random100	reduce15	15066	15066	4.13	459	448	2.83	5197	0.00852	21
bips07_1998.mtx.hgr.random100	reduce1	15066	15066	4.13	15066	13549	4.48	0	0.00480	203
bips07_1998.mtx.hgr.random100	reduce2	15066	15066	4.13	12452	11977	4.71	1690	0.00487	203
bips07_1998.mtx.hgr.random100	reduce3	15066	15066	4.13	15066	10380	4.55	0	0.00381	203
bips07_1998.mtx.hgr.random100	reduce4	15066	15066	4.13	3994	3585	3.47	3346	0.00624	203
bips07_1998.mtx.hgr.random100	reduce5	15066	15066	4.13	7296	8023	2.25	1434	0.01008	203
bips07_1998.mtx.hgr.random100	reduce6	15066	15066	4.13	12238	11822	4.66	1750	0.01727	203
bips07_1998.mtx.hgr.random100	reduce7	15066	15066	4.13	5415	122	2.00	0	0.02000	203
bips07_1998.mtx.hgr.random100	reduce8	15066	15066	4.13	62	62	2.00	5328	0.01755	203
bips07_1998.mtx.hgr.random100	reduce9	15066	15066	4.13	62	62	2.00	5328	0.01695	203
bips07_1998.mtx.hgr.random100	reduce10	15066	15066	4.13	62	62	2.00	5328	0.01923	203
bips07_1998.mtx.hgr.random100	reduce11	15066	15066	4.13	62	72	2.00	5328	0.01805	203
bips07_1998.mtx.hgr.random100	reduce12	15066	15066	4.13	62	62	2.00	5328	0.01665	203
bips07_1998.mtx.hgr.random100	reduce13	15066	15066	4.13	68	68	2.00	5325	0.01844	203
bips07_1998.mtx.hgr.random100	reduce14	15066	15066	4.13	62	62	2.00	5328	0.00867	203
bips07_1998.mtx.hgr.random100	reduce15	15066	15066	4.13	459	448	2.83	5197	0.01607	203
bips07_1998.mtx.hgr.random100	reduce1	15066	15066	4.13	15066	13549	4.48	0	0.00462	1002
bips07_1998.mtx.hgr.random100	reduce2	15066	15066	4.13	12452	11977	4.71	1690	0.00483	1002
bips07_1998.mtx.hgr.random100	reduce3	15066	15066	4.13	15066	10380	4.55	0	0.00382	1002
bips07_1998.mtx.hgr.random100	reduce4	15066	15066	4.13	3994	3585	3.47	3346	0.00629	1002
bips07_1998.mtx.hgr.random100	reduce5	15066	15066	4.13	7296	8023	2.25	1434	0.01733	1002
bips07_1998.mtx.hgr.random100	reduce6	15066	15066	4.13	12238	11822	4.66	1750	0.01043	1002
bips07_1998.mtx.hgr.random100	reduce7	15066	15066	4.13	5415	122	2.00	0	0.01975	1002
bips07_1998.mtx.hgr.random100	reduce8	15066	15066	4.13	62	62	2.00	5328	0.01722	1002
bips07_1998.mtx.hgr.random100	reduce9	15066	15066	4.13	62	62	2.00	5328	0.01653	1002
bips07_1998.mtx.hgr.random100	reduce10	15066	15066	4.13	62	62	2.00	5328	0.01181	1002
bips07_1998.mtx.hgr.random100	reduce11	15066	15066	4.13	62	72	2.00	5328	0.01626	1002
bips07_1998.mtx.hgr.random100	reduce12	15066	15066	4.13	62	62	2.00	5328	0.01678	1002
bips07_1998.mtx.hgr.random100	reduce13	15066	15066	4.13	68	68	2.00	5325	0.01763	1002
bips07_1998.mtx.hgr.random100	reduce14	15066	15066	4.13	62	62	2.00	5328	0.00863	1002
bips07_1998.mtx.hgr.random100	reduce15	15066	15066	4.13	459	448	2.83	5197	0.01592	1002
bloweya.mtx.hgr.random100	reduce1	30004	30004	5.00	30004	30004	5.00	0	0.00889	1
bloweya.mtx.hgr.random100	reduce2	30004	30004	5.00	30004	30004	5.00	0	0.00920	1
bloweya.mtx.hgr.random100	reduce3	30004	30004	5.00	30004	10002	9.00	0	0.01030	1
bloweya.mtx.hgr.random100	reduce4	30004	30004	5.00	0	0	0.00	10001	0.23224	1
bloweya.mtx.hgr.random100	reduce5	30004	30004	5.00	10002	10001	2.00	0	2.83668	1
bloweya.mtx.hgr.random100	reduce8	30004	30004	5.00	0	0	0.00	10001	0.36188	1
bloweya.mtx.hgr.random100	reduce9	30004	30004	5.00	0	0	0.00	10001	0.32450	1
bloweya.mtx.hgr.random100	reduce7	30004	30004	5.00	10001	0	0.00	0	4.41621	1
bloweya.mtx.hgr.random100	reduce10	30004	30004	5.00	0	0	0.00	10001	0.40631	1
bloweya.mtx.hgr.random100	reduce11	30004	30004	5.00	0	0	0.00	10001	0.39832	1
bloweya.mtx.hgr.random100	reduce6	30004	30004	5.00	30004	30004	5.00	0	6.60395	1
bloweya.mtx.hgr.random100	reduce12	30004	30004	5.00	0	0	0.00	10001	0.41422	1
bloweya.mtx.hgr.random100	reduce13	30004	30004	5.00	0	0	0.00	10001	0.33963	1
bloweya.mtx.hgr.random100	reduce14	30004	30004	5.00	0	0	0.00	10001	0.35220	1
bloweya.mtx.hgr.random100	reduce15	30004	30004	5.00	0	0	0.00	10001	0.33724	1
bloweya.mtx.hgr.random100	reduce1	30004	30004	5.00	30004	30004	5.00	0	0.00889	21
bloweya.mtx.hgr.random100	reduce2	30004	30004	5.00	30004	30004	5.00	0	0.00492	21
bloweya.mtx.hgr.random100	reduce3	30004	30004	5.00	30004	10002	9.00	0	0.00554	21
bloweya.mtx.hgr.random100	reduce4	30004	30004	5.00	0	0	0.00	10001	0.23767	21
bloweya.mtx.hgr.random100	reduce5	30004	30004	5.00	10002	10001	2.00	0	2.83728	21
bloweya.mtx.hgr.random100	reduce8	30004	30004	5.00	0	0	0.00	10001	0.36656	21
bloweya.mtx.hgr.random100	reduce9	30004	30004	5.00	0	0	0.00	10001	0.32803	21
bloweya.mtx.hgr.random100	reduce10	30004	30004	5.00	0	0	0.00	10001	0.39297	21
bloweya.mtx.hgr.random100	reduce7	30004	30004	5.00	10001	0	0.00	0	4.40520	21
bloweya.mtx.hgr.random100	reduce11	30004	30004	5.00	0	0	0.00	10001	0.42158	21
bloweya.mtx.hgr.random100	reduce12	30004	30004	5.00	0	0	0.00	10001	0.34084	21
bloweya.mtx.hgr.random100	reduce6	30004	30004	5.00	30004	30004	5.00	0	6.47336	21
bloweya.mtx.hgr.random100	reduce13	30004	30004	5.00	0	0	0.00	10001	0.40507	21
bloweya.mtx.hgr.random100	reduce14	30004	30004	5.00	0	0	0.00	10001	0.37719	21
bloweya.mtx.hgr.random100	reduce15	30004	30004	5.00	0	0	0.00	10001	0.33818	21
bloweya.mtx.hgr.random100	reduce1	30004	30004	5.00	30004	30004	5.00	0	0.00493	203
bloweya.mtx.hgr.random100	reduce2	30004	30004	5.00	30004	30004	5.00	0	0.00899	203
bloweya.mtx.hgr.random100	reduce3	30004	30004	5.00	30004	10002	9.00	0	0.01043	203
bloweya.mtx.hgr.random100	reduce4	30004	30004	5.00	0	0	0.00	10001	0.23833	203
bloweya.mtx.hgr.random100	reduce5	30004	30004	5.00	10002	10001	2.00	0	2.85792	203
bloweya.mtx.hgr.random100	reduce8	30004	30004	5.00	0	0	0.00	10001	0.35884	203
bloweya.mtx.hgr.random100	reduce9	30004	30004	5.00	0	0	0.00	10001	0.32311	203
bloweya.mtx.hgr.random100	reduce7	30004	30004	5.00	10001	0	0.00	0	4.41680	203
bloweya.mtx.hgr.random100	reduce10	30004	30004	5.00	0	0	0.00	10001	0.39460	203
bloweya.mtx.hgr.random100	reduce11	30004	30004	5.00	0	0	0.00	10001	0.41965	203
bloweya.mtx.hgr.random100	reduce6	30004	30004	5.00	30004	30004	5.00	0	6.63170	203
bloweya.mtx.hgr.random100	reduce12	30004	30004	5.00	0	0	0.00	10001	0.37261	203
bloweya.mtx.hgr.random100	reduce13	30004	30004	5.00	0	0	0.00	10001	0.34418	203
bloweya.mtx.hgr.random100	reduce14	30004	30004	5.00	0	0	0.00	10001	0.39160	203
bloweya.mtx.hgr.random100	reduce15	30004	30004	5.00	0	0	0.00	10001	0.33994	203
bloweya.mtx.hgr.random100	reduce1	30004	30004	5.00	30004	30004	5.00	0	0.00501	1002
bloweya.mtx.hgr.random100	reduce2	30004	30004	5.00	30004	30004	5.00	0	0.00893	1002
bloweya.mtx.hgr.random100	reduce3	30004	30004	5.00	30004	10002	9.00	0	0.01003	1002
bloweya.mtx.hgr.random100	reduce4	30004	30004	5.00	0	0	0.00	10001	0.23233	1002
bloweya.mtx.hgr.random100	reduce5	30004	30004	5.00	10002	10001	2.00	0	2.85930	1002
bloweya.mtx.hgr.random100	reduce8	30004	30004	5.00	0	0	0.00	10001	0.36186	1002
bloweya.mtx.hgr.random100	reduce9	30004	30004	5.00	0	0	0.00	10001	0.32430	1002
bloweya.mtx.hgr.random100	reduce10	30004	30004	5.00	0	0	0.00	10001	0.41107	1002
bloweya.mtx.hgr.random100	reduce11	30004	30004	5.00	0	0	0.00	10001	0.42391	1002
bloweya.mtx.hgr.random100	reduce7	30004	30004	5.00	10001	0	0.00	0	4.43647	1002
bloweya.mtx.hgr.random100	reduce6	30004	30004	5.00	30004	30004	5.00	0	6.63200	1002
bloweya.mtx.hgr.random100	reduce12	30004	30004	5.00	0	0	0.00	10001	0.34054	1002
bloweya.mtx.hgr.random100	reduce13	30004	30004	5.00	0	0	0.00	10001	0.34104	1002
bloweya.mtx.hgr.random100	reduce14	30004	30004	5.00	0	0	0.00	10001	0.33811	1002
bloweya.mtx.hgr.random100	reduce15	30004	30004	5.00	0	0	0.00	10001	0.33932	1002
c-64.mtx.hgr.random100	reduce1	51035	51035	14.07	51035	51035	14.07	0	0.01936	1
c-64.mtx.hgr.random100	reduce2	51035	51035	14.07	51035	51035	14.07	0	0.02000	1
c-64.mtx.hgr.random100	reduce3	51035	51035	14.07	51035	28460	23.64	0	0.02359	1
c-64.mtx.hgr.random100	reduce4	51035	51035	14.07	44	78	2.87	22589	2.77754	1
c-64.mtx.hgr.random100	reduce8	51035	51035	14.07	0	0	0.00	22600	4.50251	1
c-64.mtx.hgr.random100	reduce9	51035	51035	14.07	0	0	0.00	22600	3.82343	1
c-64.mtx.hgr.random100	reduce6	51035	51035	14.07	51035	51035	14.07	0	8.47063	1
c-64.mtx.hgr.random100	reduce10	51035	51035	14.07	0	0	0.00	22600	4.49220	1
c-64.mtx.hgr.random100	reduce11	51035	51035	14.07	0	0	0.00	22600	4.78188	1
c-64.mtx.hgr.random100	reduce1	51035	51035	14.07	51035	51035	14.07	0	0.01954	21
c-64.mtx.hgr.random100	reduce12	51035	51035	14.07	0	0	0.00	22600	4.32446	1
c-64.mtx.hgr.random100	reduce13	51035	51035	14.07	0	0	0.00	22600	4.33943	1
c-64.mtx.hgr.random100	reduce2	51035	51035	14.07	51035	51035	14.07	0	0.02015	21
c-64.mtx.hgr.random100	reduce14	51035	51035	14.07	0	0	0.00	22600	4.39247	1
c-64.mtx.hgr.random100	reduce3	51035	51035	14.07	51035	28460	23.64	0	0.02391	21
c-64.mtx.hgr.random100	reduce15	51035	51035	14.07	0	0	0.00	22600	4.37603	1
c-64.mtx.hgr.random100	reduce4	51035	51035	14.07	44	78	2.87	22589	2.77918	21
c-64.mtx.hgr.random100	reduce8	51035	51035	14.07	0	0	0.00	22600	4.34450	21
c-64.mtx.hgr.random100	reduce9	51035	51035	14.07	0	0	0.00	22600	3.84874	21
c-64.mtx.hgr.random100	reduce10	51035	51035	14.07	0	0	0.00	22600	4.50409	21
c-64.mtx.hgr.random100	reduce6	51035	51035	14.07	51035	51035	14.07	0	8.68515	21
c-64.mtx.hgr.random100	reduce11	51035	51035	14.07	0	0	0.00	22600	4.67164	21
c-64.mtx.hgr.random100	reduce12	51035	51035	14.07	0	0	0.00	22600	3.97978	21
c-64.mtx.hgr.random100	reduce1	51035	51035	14.07	51035	51035	14.07	0	0.01919	203
c-64.mtx.hgr.random100	reduce13	51035	51035	14.07	0	0	0.00	22600	3.97467	21
c-64.mtx.hgr.random100	reduce2	51035	51035	14.07	51035	51035	14.07	0	0.01961	203
c-64.mtx.hgr.random100	reduce14	51035	51035	14.07	0	0	0.00	22600	3.97846	21
c-64.mtx.hgr.random100	reduce3	51035	51035	14.07	51035	28460	23.64	0	0.02415	203
c-64.mtx.hgr.random100	reduce15	51035	51035	14.07	0	0	0.00	22600	3.96917	21
c-64.mtx.hgr.random100	reduce4	51035	51035	14.07	44	78	2.87	22589	2.78347	203
c-64.mtx.hgr.random100	reduce8	51035	51035	14.07	0	0	0.00	22600	4.32960	203
c-64.mtx.hgr.random100	reduce9	51035	51035	14.07	0	0	0.00	22600	4.13094	203
c-64.mtx.hgr.random100	reduce6	51035	51035	14.07	51035	51035	14.07	0	8.49930	203
c-64.mtx.hgr.random100	reduce10	51035	51035	14.07	0	0	0.00	22600	4.51372	203
c-64.mtx.hgr.random100	reduce11	51035	51035	14.07	0	0	0.00	22600	4.70379	203
c-64.mtx.hgr.random100	reduce1	51035	51035	14.07	51035	51035	14.07	0	0.01982	1002
c-64.mtx.hgr.random100	reduce12	51035	51035	14.07	0	0	0.00	22600	4.39884	203
c-64.mtx.hgr.random100	reduce13	51035	51035	14.07	0	0	0.00	22600	3.99590	203
c-64.mtx.hgr.random100	reduce2	51035	51035	14.07	51035	51035	14.07	0	0.02079	1002
c-64.mtx.hgr.random100	reduce14	51035	51035	14.07	0	0	0.00	22600	4.20150	203
c-64.mtx.hgr.random100	reduce3	51035	51035	14.07	51035	28460	23.64	0	0.02416	1002
c-64.mtx.hgr.random100	reduce15	51035	51035	14.07	0	0	0.00	22600	4.10325	203
c-64.mtx.hgr.random100	reduce4	51035	51035	14.07	44	78	2.87	22589	2.97450	1002
c-64.mtx.hgr.random100	reduce8	51035	51035	14.07	0	0	0.00	22600	4.26922	1002
c-64.mtx.hgr.random100	reduce9	51035	51035	14.07	0	0	0.00	22600	4.16719	1002
c-64.mtx.hgr.random100	reduce10	51035	51035	14.07	0	0	0.00	22600	4.72832	1002
c-64.mtx.hgr.random100	reduce6	51035	51035	14.07	51035	51035	14.07	0	8.75196	1002
c-64.mtx.hgr.random100	reduce11	51035	51035	14.07	0	0	0.00	22600	4.68815	1002
ca-CondMat.mtx.hgr.random100	reduce1	23133	23133	8.08	23133	20760	8.89	0	0.01539	1
c-64.mtx.hgr.random100	reduce12	51035	51035	14.07	0	0	0.00	22600	4.18881	1002
ca-CondMat.mtx.hgr.random100	reduce2	23133	23133	8.08	8110	9246	5.21	2523	0.02090	1
c-64.mtx.hgr.random100	reduce13	51035	51035	14.07	0	0	0.00	22600	4.28358	1002
c-64.mtx.hgr.random100	reduce14	51035	51035	14.07	0	0	0.00	22600	4.00487	1002
ca-CondMat.mtx.hgr.random100	reduce3	23133	23133	8.08	23133	18554	9.53	0	0.02148	1
ca-CondMat.mtx.hgr.random100	reduce4	23133	23133	8.08	4743	5204	4.14	2470	0.04139	1
c-64.mtx.hgr.random100	reduce15	51035	51035	14.07	0	0	0.00	22600	4.26978	1002
ca-CondMat.mtx.hgr.random100	reduce5	23133	23133	8.08	4124	3667	2.06	1781	0.17134	1
ca-CondMat.mtx.hgr.random100	reduce6	23133	23133	8.08	8062	9246	5.21	2571	0.20108	1
ca-CondMat.mtx.hgr.random100	reduce7	23133	23133	8.08	4057	0	0.00	0	0.32270	1
ca-CondMat.mtx.hgr.random100	reduce8	23133	23133	8.08	0	0	0.00	4057	0.03358	1
ca-CondMat.mtx.hgr.random100	reduce9	23133	23133	8.08	0	0	0.00	4057	0.03216	1
ca-CondMat.mtx.hgr.random100	reduce10	23133	23133	8.08	0	0	0.00	4057	0.05655	1
ca-CondMat.mtx.hgr.random100	reduce11	23133	23133	8.08	0	0	0.00	4057	0.03530	1
ca-CondMat.mtx.hgr.random100	reduce12	23133	23133	8.08	0	0	0.00	4057	0.03277	1
ca-CondMat.mtx.hgr.random100	reduce13	23133	23133	8.08	0	0	0.00	4057	0.03308	1
ca-CondMat.mtx.hgr.random100	reduce14	23133	23133	8.08	0	0	0.00	4057	0.03129	1
ca-CondMat.mtx.hgr.random100	reduce15	23133	23133	8.08	0	0	0.00	4057	0.03056	1
ca-CondMat.mtx.hgr.random100	reduce1	23133	23133	8.08	23133	20760	8.89	0	0.00900	21
ca-CondMat.mtx.hgr.random100	reduce2	23133	23133	8.08	8110	9246	5.21	2523	0.02276	21
ca-CondMat.mtx.hgr.random100	reduce3	23133	23133	8.08	23133	18554	9.53	0	0.02029	21
ca-CondMat.mtx.hgr.random100	reduce4	23133	23133	8.08	4743	5204	4.14	2470	0.04116	21
ca-CondMat.mtx.hgr.random100	reduce5	23133	23133	8.08	4124	3667	2.06	1781	0.16883	21
ca-CondMat.mtx.hgr.random100	reduce6	23133	23133	8.08	8062	9246	5.21	2571	0.19439	21
ca-CondMat.mtx.hgr.random100	reduce7	23133	23133	8.08	4057	0	0.00	0	0.31969	21
ca-CondMat.mtx.hgr.random100	reduce8	23133	23133	8.08	0	0	0.00	4057	0.03468	21
ca-CondMat.mtx.hgr.random100	reduce9	23133	23133	8.08	0	0	0.00	4057	0.03256	21
ca-CondMat.mtx.hgr.random100	reduce10	23133	23133	8.08	0	0	0.00	4057	0.05521	21
c-64.mtx.hgr.random100	reduce7	51035	51035	14.07	35549	25148	13.90	0	87.12730	1
ca-CondMat.mtx.hgr.random100	reduce11	23133	23133	8.08	0	0	0.00	4057	0.03579	21
ca-CondMat.mtx.hgr.random100	reduce12	23133	23133	8.08	0	0	0.00	4057	0.03283	21
ca-CondMat.mtx.hgr.random100	reduce13	23133	23133	8.08	0	0	0.00	4057	0.03374	21
ca-CondMat.mtx.hgr.random100	reduce14	23133	23133	8.08	0	0	0.00	4057	0.03155	21
ca-CondMat.mtx.hgr.random100	reduce15	23133	23133	8.08	0	0	0.00	4057	0.03164	21
ca-CondMat.mtx.hgr.random100	reduce1	23133	23133	8.08	23133	20760	8.89	0	0.00892	203
ca-CondMat.mtx.hgr.random100	reduce2	23133	23133	8.08	8110	9246	5.21	2523	0.02097	203
ca-CondMat.mtx.hgr.random100	reduce3	23133	23133	8.08	23133	18554	9.53	0	0.02074	203
ca-CondMat.mtx.hgr.random100	reduce4	23133	23133	8.08	4743	5204	4.14	2470	0.04112	203
ca-CondMat.mtx.hgr.random100	reduce5	23133	23133	8.08	4124	3667	2.06	1781	0.17126	203
ca-CondMat.mtx.hgr.random100	reduce6	23133	23133	8.08	8062	9246	5.21	2571	0.19697	203
ca-CondMat.mtx.hgr.random100	reduce7	23133	23133	8.08	4057	0	0.00	0	0.32051	203
ca-CondMat.mtx.hgr.random100	reduce8	23133	23133	8.08	0	0	0.00	4057	0.03174	203
ca-CondMat.mtx.hgr.random100	reduce9	23133	23133	8.08	0	0	0.00	4057	0.03257	203
ca-CondMat.mtx.hgr.random100	reduce10	23133	23133	8.08	0	0	0.00	4057	0.05730	203
ca-CondMat.mtx.hgr.random100	reduce11	23133	23133	8.08	0	0	0.00	4057	0.03641	203
ca-CondMat.mtx.hgr.random100	reduce12	23133	23133	8.08	0	0	0.00	4057	0.03066	203
ca-CondMat.mtx.hgr.random100	reduce13	23133	23133	8.08	0	0	0.00	4057	0.03429	203
c-64.mtx.hgr.random100	reduce7	51035	51035	14.07	35549	25148	13.90	0	90.16148	21
ca-CondMat.mtx.hgr.random100	reduce14	23133	23133	8.08	0	0	0.00	4057	0.03173	203
ca-CondMat.mtx.hgr.random100	reduce15	23133	23133	8.08	0	0	0.00	4057	0.02929	203
ca-CondMat.mtx.hgr.random100	reduce1	23133	23133	8.08	23133	20760	8.89	0	0.01060	1002
ca-CondMat.mtx.hgr.random100	reduce2	23133	23133	8.08	8110	9246	5.21	2523	0.02076	1002
ca-CondMat.mtx.hgr.random100	reduce3	23133	23133	8.08	23133	18554	9.53	0	0.02137	1002
ca-CondMat.mtx.hgr.random100	reduce4	23133	23133	8.08	4743	5204	4.14	2470	0.04094	1002
ca-CondMat.mtx.hgr.random100	reduce5	23133	23133	8.08	4124	3667	2.06	1781	0.17248	1002
ca-CondMat.mtx.hgr.random100	reduce6	23133	23133	8.08	8062	9246	5.21	2571	0.19628	1002
ca-CondMat.mtx.hgr.random100	reduce7	23133	23133	8.08	4057	0	0.00	0	0.32085	1002
ca-CondMat.mtx.hgr.random100	reduce8	23133	23133	8.08	0	0	0.00	4057	0.03178	1002
ca-CondMat.mtx.hgr.random100	reduce9	23133	23133	8.08	0	0	0.00	4057	0.03241	1002
ca-CondMat.mtx.hgr.random100	reduce10	23133	23133	8.08	0	0	0.00	4057	0.05706	1002
ca-CondMat.mtx.hgr.random100	reduce11	23133	23133	8.08	0	0	0.00	4057	0.03588	1002
ca-CondMat.mtx.hgr.random100	reduce12	23133	23133	8.08	0	0	0.00	4057	0.03271	1002
ca-CondMat.mtx.hgr.random100	reduce13	23133	23133	8.08	0	0	0.00	4057	0.03363	1002
ca-CondMat.mtx.hgr.random100	reduce14	23133	23133	8.08	0	0	0.00	4057	0.03160	1002
c-64.mtx.hgr.random100	reduce7	51035	51035	14.07	35549	25148	13.90	0	91.50502	203
ca-CondMat.mtx.hgr.random100	reduce15	23133	23133	8.08	0	0	0.00	4057	0.03126	1002
case39.mtx.hgr.random100.rendered	reduce1	40216	40216	25.91	40216	40215	25.91	0	0.02456	1
case39.mtx.hgr.random100.rendered	reduce2	40216	40216	25.91	40215	40215	25.91	1	0.02589	1
case39.mtx.hgr.random100.rendered	reduce3	40216	40216	25.91	40216	20078	47.87	0	0.02905	1
case39.mtx.hgr.random100.rendered	reduce8	40216	40216	25.91	0	0	0.00	10017	0.28383	1
case39.mtx.hgr.random100.rendered	reduce9	40216	40216	25.91	0	0	0.00	10017	0.25965	1
case39.mtx.hgr.random100.rendered	reduce4	40216	40216	25.91	86	176	6.62	10000	9.21053	1
case39.mtx.hgr.random100.rendered	reduce12	40216	40216	25.91	0	0	0.00	10017	0.29706	1
case39.mtx.hgr.random100.rendered	reduce13	40216	40216	25.91	0	0	0.00	10017	0.28196	1
case39.mtx.hgr.random100.rendered	reduce14	40216	40216	25.91	0	0	0.00	10017	0.27724	1
c-64.mtx.hgr.random100	reduce7	51035	51035	14.07	35549	25148	13.90	0	91.65921	1002
case39.mtx.hgr.random100.rendered	reduce15	40216	40216	25.91	0	0	0.00	10017	0.27833	1
case39.mtx.hgr.random100.rendered	reduce1	40216	40216	25.91	40216	40215	25.91	0	0.02555	21
case39.mtx.hgr.random100.rendered	reduce2	40216	40216	25.91	40215	40215	25.91	1	0.02492	21
case39.mtx.hgr.random100.rendered	reduce3	40216	40216	25.91	40216	20078	47.87	0	0.02947	21
case39.mtx.hgr.random100.rendered	reduce8	40216	40216	25.91	0	0	0.00	10017	0.28090	21
case39.mtx.hgr.random100.rendered	reduce10	40216	40216	25.91	0	0	0.00	10017	14.93600	1
case39.mtx.hgr.random100.rendered	reduce9	40216	40216	25.91	0	0	0.00	10017	0.27575	21
case39.mtx.hgr.random100.rendered	reduce11	40216	40216	25.91	0	0	0.00	10017	15.50377	1
case39.mtx.hgr.random100.rendered	reduce12	40216	40216	25.91	0	0	0.00	10017	0.27486	21
case39.mtx.hgr.random100.rendered	reduce4	40216	40216	25.91	86	176	6.62	10000	9.93590	21
case39.mtx.hgr.random100.rendered	reduce13	40216	40216	25.91	0	0	0.00	10017	0.28182	21
case39.mtx.hgr.random100.rendered	reduce14	40216	40216	25.91	0	0	0.00	10017	0.28163	21
case39.mtx.hgr.random100.rendered	reduce15	40216	40216	25.91	0	0	0.00	10017	0.28713	21
case39.mtx.hgr.random100.rendered	reduce6	40216	40216	25.91	40215	40215	25.91	1	26.82388	1
case39.mtx.hgr.random100.rendered	reduce1	40216	40216	25.91	40216	40215	25.91	0	0.02678	203
case39.mtx.hgr.random100.rendered	reduce2	40216	40216	25.91	40215	40215	25.91	1	0.02675	203
case39.mtx.hgr.random100.rendered	reduce3	40216	40216	25.91	40216	20078	47.87	0	0.03212	203
case39.mtx.hgr.random100.rendered	reduce10	40216	40216	25.91	0	0	0.00	10017	14.92992	21
case39.mtx.hgr.random100.rendered	reduce8	40216	40216	25.91	0	0	0.00	10017	0.28850	203
case39.mtx.hgr.random100.rendered	reduce9	40216	40216	25.91	0	0	0.00	10017	0.27026	203
case39.mtx.hgr.random100.rendered	reduce11	40216	40216	25.91	0	0	0.00	10017	15.60750	21
case39.mtx.hgr.random100.rendered	reduce4	40216	40216	25.91	86	176	6.62	10000	9.32112	203
case39.mtx.hgr.random100.rendered	reduce6	40216	40216	25.91	40215	40215	25.91	1	23.10663	21
case39.mtx.hgr.random100.rendered	reduce12	40216	40216	25.91	0	0	0.00	10017	0.28759	203
case39.mtx.hgr.random100.rendered	reduce13	40216	40216	25.91	0	0	0.00	10017	0.28256	203
case39.mtx.hgr.random100.rendered	reduce14	40216	40216	25.91	0	0	0.00	10017	0.27681	203
case39.mtx.hgr.random100.rendered	reduce15	40216	40216	25.91	0	0	0.00	10017	0.27882	203
case39.mtx.hgr.random100.rendered	reduce1	40216	40216	25.91	40216	40215	25.91	0	0.02641	1002
case39.mtx.hgr.random100.rendered	reduce2	40216	40216	25.91	40215	40215	25.91	1	0.02556	1002
case39.mtx.hgr.random100.rendered	reduce3	40216	40216	25.91	40216	20078	47.87	0	0.02997	1002
case39.mtx.hgr.random100.rendered	reduce10	40216	40216	25.91	0	0	0.00	10017	15.06910	203
case39.mtx.hgr.random100.rendered	reduce11	40216	40216	25.91	0	0	0.00	10017	15.62290	203
case39.mtx.hgr.random100.rendered	reduce8	40216	40216	25.91	0	0	0.00	10017	0.28462	1002
case39.mtx.hgr.random100.rendered	reduce9	40216	40216	25.91	0	0	0.00	10017	0.27370	1002
case39.mtx.hgr.random100.rendered	reduce6	40216	40216	25.91	40215	40215	25.91	1	23.01168	203
case39.mtx.hgr.random100.rendered	reduce4	40216	40216	25.91	86	176	6.62	10000	9.33436	1002
case39.mtx.hgr.random100.rendered	reduce12	40216	40216	25.91	0	0	0.00	10017	0.28707	1002
case39.mtx.hgr.random100.rendered	reduce13	40216	40216	25.91	0	0	0.00	10017	0.28454	1002
case39.mtx.hgr.random100.rendered	reduce14	40216	40216	25.91	0	0	0.00	10017	0.28011	1002
case39.mtx.hgr.random100.rendered	reduce7	40216	40216	25.91	40146	40183	25.91	0	60.42010	1
case39.mtx.hgr.random100.rendered	reduce15	40216	40216	25.91	0	0	0.00	10017	0.27816	1002
Chebyshev4.mtx.hgr.random100.rendered	reduce1	68121	68121	78.94	0	0	0.00	1	0.08825	1
Chebyshev4.mtx.hgr.random100.rendered	reduce2	68121	68121	78.94	68121	68121	78.94	0	0.12364	1
Chebyshev4.mtx.hgr.random100.rendered	reduce3	68121	68121	78.94	68121	1	68121.00	0	2.33794	1
case39.mtx.hgr.random100.rendered	reduce10	40216	40216	25.91	0	0	0.00	10017	15.08826	1002
case39.mtx.hgr.random100.rendered	reduce6	40216	40216	25.91	40215	40215	25.91	1	22.59095	1002
case39.mtx.hgr.random100.rendered	reduce11	40216	40216	25.91	0	0	0.00	10017	15.74178	1002
Chebyshev4.mtx.hgr.random100.rendered	reduce8	68121	68121	78.94	0	0	0.00	1	0.10825	1
Chebyshev4.mtx.hgr.random100.rendered	reduce9	68121	68121	78.94	0	0	0.00	1	2.37589	1
Chebyshev4.mtx.hgr.random100.rendered	reduce10	68121	68121	78.94	0	0	0.00	1	0.10802	1
case39.mtx.hgr.random100.rendered	reduce7	40216	40216	25.91	40146	40183	25.91	0	62.32071	21
Chebyshev4.mtx.hgr.random100.rendered	reduce11	68121	68121	78.94	0	0	0.00	1	0.10948	1
c-64.mtx.hgr.random100	reduce5	51035	51035	14.07	21676	22818	11.22	1093	216.29105	1
Chebyshev4.mtx.hgr.random100.rendered	reduce12	68121	68121	78.94	0	0	0.00	1	0.10476	1
Chebyshev4.mtx.hgr.random100.rendered	reduce13	68121	68121	78.94	0	0	0.00	1	0.11265	1
Chebyshev4.mtx.hgr.random100.rendered	reduce14	68121	68121	78.94	0	0	0.00	1	0.09929	1
Chebyshev4.mtx.hgr.random100.rendered	reduce15	68121	68121	78.94	0	0	0.00	1	0.10651	1
Chebyshev4.mtx.hgr.random100.rendered	reduce1	68121	68121	78.94	0	0	0.00	1	0.09917	21
Chebyshev4.mtx.hgr.random100.rendered	reduce2	68121	68121	78.94	68121	68121	78.94	0	0.14478	21
Chebyshev4.mtx.hgr.random100.rendered	reduce3	68121	68121	78.94	68121	1	68121.00	0	2.32673	21
case39.mtx.hgr.random100.rendered	reduce7	40216	40216	25.91	40146	40183	25.91	0	62.10345	203
Chebyshev4.mtx.hgr.random100.rendered	reduce4	68121	68121	78.94	62001	68085	72.71	0	30.34581	1
Chebyshev4.mtx.hgr.random100.rendered	reduce8	68121	68121	78.94	0	0	0.00	1	0.09991	21
Chebyshev4.mtx.hgr.random100.rendered	reduce9	68121	68121	78.94	0	0	0.00	1	2.37096	21
Chebyshev4.mtx.hgr.random100.rendered	reduce10	68121	68121	78.94	0	0	0.00	1	0.09937	21
Chebyshev4.mtx.hgr.random100.rendered	reduce11	68121	68121	78.94	0	0	0.00	1	0.09173	21
c-64.mtx.hgr.random100	reduce5	51035	51035	14.07	21676	22818	11.22	1093	222.31414	21
Chebyshev4.mtx.hgr.random100.rendered	reduce12	68121	68121	78.94	0	0	0.00	1	0.08955	21
Chebyshev4.mtx.hgr.random100.rendered	reduce13	68121	68121	78.94	0	0	0.00	1	0.08644	21
c-64.mtx.hgr.random100	reduce5	51035	51035	14.07	21676	22818	11.22	1093	208.24020	203
Chebyshev4.mtx.hgr.random100.rendered	reduce14	68121	68121	78.94	0	0	0.00	1	0.08049	21
Chebyshev4.mtx.hgr.random100.rendered	reduce15	68121	68121	78.94	0	0	0.00	1	0.07979	21
Chebyshev4.mtx.hgr.random100.rendered	reduce1	68121	68121	78.94	0	0	0.00	1	0.07152	203
Chebyshev4.mtx.hgr.random100.rendered	reduce2	68121	68121	78.94	68121	68121	78.94	0	0.12246	203
Chebyshev4.mtx.hgr.random100.rendered	reduce3	68121	68121	78.94	68121	1	68121.00	0	2.31669	203
case39.mtx.hgr.random100.rendered	reduce7	40216	40216	25.91	40146	40183	25.91	0	61.63019	1002
Chebyshev4.mtx.hgr.random100.rendered	reduce4	68121	68121	78.94	62001	68085	72.71	0	30.35031	21
Chebyshev4.mtx.hgr.random100.rendered	reduce8	68121	68121	78.94	0	0	0.00	1	0.08580	203
Chebyshev4.mtx.hgr.random100.rendered	reduce9	68121	68121	78.94	0	0	0.00	1	2.36766	203
Chebyshev4.mtx.hgr.random100.rendered	reduce10	68121	68121	78.94	0	0	0.00	1	0.08504	203
Chebyshev4.mtx.hgr.random100.rendered	reduce11	68121	68121	78.94	0	0	0.00	1	0.08427	203
c-64.mtx.hgr.random100	reduce5	51035	51035	14.07	21676	22818	11.22	1093	210.41906	1002
Chebyshev4.mtx.hgr.random100.rendered	reduce12	68121	68121	78.94	0	0	0.00	1	0.08364	203
Chebyshev4.mtx.hgr.random100.rendered	reduce13	68121	68121	78.94	0	0	0.00	1	0.08291	203
Chebyshev4.mtx.hgr.random100.rendered	reduce14	68121	68121	78.94	0	0	0.00	1	0.08019	203
Chebyshev4.mtx.hgr.random100.rendered	reduce15	68121	68121	78.94	0	0	0.00	1	0.07683	203
Chebyshev4.mtx.hgr.random100.rendered	reduce1	68121	68121	78.94	0	0	0.00	1	0.07116	1002
Chebyshev4.mtx.hgr.random100.rendered	reduce2	68121	68121	78.94	68121	68121	78.94	0	0.12118	1002
Chebyshev4.mtx.hgr.random100.rendered	reduce3	68121	68121	78.94	68121	1	68121.00	0	2.31626	1002
Chebyshev4.mtx.hgr.random100.rendered	reduce4	68121	68121	78.94	62001	68085	72.71	0	30.39599	203
Chebyshev4.mtx.hgr.random100.rendered	reduce4	68121	68121	78.94	62001	68085	72.71	0	30.36502	1002
Chebyshev4.mtx.hgr.random100.rendered	reduce7	68121	68121	78.94	1	0	0.00	0	214.59507	1
Chebyshev4.mtx.hgr.random100.rendered	reduce8	68121	68121	78.94	0	0	0.00	1	0.08196	1002
Chebyshev4.mtx.hgr.random100.rendered	reduce9	68121	68121	78.94	0	0	0.00	1	2.36159	1002
Chebyshev4.mtx.hgr.random100.rendered	reduce10	68121	68121	78.94	0	0	0.00	1	0.08151	1002
Chebyshev4.mtx.hgr.random100.rendered	reduce11	68121	68121	78.94	0	0	0.00	1	0.08129	1002
Chebyshev4.mtx.hgr.random100.rendered	reduce12	68121	68121	78.94	0	0	0.00	1	0.08134	1002
Chebyshev4.mtx.hgr.random100.rendered	reduce13	68121	68121	78.94	0	0	0.00	1	0.08139	1002
Chebyshev4.mtx.hgr.random100.rendered	reduce14	68121	68121	78.94	0	0	0.00	1	0.07722	1002
Chebyshev4.mtx.hgr.random100.rendered	reduce15	68121	68121	78.94	0	0	0.00	1	0.07738	1002
Chem97Zt.mtx.hgr.random100.rendered	reduce1	31022	2541	24.42	31022	2379	26.01	0	0.00553	1
Chem97Zt.mtx.hgr.random100.rendered	reduce2	31022	2541	24.42	31022	2379	26.01	0	0.00608	1
Chem97Zt.mtx.hgr.random100.rendered	reduce3	31022	2541	24.42	31022	131	236.81	0	0.00623	1
Chem97Zt.mtx.hgr.random100.rendered	reduce4	31022	2541	24.42	0	0	0.00	131	0.04382	1
Chem97Zt.mtx.hgr.random100.rendered	reduce5	31022	2541	24.42	262	132	2.00	0	0.82027	1
Chem97Zt.mtx.hgr.random100.rendered	reduce6	31022	2541	24.42	31022	2379	26.01	0	0.28491	1
Chem97Zt.mtx.hgr.random100.rendered	reduce7	31022	2541	24.42	131	0	0.00	0	0.14498	1
Chem97Zt.mtx.hgr.random100.rendered	reduce8	31022	2541	24.42	0	0	0.00	131	0.01461	1
Chem97Zt.mtx.hgr.random100.rendered	reduce9	31022	2541	24.42	0	0	0.00	131	0.01456	1
Chem97Zt.mtx.hgr.random100.rendered	reduce10	31022	2541	24.42	0	0	0.00	131	0.06385	1
Chebyshev4.mtx.hgr.random100.rendered	reduce5	68121	68121	78.94	68121	68121	78.94	0	194.37319	203
Chem97Zt.mtx.hgr.random100.rendered	reduce11	31022	2541	24.42	0	0	0.00	131	0.02593	1
Chebyshev4.mtx.hgr.random100.rendered	reduce6	68121	68121	78.94	68121	68121	78.94	0	238.00637	1
Chem97Zt.mtx.hgr.random100.rendered	reduce12	31022	2541	24.42	0	0	0.00	131	0.01306	1
Chebyshev4.mtx.hgr.random100.rendered	reduce5	68121	68121	78.94	68121	68121	78.94	0	221.25943	21
Chebyshev4.mtx.hgr.random100.rendered	reduce7	68121	68121	78.94	1	0	0.00	0	216.02208	21
Chem97Zt.mtx.hgr.random100.rendered	reduce13	31022	2541	24.42	0	0	0.00	131	0.01310	1
Chem97Zt.mtx.hgr.random100.rendered	reduce14	31022	2541	24.42	0	0	0.00	131	0.01027	1
Chem97Zt.mtx.hgr.random100.rendered	reduce15	31022	2541	24.42	0	0	0.00	131	0.00920	1
Chem97Zt.mtx.hgr.random100.rendered	reduce1	31022	2541	24.42	31022	2379	26.01	0	0.00575	21
Chem97Zt.mtx.hgr.random100.rendered	reduce2	31022	2541	24.42	31022	2379	26.01	0	0.00600	21
Chebyshev4.mtx.hgr.random100.rendered	reduce5	68121	68121	78.94	68121	68121	78.94	0	247.27339	1
Chem97Zt.mtx.hgr.random100.rendered	reduce3	31022	2541	24.42	31022	131	236.81	0	0.00632	21
Chem97Zt.mtx.hgr.random100.rendered	reduce4	31022	2541	24.42	0	0	0.00	131	0.04449	21
Chem97Zt.mtx.hgr.random100.rendered	reduce5	31022	2541	24.42	262	132	2.00	0	0.82201	21
Chem97Zt.mtx.hgr.random100.rendered	reduce6	31022	2541	24.42	31022	2379	26.01	0	0.30136	21
Chem97Zt.mtx.hgr.random100.rendered	reduce7	31022	2541	24.42	131	0	0.00	0	0.14356	21
Chem97Zt.mtx.hgr.random100.rendered	reduce8	31022	2541	24.42	0	0	0.00	131	0.01369	21
Chem97Zt.mtx.hgr.random100.rendered	reduce9	31022	2541	24.42	0	0	0.00	131	0.01436	21
Chem97Zt.mtx.hgr.random100.rendered	reduce10	31022	2541	24.42	0	0	0.00	131	0.06390	21
Chem97Zt.mtx.hgr.random100.rendered	reduce11	31022	2541	24.42	0	0	0.00	131	0.02555	21
Chem97Zt.mtx.hgr.random100.rendered	reduce12	31022	2541	24.42	0	0	0.00	131	0.01294	21
Chem97Zt.mtx.hgr.random100.rendered	reduce13	31022	2541	24.42	0	0	0.00	131	0.01316	21
Chebyshev4.mtx.hgr.random100.rendered	reduce5	68121	68121	78.94	68121	68121	78.94	0	194.77187	1002
Chem97Zt.mtx.hgr.random100.rendered	reduce14	31022	2541	24.42	0	0	0.00	131	0.00976	21
Chem97Zt.mtx.hgr.random100.rendered	reduce15	31022	2541	24.42	0	0	0.00	131	0.00891	21
Chem97Zt.mtx.hgr.random100.rendered	reduce1	31022	2541	24.42	31022	2379	26.01	0	0.00587	203
Chebyshev4.mtx.hgr.random100.rendered	reduce7	68121	68121	78.94	1	0	0.00	0	218.26950	203
Chem97Zt.mtx.hgr.random100.rendered	reduce2	31022	2541	24.42	31022	2379	26.01	0	0.00619	203
Chem97Zt.mtx.hgr.random100.rendered	reduce3	31022	2541	24.42	31022	131	236.81	0	0.00620	203
Chem97Zt.mtx.hgr.random100.rendered	reduce4	31022	2541	24.42	0	0	0.00	131	0.04405	203
Chem97Zt.mtx.hgr.random100.rendered	reduce5	31022	2541	24.42	262	132	2.00	0	0.81046	203
Chem97Zt.mtx.hgr.random100.rendered	reduce6	31022	2541	24.42	31022	2379	26.01	0	0.27553	203
Chem97Zt.mtx.hgr.random100.rendered	reduce7	31022	2541	24.42	131	0	0.00	0	0.14184	203
case39.mtx.hgr.random100.rendered	reduce5	40216	40216	25.91	10041	20119	11.45	1	325.86863	21
Chem97Zt.mtx.hgr.random100.rendered	reduce8	31022	2541	24.42	0	0	0.00	131	0.01345	203
Chem97Zt.mtx.hgr.random100.rendered	reduce9	31022	2541	24.42	0	0	0.00	131	0.01434	203
Chem97Zt.mtx.hgr.random100.rendered	reduce10	31022	2541	24.42	0	0	0.00	131	0.06349	203
Chem97Zt.mtx.hgr.random100.rendered	reduce11	31022	2541	24.42	0	0	0.00	131	0.02531	203
Chem97Zt.mtx.hgr.random100.rendered	reduce12	31022	2541	24.42	0	0	0.00	131	0.01304	203
Chem97Zt.mtx.hgr.random100.rendered	reduce13	31022	2541	24.42	0	0	0.00	131	0.01301	203
Chebyshev4.mtx.hgr.random100.rendered	reduce6	68121	68121	78.94	68121	68121	78.94	0	230.80762	203
Chem97Zt.mtx.hgr.random100.rendered	reduce14	31022	2541	24.42	0	0	0.00	131	0.00940	203
Chem97Zt.mtx.hgr.random100.rendered	reduce15	31022	2541	24.42	0	0	0.00	131	0.00910	203
Chem97Zt.mtx.hgr.random100.rendered	reduce1	31022	2541	24.42	31022	2379	26.01	0	0.00649	1002
Chem97Zt.mtx.hgr.random100.rendered	reduce2	31022	2541	24.42	31022	2379	26.01	0	0.00600	1002
Chem97Zt.mtx.hgr.random100.rendered	reduce3	31022	2541	24.42	31022	131	236.81	0	0.00622	1002
Chem97Zt.mtx.hgr.random100.rendered	reduce4	31022	2541	24.42	0	0	0.00	131	0.04430	1002
Chem97Zt.mtx.hgr.random100.rendered	reduce5	31022	2541	24.42	262	132	2.00	0	0.81507	1002
Chem97Zt.mtx.hgr.random100.rendered	reduce6	31022	2541	24.42	31022	2379	26.01	0	0.29743	1002
Chem97Zt.mtx.hgr.random100.rendered	reduce7	31022	2541	24.42	131	0	0.00	0	0.14253	1002
Chem97Zt.mtx.hgr.random100.rendered	reduce8	31022	2541	24.42	0	0	0.00	131	0.01351	1002
Chem97Zt.mtx.hgr.random100.rendered	reduce9	31022	2541	24.42	0	0	0.00	131	0.01455	1002
Chem97Zt.mtx.hgr.random100.rendered	reduce10	31022	2541	24.42	0	0	0.00	131	0.06437	1002
case39.mtx.hgr.random100.rendered	reduce5	40216	40216	25.91	10041	20119	11.45	1	329.60924	203
Chem97Zt.mtx.hgr.random100.rendered	reduce11	31022	2541	24.42	0	0	0.00	131	0.02635	1002
Chem97Zt.mtx.hgr.random100.rendered	reduce12	31022	2541	24.42	0	0	0.00	131	0.01305	1002
Chebyshev4.mtx.hgr.random100.rendered	reduce6	68121	68121	78.94	68121	68121	78.94	0	269.82567	21
Chem97Zt.mtx.hgr.random100.rendered	reduce13	31022	2541	24.42	0	0	0.00	131	0.01301	1002
Chem97Zt.mtx.hgr.random100.rendered	reduce14	31022	2541	24.42	0	0	0.00	131	0.00950	1002
Chem97Zt.mtx.hgr.random100.rendered	reduce15	31022	2541	24.42	0	0	0.00	131	0.00897	1002
crystk02.mtx.hgr.random100.lg.metis	reduce1	1955868	13965	280.11	1955868	13965	280.11	0	0.20823	1
crystk02.mtx.hgr.random100.lg.metis	reduce2	1955868	13965	280.11	13965	13965	280.11	1941903	0.14510	1
crystk02.mtx.hgr.random100.lg.metis	reduce3	1955868	13965	280.11	1955868	13965	280.11	0	0.36737	1
crystk02.mtx.hgr.random100.lg.metis	reduce4	1955868	13965	280.11	13965	13965	280.11	1941903	0.37620	1
case39.mtx.hgr.random100.rendered	reduce5	40216	40216	25.91	10041	20119	11.45	1	374.38865	1
crystk02.mtx.hgr.random100.lg.metis	reduce6	1955868	13965	280.11	13965	13965	280.11	1941903	0.36855	1
crystk02.mtx.hgr.random100.lg.metis	reduce5	1955868	13965	280.11	73	5000	2.00	1941918	4.62110	1
crystk02.mtx.hgr.random100.lg.metis	reduce7	1955868	13965	280.11	1955868	13965	280.11	0	2.80163	1
Chebyshev4.mtx.hgr.random100.rendered	reduce6	68121	68121	78.94	68121	68121	78.94	0	232.07498	1002
Chebyshev4.mtx.hgr.random100.rendered	reduce7	68121	68121	78.94	1	0	0.00	0	213.89794	1002
crystk02.mtx.hgr.random100.lg.metis	reduce8	1955868	13965	280.11	0	0	0.00	1941959	7.72848	1
crystk02.mtx.hgr.random100.lg.metis	reduce9	1955868	13965	280.11	0	0	0.00	1941959	7.25206	1
crystk02.mtx.hgr.random100.lg.metis	reduce13	1955868	13965	280.11	13965	13965	280.11	1941903	3.09464	1
crystk02.mtx.hgr.random100.lg.metis	reduce1	1955868	13965	280.11	1955868	13965	280.11	0	0.20580	21
crystk02.mtx.hgr.random100.lg.metis	reduce2	1955868	13965	280.11	13965	13965	280.11	1941903	0.14750	21
crystk02.mtx.hgr.random100.lg.metis	reduce10	1955868	13965	280.11	0	0	0.00	1941959	8.35321	1
crystk02.mtx.hgr.random100.lg.metis	reduce11	1955868	13965	280.11	0	0	0.00	1941959	7.04299	1
crystk02.mtx.hgr.random100.lg.metis	reduce3	1955868	13965	280.11	1955868	13965	280.11	0	0.37100	21
crystk02.mtx.hgr.random100.lg.metis	reduce12	1955868	13965	280.11	0	0	0.00	1941959	6.81953	1
crystk02.mtx.hgr.random100.lg.metis	reduce4	1955868	13965	280.11	13965	13965	280.11	1941903	0.38130	21
crystk02.mtx.hgr.random100.lg.metis	reduce14	1955868	13965	280.11	0	0	0.00	1941959	7.20607	1
crystk02.mtx.hgr.random100.lg.metis	reduce15	1955868	13965	280.11	0	0	0.00	1941959	6.03323	1
crystk02.mtx.hgr.random100.lg.metis	reduce6	1955868	13965	280.11	13965	13965	280.11	1941903	0.36875	21
crystk02.mtx.hgr.random100.lg.metis	reduce5	1955868	13965	280.11	73	5000	2.00	1941918	4.51082	21
crystk02.mtx.hgr.random100.lg.metis	reduce7	1955868	13965	280.11	1955868	13965	280.11	0	2.78899	21
crystk02.mtx.hgr.random100.lg.metis	reduce8	1955868	13965	280.11	0	0	0.00	1941959	7.68817	21
crystk02.mtx.hgr.random100.lg.metis	reduce9	1955868	13965	280.11	0	0	0.00	1941959	7.23417	21
crystk02.mtx.hgr.random100.lg.metis	reduce13	1955868	13965	280.11	13965	13965	280.11	1941903	3.09696	21
crystk02.mtx.hgr.random100.lg.metis	reduce1	1955868	13965	280.11	1955868	13965	280.11	0	0.21085	203
crystk02.mtx.hgr.random100.lg.metis	reduce11	1955868	13965	280.11	0	0	0.00	1941959	7.11266	21
crystk02.mtx.hgr.random100.lg.metis	reduce2	1955868	13965	280.11	13965	13965	280.11	1941903	0.14759	203
crystk02.mtx.hgr.random100.lg.metis	reduce10	1955868	13965	280.11	0	0	0.00	1941959	8.26566	21
crystk02.mtx.hgr.random100.lg.metis	reduce12	1955868	13965	280.11	0	0	0.00	1941959	6.71380	21
crystk02.mtx.hgr.random100.lg.metis	reduce3	1955868	13965	280.11	1955868	13965	280.11	0	0.37539	203
crystk02.mtx.hgr.random100.lg.metis	reduce4	1955868	13965	280.11	13965	13965	280.11	1941903	0.38086	203
crystk02.mtx.hgr.random100.lg.metis	reduce15	1955868	13965	280.11	0	0	0.00	1941959	6.02772	21
crystk02.mtx.hgr.random100.lg.metis	reduce14	1955868	13965	280.11	0	0	0.00	1941959	7.21120	21
crystk02.mtx.hgr.random100.lg.metis	reduce6	1955868	13965	280.11	13965	13965	280.11	1941903	0.36936	203
case39.mtx.hgr.random100.rendered	reduce5	40216	40216	25.91	10041	20119	11.45	1	360.19560	1002
crystk02.mtx.hgr.random100.lg.metis	reduce5	1955868	13965	280.11	73	5000	2.00	1941918	4.61356	203
crystk02.mtx.hgr.random100.lg.metis	reduce7	1955868	13965	280.11	1955868	13965	280.11	0	2.79609	203
crystk02.mtx.hgr.random100.lg.metis	reduce8	1955868	13965	280.11	0	0	0.00	1941959	7.80743	203
crystk02.mtx.hgr.random100.lg.metis	reduce9	1955868	13965	280.11	0	0	0.00	1941959	7.23153	203
crystk02.mtx.hgr.random100.lg.metis	reduce13	1955868	13965	280.11	13965	13965	280.11	1941903	3.11515	203
crystk02.mtx.hgr.random100.lg.metis	reduce1	1955868	13965	280.11	1955868	13965	280.11	0	0.20922	1002
crystk02.mtx.hgr.random100.lg.metis	reduce2	1955868	13965	280.11	13965	13965	280.11	1941903	0.14631	1002
crystk02.mtx.hgr.random100.lg.metis	reduce11	1955868	13965	280.11	0	0	0.00	1941959	7.09769	203
crystk02.mtx.hgr.random100.lg.metis	reduce10	1955868	13965	280.11	0	0	0.00	1941959	8.33856	203
crystk02.mtx.hgr.random100.lg.metis	reduce3	1955868	13965	280.11	1955868	13965	280.11	0	0.37172	1002
crystk02.mtx.hgr.random100.lg.metis	reduce12	1955868	13965	280.11	0	0	0.00	1941959	6.76448	203
crystk02.mtx.hgr.random100.lg.metis	reduce4	1955868	13965	280.11	13965	13965	280.11	1941903	0.38827	1002
crystk02.mtx.hgr.random100.lg.metis	reduce15	1955868	13965	280.11	0	0	0.00	1941959	6.14002	203
crystk02.mtx.hgr.random100.lg.metis	reduce14	1955868	13965	280.11	0	0	0.00	1941959	7.21298	203
crystk02.mtx.hgr.random100.lg.metis	reduce6	1955868	13965	280.11	13965	13965	280.11	1941903	0.36856	1002
crystk02.mtx.hgr.random100.lg.metis	reduce5	1955868	13965	280.11	73	5000	2.00	1941918	4.51916	1002
crystk02.mtx.hgr.random100.lg.metis	reduce7	1955868	13965	280.11	1955868	13965	280.11	0	2.79993	1002
crystk02.mtx.hgr.random100.lg.metis	reduce8	1955868	13965	280.11	0	0	0.00	1941959	7.79436	1002
crystk02.mtx.hgr.random100.lg.metis	reduce13	1955868	13965	280.11	13965	13965	280.11	1941903	3.12082	1002
crystk02.mtx.hgr.random100.lg.metis	reduce9	1955868	13965	280.11	0	0	0.00	1941959	7.24336	1002
dac2012_superblue11.hgr.random100	reduce1	952507	935731	3.28	952507	935664	3.28	0	0.17588	1
crystk02.mtx.hgr.random100.lg.metis	reduce11	1955868	13965	280.11	0	0	0.00	1941959	7.05576	1002
crystk02.mtx.hgr.random100.lg.metis	reduce10	1955868	13965	280.11	0	0	0.00	1941959	8.26664	1002
dac2012_superblue11.hgr.random100	reduce2	952507	935731	3.28	672417	684041	3.25	83678	0.24290	1
crystk02.mtx.hgr.random100.lg.metis	reduce12	1955868	13965	280.11	0	0	0.00	1941959	6.71089	1002
dac2012_superblue11.hgr.random100	reduce3	952507	935731	3.28	952507	907649	3.30	0	0.47836	1
dac2012_superblue11.hgr.random100	reduce4	952507	935731	3.28	465155	481105	3.09	130984	0.90941	1
crystk02.mtx.hgr.random100.lg.metis	reduce14	1955868	13965	280.11	0	0	0.00	1941959	7.38810	1002
crystk02.mtx.hgr.random100.lg.metis	reduce15	1955868	13965	280.11	0	0	0.00	1941959	6.07170	1002
dac2012_superblue11.hgr.random100	reduce6	952507	935731	3.28	746607	760427	3.25	62795	4.86827	1
dac2012_superblue11.hgr.random100	reduce5	952507	935731	3.28	690854	691109	2.87	10789	11.68217	1
dac2012_superblue11.hgr.random100	reduce1	952507	935731	3.28	952507	935664	3.28	0	0.17917	21
dac2012_superblue11.hgr.random100	reduce2	952507	935731	3.28	672417	684041	3.25	83678	0.24018	21
dac2012_superblue11.hgr.random100	reduce3	952507	935731	3.28	952507	907649	3.30	0	0.47441	21
dac2012_superblue11.hgr.random100	reduce4	952507	935731	3.28	465155	481105	3.09	130984	0.93522	21
dac2012_superblue11.hgr.random100	reduce15	952507	935731	3.28	313632	329256	2.97	167204	6.08138	1
dac2012_superblue11.hgr.random100	reduce8	952507	935731	3.28	91365	98828	2.76	230997	18.61403	1
dac2012_superblue11.hgr.random100	reduce9	952507	935731	3.28	91365	98828	2.76	230997	18.49935	1
dac2012_superblue11.hgr.random100	reduce6	952507	935731	3.28	746607	760427	3.25	62795	4.94135	21
dac2012_superblue11.hgr.random100	reduce11	952507	935731	3.28	91355	100405	2.79	231002	18.49870	1
dac2012_superblue11.hgr.random100	reduce10	952507	935731	3.28	91303	98787	2.76	231036	20.40203	1
dac2012_superblue11.hgr.random100	reduce14	952507	935731	3.28	91420	98898	2.76	230969	18.32336	1
dac2012_superblue11.hgr.random100	reduce5	952507	935731	3.28	690854	691109	2.87	10789	11.71296	21
dac2012_superblue11.hgr.random100	reduce1	952507	935731	3.28	952507	935664	3.28	0	0.17991	203
dac2012_superblue11.hgr.random100	reduce12	952507	935731	3.28	91365	98828	2.76	230997	22.09304	1
dac2012_superblue11.hgr.random100	reduce2	952507	935731	3.28	672417	684041	3.25	83678	0.24529	203
dac2012_superblue11.hgr.random100	reduce3	952507	935731	3.28	952507	907649	3.30	0	0.48006	203
dac2012_superblue11.hgr.random100	reduce4	952507	935731	3.28	465155	481105	3.09	130984	0.92609	203
dac2012_superblue11.hgr.random100	reduce13	952507	935731	3.28	92056	99526	2.75	230735	24.96674	1
dac2012_superblue11.hgr.random100	reduce15	952507	935731	3.28	313632	329256	2.97	167204	6.06436	21
dac2012_superblue11.hgr.random100	reduce8	952507	935731	3.28	91365	98828	2.76	230997	18.64851	21
dac2012_superblue11.hgr.random100	reduce6	952507	935731	3.28	746607	760427	3.25	62795	4.88252	203
dac2012_superblue11.hgr.random100	reduce9	952507	935731	3.28	91365	98828	2.76	230997	18.70262	21
dac2012_superblue11.hgr.random100	reduce11	952507	935731	3.28	91355	100405	2.79	231002	18.65203	21
dac2012_superblue11.hgr.random100	reduce10	952507	935731	3.28	91303	98787	2.76	231036	20.46390	21
dac2012_superblue11.hgr.random100	reduce14	952507	935731	3.28	91420	98898	2.76	230969	18.44787	21
dac2012_superblue11.hgr.random100	reduce5	952507	935731	3.28	690854	691109	2.87	10789	11.69378	203
dac2012_superblue11.hgr.random100	reduce1	952507	935731	3.28	952507	935664	3.28	0	0.17756	1002
dac2012_superblue11.hgr.random100	reduce12	952507	935731	3.28	91365	98828	2.76	230997	22.13035	21
dac2012_superblue11.hgr.random100	reduce2	952507	935731	3.28	672417	684041	3.25	83678	0.24633	1002
dac2012_superblue11.hgr.random100	reduce3	952507	935731	3.28	952507	907649	3.30	0	0.48140	1002
dac2012_superblue11.hgr.random100	reduce4	952507	935731	3.28	465155	481105	3.09	130984	0.92639	1002
dac2012_superblue11.hgr.random100	reduce13	952507	935731	3.28	92056	99526	2.75	230735	25.21429	21
dac2012_superblue11.hgr.random100	reduce15	952507	935731	3.28	313632	329256	2.97	167204	6.07898	203
dac2012_superblue11.hgr.random100	reduce7	952507	935731	3.28	328748	112571	2.74	0	50.62970	1
dac2012_superblue11.hgr.random100	reduce8	952507	935731	3.28	91365	98828	2.76	230997	18.60821	203
dac2012_superblue11.hgr.random100	reduce9	952507	935731	3.28	91365	98828	2.76	230997	18.54544	203
dac2012_superblue11.hgr.random100	reduce6	952507	935731	3.28	746607	760427	3.25	62795	4.73055	1002
dac2012_superblue11.hgr.random100	reduce11	952507	935731	3.28	91355	100405	2.79	231002	18.54795	203
dac2012_superblue11.hgr.random100	reduce10	952507	935731	3.28	91303	98787	2.76	231036	20.66594	203
dac2012_superblue11.hgr.random100	reduce14	952507	935731	3.28	91420	98898	2.76	230969	18.42423	203
dac2012_superblue11.hgr.random100	reduce5	952507	935731	3.28	690854	691109	2.87	10789	11.72146	1002
dac2012_superblue12.hgr.random100	reduce1	1291931	1293436	3.69	1291931	1293421	3.69	0	0.25752	1
dac2012_superblue11.hgr.random100	reduce12	952507	935731	3.28	91365	98828	2.76	230997	22.19091	203
dac2012_superblue12.hgr.random100	reduce2	1291931	1293436	3.69	996417	995559	3.70	77825	0.42854	1
dac2012_superblue12.hgr.random100	reduce3	1291931	1293436	3.69	1291931	1276396	3.71	0	1.52951	1
dac2012_superblue11.hgr.random100	reduce15	952507	935731	3.28	313632	329256	2.97	167204	6.10612	1002
dac2012_superblue11.hgr.random100	reduce13	952507	935731	3.28	92056	99526	2.75	230735	25.32875	203
dac2012_superblue12.hgr.random100	reduce4	1291931	1293436	3.69	753538	750232	3.64	126922	2.24707	1
dac2012_superblue11.hgr.random100	reduce7	952507	935731	3.28	328748	112571	2.74	0	50.73149	21
dac2012_superblue11.hgr.random100	reduce8	952507	935731	3.28	91365	98828	2.76	230997	18.59380	1002
dac2012_superblue11.hgr.random100	reduce9	952507	935731	3.28	91365	98828	2.76	230997	18.65942	1002
dac2012_superblue11.hgr.random100	reduce11	952507	935731	3.28	91355	100405	2.79	231002	18.53005	1002
dac2012_superblue11.hgr.random100	reduce10	952507	935731	3.28	91303	98787	2.76	231036	20.53008	1002
dac2012_superblue11.hgr.random100	reduce14	952507	935731	3.28	91420	98898	2.76	230969	18.56124	1002
dac2012_superblue12.hgr.random100	reduce1	1291931	1293436	3.69	1291931	1293421	3.69	0	0.25913	21
dac2012_superblue11.hgr.random100	reduce12	952507	935731	3.28	91365	98828	2.76	230997	22.21428	1002
dac2012_superblue12.hgr.random100	reduce2	1291931	1293436	3.69	996417	995559	3.70	77825	0.42202	21
dac2012_superblue12.hgr.random100	reduce3	1291931	1293436	3.69	1291931	1276396	3.71	0	1.21297	21
dac2012_superblue11.hgr.random100	reduce13	952507	935731	3.28	92056	99526	2.75	230735	25.19101	1002
dac2012_superblue12.hgr.random100	reduce4	1291931	1293436	3.69	753538	750232	3.64	126922	2.25632	21
dac2012_superblue11.hgr.random100	reduce7	952507	935731	3.28	328748	112571	2.74	0	50.72977	203
dac2012_superblue12.hgr.random100	reduce6	1291931	1293436	3.69	1246541	1252253	3.70	14444	19.52142	1
dac2012_superblue12.hgr.random100	reduce15	1291931	1293436	3.69	581546	556027	3.67	156856	23.68367	1
dac2012_superblue11.hgr.random100	reduce7	952507	935731	3.28	328748	112571	2.74	0	51.49899	1002
dac2012_superblue12.hgr.random100	reduce6	1291931	1293436	3.69	1246541	1252253	3.70	14444	20.82637	21
dac2012_superblue12.hgr.random100	reduce8	1291931	1293436	3.69	330820	307284	3.76	205677	37.89080	1
dac2012_superblue12.hgr.random100	reduce9	1291931	1293436	3.69	330820	307284	3.76	205677	38.08252	1
dac2012_superblue12.hgr.random100	reduce14	1291931	1293436	3.69	331300	307741	3.77	205632	37.31967	1
dac2012_superblue12.hgr.random100	reduce10	1291931	1293436	3.69	330868	307351	3.76	205646	45.92359	1
dac2012_superblue12.hgr.random100	reduce1	1291931	1293436	3.69	1291931	1293421	3.69	0	0.26039	203
dac2012_superblue12.hgr.random100	reduce13	1291931	1293436	3.69	330711	307182	3.76	205728	44.40316	1
dac2012_superblue12.hgr.random100	reduce11	1291931	1293436	3.69	330818	311333	3.76	205678	46.39458	1
dac2012_superblue12.hgr.random100	reduce2	1291931	1293436	3.69	996417	995559	3.70	77825	0.42580	203
dac2012_superblue12.hgr.random100	reduce3	1291931	1293436	3.69	1291931	1276396	3.71	0	1.52674	203
dac2012_superblue12.hgr.random100	reduce12	1291931	1293436	3.69	330809	307276	3.76	205681	48.22216	1
dac2012_superblue12.hgr.random100	reduce4	1291931	1293436	3.69	753538	750232	3.64	126922	2.23206	203
dac2012_superblue12.hgr.random100	reduce8	1291931	1293436	3.69	330820	307284	3.76	205677	38.21212	21
dac2012_superblue12.hgr.random100	reduce9	1291931	1293436	3.69	330820	307284	3.76	205677	37.98887	21
dac2012_superblue12.hgr.random100	reduce15	1291931	1293436	3.69	581546	556027	3.67	156856	23.65417	21
dac2012_superblue12.hgr.random100	reduce6	1291931	1293436	3.69	1246541	1252253	3.70	14444	20.91546	203
dac2012_superblue12.hgr.random100	reduce14	1291931	1293436	3.69	331300	307741	3.77	205632	37.39308	21
dac2012_superblue12.hgr.random100	reduce10	1291931	1293436	3.69	330868	307351	3.76	205646	46.02255	21
dac2012_superblue12.hgr.random100	reduce11	1291931	1293436	3.69	330818	311333	3.76	205678	46.51907	21
dac2012_superblue12.hgr.random100	reduce13	1291931	1293436	3.69	330711	307182	3.76	205728	44.42695	21
dac2012_superblue12.hgr.random100	reduce1	1291931	1293436	3.69	1291931	1293421	3.69	0	0.25861	1002
dac2012_superblue12.hgr.random100	reduce12	1291931	1293436	3.69	330809	307276	3.76	205681	48.00792	21
dac2012_superblue12.hgr.random100	reduce2	1291931	1293436	3.69	996417	995559	3.70	77825	0.42160	1002
dac2012_superblue12.hgr.random100	reduce3	1291931	1293436	3.69	1291931	1276396	3.71	0	1.21564	1002
dac2012_superblue12.hgr.random100	reduce4	1291931	1293436	3.69	753538	750232	3.64	126922	2.25435	1002
dac2012_superblue12.hgr.random100	reduce8	1291931	1293436	3.69	330820	307284	3.76	205677	38.19859	203
dac2012_superblue12.hgr.random100	reduce9	1291931	1293436	3.69	330820	307284	3.76	205677	37.86963	203
dac2012_superblue12.hgr.random100	reduce10	1291931	1293436	3.69	330868	307351	3.76	205646	45.62732	203
dac2012_superblue12.hgr.random100	reduce15	1291931	1293436	3.69	581546	556027	3.67	156856	23.70030	203
dac2012_superblue12.hgr.random100	reduce6	1291931	1293436	3.69	1246541	1252253	3.70	14444	20.29409	1002
dac2012_superblue12.hgr.random100	reduce5	1291931	1293436	3.69	1095603	1078317	3.57	9594	119.75810	1
dac2012_superblue12.hgr.random100	reduce14	1291931	1293436	3.69	331300	307741	3.77	205632	37.72468	203
dac2012_superblue12.hgr.random100	reduce11	1291931	1293436	3.69	330818	311333	3.76	205678	46.48693	203
dac2012_superblue12.hgr.random100	reduce13	1291931	1293436	3.69	330711	307182	3.76	205728	45.02422	203
dac2012_superblue12.hgr.random100	reduce12	1291931	1293436	3.69	330809	307276	3.76	205681	48.05660	203
dac2012_superblue14.hgr.random100	reduce1	630802	619815	3.31	630802	619789	3.31	0	0.11656	1
dac2012_superblue14.hgr.random100	reduce2	630802	619815	3.31	457763	467900	3.36	57975	0.15483	1
dac2012_superblue14.hgr.random100	reduce3	630802	619815	3.31	630802	603569	3.32	0	0.45650	1
dac2012_superblue14.hgr.random100	reduce4	630802	619815	3.31	337943	339315	3.29	84785	0.72466	1
dac2012_superblue12.hgr.random100	reduce5	1291931	1293436	3.69	1095603	1078317	3.57	9594	119.60508	21
dac2012_superblue12.hgr.random100	reduce8	1291931	1293436	3.69	330820	307284	3.76	205677	38.04347	1002
dac2012_superblue12.hgr.random100	reduce9	1291931	1293436	3.69	330820	307284	3.76	205677	38.35276	1002
dac2012_superblue12.hgr.random100	reduce15	1291931	1293436	3.69	581546	556027	3.67	156856	23.65766	1002
dac2012_superblue14.hgr.random100	reduce6	630802	619815	3.31	541128	549016	3.32	28371	16.93442	1
dac2012_superblue12.hgr.random100	reduce10	1291931	1293436	3.69	330868	307351	3.76	205646	45.77194	1002
dac2012_superblue12.hgr.random100	reduce11	1291931	1293436	3.69	330818	311333	3.76	205678	46.24844	1002
dac2012_superblue12.hgr.random100	reduce14	1291931	1293436	3.69	331300	307741	3.77	205632	37.68195	1002
dac2012_superblue12.hgr.random100	reduce13	1291931	1293436	3.69	330711	307182	3.76	205728	45.56023	1002
dac2012_superblue12.hgr.random100	reduce12	1291931	1293436	3.69	330809	307276	3.76	205681	49.03394	1002
dac2012_superblue14.hgr.random100	reduce15	630802	619815	3.31	274115	270116	3.30	103722	3.74186	1
dac2012_superblue14.hgr.random100	reduce1	630802	619815	3.31	630802	619789	3.31	0	0.12250	21
dac2012_superblue14.hgr.random100	reduce2	630802	619815	3.31	457763	467900	3.36	57975	0.16342	21
dac2012_superblue14.hgr.random100	reduce3	630802	619815	3.31	630802	603569	3.32	0	0.46314	21
dac2012_superblue12.hgr.random100	reduce5	1291931	1293436	3.69	1095603	1078317	3.57	9594	121.01899	203
dac2012_superblue14.hgr.random100	reduce4	630802	619815	3.31	337943	339315	3.29	84785	0.73827	21
dac2012_superblue14.hgr.random100	reduce5	630802	619815	3.31	496890	497154	3.00	4690	56.85237	1
dac2012_superblue14.hgr.random100	reduce6	630802	619815	3.31	541128	549016	3.32	28371	17.08071	21
dac2012_superblue14.hgr.random100	reduce8	630802	619815	3.31	121292	112269	3.64	150941	58.54892	1
dac2012_superblue14.hgr.random100	reduce9	630802	619815	3.31	121292	112269	3.64	150941	59.18134	1
dac2012_superblue12.hgr.random100	reduce5	1291931	1293436	3.69	1095603	1078317	3.57	9594	120.58712	1002
dac2012_superblue14.hgr.random100	reduce10	630802	619815	3.31	121300	112277	3.64	150939	61.99055	1
dac2012_superblue14.hgr.random100	reduce11	630802	619815	3.31	121292	115404	3.65	150941	60.40628	1
dac2012_superblue14.hgr.random100	reduce12	630802	619815	3.31	121311	112288	3.64	150933	60.06469	1
dac2012_superblue14.hgr.random100	reduce14	630802	619815	3.31	121314	112289	3.64	150932	58.23230	1
dac2012_superblue14.hgr.random100	reduce13	630802	619815	3.31	121458	112420	3.64	150891	67.14081	1
dac2012_superblue14.hgr.random100	reduce15	630802	619815	3.31	274115	270116	3.30	103722	3.81655	21
dac2012_superblue14.hgr.random100	reduce1	630802	619815	3.31	630802	619789	3.31	0	0.12098	203
dac2012_superblue14.hgr.random100	reduce2	630802	619815	3.31	457763	467900	3.36	57975	0.15871	203
dac2012_superblue14.hgr.random100	reduce3	630802	619815	3.31	630802	603569	3.32	0	0.46191	203
dac2012_superblue14.hgr.random100	reduce4	630802	619815	3.31	337943	339315	3.29	84785	0.74717	203
dac2012_superblue14.hgr.random100	reduce5	630802	619815	3.31	496890	497154	3.00	4690	58.89821	21
dac2012_superblue14.hgr.random100	reduce6	630802	619815	3.31	541128	549016	3.32	28371	17.21193	203
dac2012_superblue14.hgr.random100	reduce8	630802	619815	3.31	121292	112269	3.64	150941	58.76843	21
dac2012_superblue14.hgr.random100	reduce9	630802	619815	3.31	121292	112269	3.64	150941	58.41303	21
dac2012_superblue14.hgr.random100	reduce10	630802	619815	3.31	121300	112277	3.64	150939	60.39905	21
dac2012_superblue14.hgr.random100	reduce11	630802	619815	3.31	121292	115404	3.65	150941	58.96604	21
dac2012_superblue14.hgr.random100	reduce12	630802	619815	3.31	121311	112288	3.64	150933	60.10558	21
dac2012_superblue14.hgr.random100	reduce14	630802	619815	3.31	121314	112289	3.64	150932	58.98643	21
dac2012_superblue14.hgr.random100	reduce13	630802	619815	3.31	121458	112420	3.64	150891	65.41974	21
dac2012_superblue14.hgr.random100	reduce15	630802	619815	3.31	274115	270116	3.30	103722	3.82162	203
dac2012_superblue14.hgr.random100	reduce1	630802	619815	3.31	630802	619789	3.31	0	0.12606	1002
dac2012_superblue14.hgr.random100	reduce2	630802	619815	3.31	457763	467900	3.36	57975	0.16090	1002
dac2012_superblue14.hgr.random100	reduce3	630802	619815	3.31	630802	603569	3.32	0	0.46713	1002
dac2012_superblue14.hgr.random100	reduce4	630802	619815	3.31	337943	339315	3.29	84785	0.75777	1002
dac2012_superblue14.hgr.random100	reduce5	630802	619815	3.31	496890	497154	3.00	4690	61.64313	203
dac2012_superblue14.hgr.random100	reduce8	630802	619815	3.31	121292	112269	3.64	150941	59.36234	203
dac2012_superblue14.hgr.random100	reduce6	630802	619815	3.31	541128	549016	3.32	28371	17.52907	1002
dac2012_superblue14.hgr.random100	reduce9	630802	619815	3.31	121292	112269	3.64	150941	58.91722	203
dac2012_superblue14.hgr.random100	reduce10	630802	619815	3.31	121300	112277	3.64	150939	60.56612	203
dac2012_superblue14.hgr.random100	reduce11	630802	619815	3.31	121292	115404	3.65	150941	59.02130	203
dac2012_superblue14.hgr.random100	reduce12	630802	619815	3.31	121311	112288	3.64	150933	60.73967	203
dac2012_superblue14.hgr.random100	reduce14	630802	619815	3.31	121314	112289	3.64	150932	58.97269	203
dac2012_superblue14.hgr.random100	reduce13	630802	619815	3.31	121458	112420	3.64	150891	66.76296	203
dac2012_superblue14.hgr.random100	reduce5	630802	619815	3.31	496890	497154	3.00	4690	63.69201	1002
dac2012_superblue14.hgr.random100	reduce15	630802	619815	3.31	274115	270116	3.30	103722	3.77051	1002
dac2012_superblue16.hgr.random100	reduce1	698339	697458	3.27	698339	697416	3.27	0	0.13760	1
dac2012_superblue16.hgr.random100	reduce2	698339	697458	3.27	554015	566967	3.30	51484	0.18156	1
dac2012_superblue16.hgr.random100	reduce3	698339	697458	3.27	698339	691216	3.28	0	0.33995	1
dac2012_superblue16.hgr.random100	reduce4	698339	697458	3.27	398009	406615	3.37	105359	0.58908	1
dac2012_superblue16.hgr.random100	reduce5	698339	697458	3.27	613250	613437	3.11	1626	5.18543	1
dac2012_superblue14.hgr.random100	reduce8	630802	619815	3.31	121292	112269	3.64	150941	58.75467	1002
dac2012_superblue14.hgr.random100	reduce9	630802	619815	3.31	121292	112269	3.64	150941	58.12421	1002
dac2012_superblue16.hgr.random100	reduce6	698339	697458	3.27	619047	634900	3.29	26482	3.66762	1
dac2012_superblue16.hgr.random100	reduce8	698339	697458	3.27	94070	95857	2.93	189953	9.60761	1
dac2012_superblue16.hgr.random100	reduce9	698339	697458	3.27	94070	95857	2.93	189953	9.58149	1
dac2012_superblue14.hgr.random100	reduce11	630802	619815	3.31	121292	115404	3.65	150941	58.90026	1002
dac2012_superblue14.hgr.random100	reduce10	630802	619815	3.31	121300	112277	3.64	150939	61.14323	1002
dac2012_superblue14.hgr.random100	reduce12	630802	619815	3.31	121311	112288	3.64	150933	60.69629	1002
dac2012_superblue16.hgr.random100	reduce11	698339	697458	3.27	93878	96877	2.92	190012	9.42270	1
dac2012_superblue16.hgr.random100	reduce10	698339	697458	3.27	94081	95871	2.93	189943	11.76141	1
dac2012_superblue16.hgr.random100	reduce1	698339	697458	3.27	698339	697416	3.27	0	0.14037	21
dac2012_superblue16.hgr.random100	reduce12	698339	697458	3.27	94070	95857	2.93	189953	10.39311	1
dac2012_superblue16.hgr.random100	reduce15	698339	697458	3.27	307785	317030	3.23	127097	2.06372	1
dac2012_superblue16.hgr.random100	reduce2	698339	697458	3.27	554015	566967	3.30	51484	0.17782	21
dac2012_superblue14.hgr.random100	reduce14	630802	619815	3.31	121314	112289	3.64	150932	58.19646	1002
dac2012_superblue16.hgr.random100	reduce3	698339	697458	3.27	698339	691216	3.28	0	0.34183	21
dac2012_superblue16.hgr.random100	reduce14	698339	697458	3.27	94130	95904	2.93	189936	9.37428	1
dac2012_superblue16.hgr.random100	reduce4	698339	697458	3.27	398009	406615	3.37	105359	0.57132	21
dac2012_superblue16.hgr.random100	reduce13	698339	697458	3.27	94514	96345	2.93	189826	15.07783	1
dac2012_superblue14.hgr.random100	reduce13	630802	619815	3.31	121458	112420	3.64	150891	66.17532	1002
dac2012_superblue16.hgr.random100	reduce7	698339	697458	3.27	288144	103552	2.92	0	33.71273	1
dac2012_superblue16.hgr.random100	reduce5	698339	697458	3.27	613250	613437	3.11	1626	5.15435	21
dac2012_superblue16.hgr.random100	reduce6	698339	697458	3.27	619047	634900	3.29	26482	3.68182	21
dac2012_superblue16.hgr.random100	reduce8	698339	697458	3.27	94070	95857	2.93	189953	9.54725	21
dac2012_superblue16.hgr.random100	reduce9	698339	697458	3.27	94070	95857	2.93	189953	9.48550	21
dac2012_superblue16.hgr.random100	reduce1	698339	697458	3.27	698339	697416	3.27	0	0.13586	203
dac2012_superblue16.hgr.random100	reduce15	698339	697458	3.27	307785	317030	3.23	127097	2.02978	21
dac2012_superblue16.hgr.random100	reduce2	698339	697458	3.27	554015	566967	3.30	51484	0.17396	203
dac2012_superblue16.hgr.random100	reduce11	698339	697458	3.27	93878	96877	2.92	190012	9.42367	21
dac2012_superblue16.hgr.random100	reduce3	698339	697458	3.27	698339	691216	3.28	0	0.33772	203
dac2012_superblue16.hgr.random100	reduce10	698339	697458	3.27	94081	95871	2.93	189943	11.81276	21
dac2012_superblue16.hgr.random100	reduce12	698339	697458	3.27	94070	95857	2.93	189953	10.34764	21
dac2012_superblue16.hgr.random100	reduce4	698339	697458	3.27	398009	406615	3.37	105359	0.56979	203
dac2012_superblue16.hgr.random100	reduce14	698339	697458	3.27	94130	95904	2.93	189936	9.35284	21
dac2012_superblue16.hgr.random100	reduce6	698339	697458	3.27	619047	634900	3.29	26482	3.52023	203
dac2012_superblue16.hgr.random100	reduce13	698339	697458	3.27	94514	96345	2.93	189826	15.04117	21
dac2012_superblue16.hgr.random100	reduce5	698339	697458	3.27	613250	613437	3.11	1626	5.17584	203
dac2012_superblue16.hgr.random100	reduce8	698339	697458	3.27	94070	95857	2.93	189953	9.57013	203
dac2012_superblue16.hgr.random100	reduce9	698339	697458	3.27	94070	95857	2.93	189953	9.49855	203
dac2012_superblue16.hgr.random100	reduce11	698339	697458	3.27	93878	96877	2.92	190012	9.43722	203
dac2012_superblue16.hgr.random100	reduce1	698339	697458	3.27	698339	697416	3.27	0	0.13104	1002
dac2012_superblue16.hgr.random100	reduce15	698339	697458	3.27	307785	317030	3.23	127097	2.04276	203
dac2012_superblue16.hgr.random100	reduce10	698339	697458	3.27	94081	95871	2.93	189943	11.74058	203
dac2012_superblue16.hgr.random100	reduce7	698339	697458	3.27	288144	103552	2.92	0	33.77308	21
dac2012_superblue16.hgr.random100	reduce2	698339	697458	3.27	554015	566967	3.30	51484	0.17912	1002
dac2012_superblue16.hgr.random100	reduce12	698339	697458	3.27	94070	95857	2.93	189953	10.34645	203
dac2012_superblue16.hgr.random100	reduce3	698339	697458	3.27	698339	691216	3.28	0	0.32999	1002
dac2012_superblue16.hgr.random100	reduce4	698339	697458	3.27	398009	406615	3.37	105359	0.56457	1002
dac2012_superblue16.hgr.random100	reduce14	698339	697458	3.27	94130	95904	2.93	189936	9.26245	203
dac2012_superblue16.hgr.random100	reduce13	698339	697458	3.27	94514	96345	2.93	189826	15.32851	203
dac2012_superblue16.hgr.random100	reduce6	698339	697458	3.27	619047	634900	3.29	26482	3.52352	1002
dac2012_superblue16.hgr.random100	reduce5	698339	697458	3.27	613250	613437	3.11	1626	5.12807	1002
dac2012_superblue16.hgr.random100	reduce8	698339	697458	3.27	94070	95857	2.93	189953	9.52009	1002
dac2012_superblue16.hgr.random100	reduce9	698339	697458	3.27	94070	95857	2.93	189953	9.50666	1002
dac2012_superblue16.hgr.random100	reduce7	698339	697458	3.27	288144	103552	2.92	0	33.54229	203
dac2012_superblue16.hgr.random100	reduce11	698339	697458	3.27	93878	96877	2.92	190012	9.42010	1002
dac2012_superblue2.hgr.random100	reduce1	1010321	990899	3.26	1010321	990729	3.26	0	0.19506	1
dac2012_superblue16.hgr.random100	reduce10	698339	697458	3.27	94081	95871	2.93	189943	11.78565	1002
dac2012_superblue16.hgr.random100	reduce15	698339	697458	3.27	307785	317030	3.23	127097	2.03115	1002
dac2012_superblue2.hgr.random100	reduce2	1010321	990899	3.26	656512	666575	3.28	114238	0.28585	1
dac2012_superblue16.hgr.random100	reduce12	698339	697458	3.27	94070	95857	2.93	189953	10.37371	1002
dac2012_superblue2.hgr.random100	reduce3	1010321	990899	3.26	1010321	958884	3.29	0	0.47964	1
dac2012_superblue2.hgr.random100	reduce4	1010321	990899	3.26	499162	505292	3.21	153014	0.93830	1
dac2012_superblue16.hgr.random100	reduce13	698339	697458	3.27	94514	96345	2.93	189826	15.12362	1002
dac2012_superblue16.hgr.random100	reduce14	698339	697458	3.27	94130	95904	2.93	189936	9.26966	1002
dac2012_superblue2.hgr.random100	reduce6	1010321	990899	3.26	773152	785851	3.27	72008	5.03497	1
dac2012_superblue2.hgr.random100	reduce5	1010321	990899	3.26	784962	774846	3.00	17887	8.94163	1
dac2012_superblue16.hgr.random100	reduce7	698339	697458	3.27	288144	103552	2.92	0	33.50017	1002
dac2012_superblue2.hgr.random100	reduce8	1010321	990899	3.26	211913	215420	3.13	232357	59.50705	1
dac2012_superblue2.hgr.random100	reduce9	1010321	990899	3.26	211913	215420	3.13	232357	59.34221	1
dac2012_superblue2.hgr.random100	reduce1	1010321	990899	3.26	1010321	990729	3.26	0	0.18752	21
dac2012_superblue2.hgr.random100	reduce2	1010321	990899	3.26	656512	666575	3.28	114238	0.27981	21
dac2012_superblue2.hgr.random100	reduce11	1010321	990899	3.26	211908	219106	3.14	232359	59.19219	1
dac2012_superblue2.hgr.random100	reduce10	1010321	990899	3.26	211771	215316	3.13	232406	61.37015	1
dac2012_superblue2.hgr.random100	reduce3	1010321	990899	3.26	1010321	958884	3.29	0	0.49038	21
dac2012_superblue2.hgr.random100	reduce4	1010321	990899	3.26	499162	505292	3.21	153014	0.93212	21
dac2012_superblue2.hgr.random100	reduce13	1010321	990899	3.26	211604	215052	3.13	232445	60.47927	1
dac2012_superblue2.hgr.random100	reduce15	1010321	990899	3.26	401685	398824	3.15	176337	7.92396	1
dac2012_superblue2.hgr.random100	reduce6	1010321	990899	3.26	773152	785851	3.27	72008	4.90705	21
dac2012_superblue2.hgr.random100	reduce12	1010321	990899	3.26	211904	215408	3.13	232363	67.56017	1
dac2012_superblue2.hgr.random100	reduce5	1010321	990899	3.26	784962	774846	3.00	17887	8.97452	21
dac2012_superblue2.hgr.random100	reduce14	1010321	990899	3.26	212553	216105	3.14	232264	66.77053	1
dac2012_superblue2.hgr.random100	reduce8	1010321	990899	3.26	211913	215420	3.13	232357	59.17097	21
dac2012_superblue2.hgr.random100	reduce9	1010321	990899	3.26	211913	215420	3.13	232357	59.22695	21
dac2012_superblue2.hgr.random100	reduce11	1010321	990899	3.26	211908	219106	3.14	232359	59.25353	21
dac2012_superblue2.hgr.random100	reduce1	1010321	990899	3.26	1010321	990729	3.26	0	0.19533	203
dac2012_superblue2.hgr.random100	reduce10	1010321	990899	3.26	211771	215316	3.13	232406	61.62185	21
dac2012_superblue2.hgr.random100	reduce7	1010321	990899	3.26	458507	238019	3.13	0	136.20022	1
dac2012_superblue2.hgr.random100	reduce2	1010321	990899	3.26	656512	666575	3.28	114238	0.28084	203
dac2012_superblue2.hgr.random100	reduce3	1010321	990899	3.26	1010321	958884	3.29	0	0.47897	203
dac2012_superblue2.hgr.random100	reduce4	1010321	990899	3.26	499162	505292	3.21	153014	0.93419	203
dac2012_superblue2.hgr.random100	reduce15	1010321	990899	3.26	401685	398824	3.15	176337	7.97313	21
dac2012_superblue2.hgr.random100	reduce13	1010321	990899	3.26	211604	215052	3.13	232445	60.46534	21
dac2012_superblue2.hgr.random100	reduce12	1010321	990899	3.26	211904	215408	3.13	232363	68.06898	21
dac2012_superblue2.hgr.random100	reduce6	1010321	990899	3.26	773152	785851	3.27	72008	5.03715	203
dac2012_superblue2.hgr.random100	reduce5	1010321	990899	3.26	784962	774846	3.00	17887	8.97729	203
dac2012_superblue12.hgr.random100	reduce7	1291931	1293436	3.69	539118	315790	3.75	0	633.25796	1
dac2012_superblue14.hgr.random100	reduce7	630802	619815	3.31	273695	117895	3.64	0	509.39728	1
dac2012_superblue12.hgr.random100	reduce7	1291931	1293436	3.69	539118	315790	3.75	0	633.99031	21
dac2012_superblue2.hgr.random100	reduce15	1010321	990899	3.26	401685	398824	3.15	176337	7.95800	203
dac2012_superblue2.hgr.random100	reduce1	1010321	990899	3.26	1010321	990729	3.26	0	0.19331	1002
dac2012_superblue2.hgr.random100	reduce14	1010321	990899	3.26	212553	216105	3.14	232264	66.90690	21
dac2012_superblue2.hgr.random100	reduce2	1010321	990899	3.26	656512	666575	3.28	114238	0.27845	1002
dac2012_superblue2.hgr.random100	reduce3	1010321	990899	3.26	1010321	958884	3.29	0	0.47116	1002
dac2012_superblue2.hgr.random100	reduce4	1010321	990899	3.26	499162	505292	3.21	153014	0.92945	1002
dac2012_superblue2.hgr.random100	reduce8	1010321	990899	3.26	211913	215420	3.13	232357	59.26248	203
dac2012_superblue2.hgr.random100	reduce9	1010321	990899	3.26	211913	215420	3.13	232357	59.23098	203
dac2012_superblue2.hgr.random100	reduce7	1010321	990899	3.26	458507	238019	3.13	0	134.88696	21
dac2012_superblue2.hgr.random100	reduce11	1010321	990899	3.26	211908	219106	3.14	232359	59.21722	203
dac2012_superblue2.hgr.random100	reduce10	1010321	990899	3.26	211771	215316	3.13	232406	61.42117	203
dac2012_superblue2.hgr.random100	reduce6	1010321	990899	3.26	773152	785851	3.27	72008	5.05508	1002
dac2012_superblue2.hgr.random100	reduce5	1010321	990899	3.26	784962	774846	3.00	17887	8.95871	1002
dac2012_superblue2.hgr.random100	reduce12	1010321	990899	3.26	211904	215408	3.13	232363	67.70520	203
dac2012_superblue12.hgr.random100	reduce7	1291931	1293436	3.69	539118	315790	3.75	0	633.41508	203
dac2012_superblue2.hgr.random100	reduce13	1010321	990899	3.26	211604	215052	3.13	232445	60.67647	203
dac2012_superblue3.hgr.random100	reduce1	917944	898001	3.46	917944	897935	3.46	0	0.17590	1
dac2012_superblue3.hgr.random100	reduce2	917944	898001	3.46	642105	645453	3.55	86294	0.30341	1
dac2012_superblue14.hgr.random100	reduce7	630802	619815	3.31	273695	117895	3.64	0	508.50585	21
dac2012_superblue3.hgr.random100	reduce3	917944	898001	3.46	917944	886111	3.47	0	0.61109	1
dac2012_superblue2.hgr.random100	reduce15	1010321	990899	3.26	401685	398824	3.15	176337	7.98864	1002
dac2012_superblue3.hgr.random100	reduce4	917944	898001	3.46	523349	521687	3.52	108781	1.07494	1
dac2012_superblue3.hgr.random100	reduce6	917944	898001	3.46	773236	778991	3.50	44415	12.82529	1
dac2012_superblue2.hgr.random100	reduce14	1010321	990899	3.26	212553	216105	3.14	232264	66.76144	203
dac2012_superblue3.hgr.random100	reduce5	917944	898001	3.46	764683	755492	3.25	4045	23.51514	1
dac2012_superblue2.hgr.random100	reduce8	1010321	990899	3.26	211913	215420	3.13	232357	59.20683	1002
dac2012_superblue2.hgr.random100	reduce9	1010321	990899	3.26	211913	215420	3.13	232357	59.30350	1002
dac2012_superblue12.hgr.random100	reduce7	1291931	1293436	3.69	539118	315790	3.75	0	632.44007	1002
dac2012_superblue2.hgr.random100	reduce11	1010321	990899	3.26	211908	219106	3.14	232359	59.60644	1002
dac2012_superblue2.hgr.random100	reduce10	1010321	990899	3.26	211771	215316	3.13	232406	61.37358	1002
dac2012_superblue2.hgr.random100	reduce13	1010321	990899	3.26	211604	215052	3.13	232445	60.74081	1002
dac2012_superblue3.hgr.random100	reduce1	917944	898001	3.46	917944	897935	3.46	0	0.17310	21
dac2012_superblue3.hgr.random100	reduce2	917944	898001	3.46	642105	645453	3.55	86294	0.30458	21
dac2012_superblue3.hgr.random100	reduce3	917944	898001	3.46	917944	886111	3.47	0	0.61131	21
dac2012_superblue3.hgr.random100	reduce4	917944	898001	3.46	523349	521687	3.52	108781	1.06273	21
dac2012_superblue2.hgr.random100	reduce12	1010321	990899	3.26	211904	215408	3.13	232363	68.40732	1002
dac2012_superblue2.hgr.random100	reduce7	1010321	990899	3.26	458507	238019	3.13	0	135.97822	203
dac2012_superblue14.hgr.random100	reduce7	630802	619815	3.31	273695	117895	3.64	0	507.47361	203
dac2012_superblue3.hgr.random100	reduce15	917944	898001	3.46	427201	419770	3.49	128387	12.38178	1
dac2012_superblue2.hgr.random100	reduce14	1010321	990899	3.26	212553	216105	3.14	232264	66.61176	1002
dac2012_superblue3.hgr.random100	reduce6	917944	898001	3.46	773236	778991	3.50	44415	12.86387	21
dac2012_superblue3.hgr.random100	reduce8	917944	898001	3.46	162774	116748	4.37	173432	44.61325	1
dac2012_superblue3.hgr.random100	reduce9	917944	898001	3.46	162774	116748	4.37	173432	44.40789	1
dac2012_superblue3.hgr.random100	reduce5	917944	898001	3.46	764683	755492	3.25	4045	23.71712	21
dac2012_superblue3.hgr.random100	reduce11	917944	898001	3.46	162781	119231	4.46	173428	44.33354	1
dac2012_superblue3.hgr.random100	reduce12	917944	898001	3.46	162776	116749	4.37	173431	44.76163	1
dac2012_superblue3.hgr.random100	reduce1	917944	898001	3.46	917944	897935	3.46	0	0.17993	203
dac2012_superblue3.hgr.random100	reduce10	917944	898001	3.46	162831	116816	4.37	173421	52.13575	1
dac2012_superblue3.hgr.random100	reduce2	917944	898001	3.46	642105	645453	3.55	86294	0.30231	203
dac2012_superblue3.hgr.random100	reduce14	917944	898001	3.46	164012	117449	4.37	173126	44.41646	1
dac2012_superblue3.hgr.random100	reduce3	917944	898001	3.46	917944	886111	3.47	0	0.61530	203
dac2012_superblue3.hgr.random100	reduce4	917944	898001	3.46	523349	521687	3.52	108781	1.06876	203
dac2012_superblue3.hgr.random100	reduce15	917944	898001	3.46	427201	419770	3.49	128387	12.17011	21
dac2012_superblue3.hgr.random100	reduce13	917944	898001	3.46	163035	117370	4.35	173152	57.03154	1
dac2012_superblue3.hgr.random100	reduce8	917944	898001	3.46	162774	116748	4.37	173432	44.55214	21
dac2012_superblue3.hgr.random100	reduce9	917944	898001	3.46	162774	116748	4.37	173432	44.36570	21
dac2012_superblue3.hgr.random100	reduce6	917944	898001	3.46	773236	778991	3.50	44415	13.25691	203
dac2012_superblue3.hgr.random100	reduce10	917944	898001	3.46	162831	116816	4.37	173421	51.95168	21
dac2012_superblue3.hgr.random100	reduce11	917944	898001	3.46	162781	119231	4.46	173428	44.21998	21
dac2012_superblue2.hgr.random100	reduce7	1010321	990899	3.26	458507	238019	3.13	0	135.27611	1002
dac2012_superblue3.hgr.random100	reduce5	917944	898001	3.46	764683	755492	3.25	4045	23.83091	203
dac2012_superblue3.hgr.random100	reduce1	917944	898001	3.46	917944	897935	3.46	0	0.17033	1002
dac2012_superblue3.hgr.random100	reduce2	917944	898001	3.46	642105	645453	3.55	86294	0.30699	1002
dac2012_superblue3.hgr.random100	reduce12	917944	898001	3.46	162776	116749	4.37	173431	44.69003	21
dac2012_superblue3.hgr.random100	reduce3	917944	898001	3.46	917944	886111	3.47	0	0.61273	1002
dac2012_superblue3.hgr.random100	reduce4	917944	898001	3.46	523349	521687	3.52	108781	1.07886	1002
dac2012_superblue3.hgr.random100	reduce14	917944	898001	3.46	164012	117449	4.37	173126	44.61205	21
dac2012_superblue3.hgr.random100	reduce15	917944	898001	3.46	427201	419770	3.49	128387	12.47459	203
dac2012_superblue14.hgr.random100	reduce7	630802	619815	3.31	273695	117895	3.64	0	504.06225	1002
dac2012_superblue3.hgr.random100	reduce7	917944	898001	3.46	345256	130777	4.38	0	116.31299	1
dac2012_superblue3.hgr.random100	reduce13	917944	898001	3.46	163035	117370	4.35	173152	57.03836	21
dac2012_superblue3.hgr.random100	reduce6	917944	898001	3.46	773236	778991	3.50	44415	12.52165	1002
dac2012_superblue3.hgr.random100	reduce5	917944	898001	3.46	764683	755492	3.25	4045	23.59413	1002
dac2012_superblue3.hgr.random100	reduce8	917944	898001	3.46	162774	116748	4.37	173432	44.25385	203
dac2012_superblue3.hgr.random100	reduce9	917944	898001	3.46	162774	116748	4.37	173432	45.25102	203
dac2012_superblue3.hgr.random100	reduce11	917944	898001	3.46	162781	119231	4.46	173428	44.49588	203
dac2012_superblue6.hgr.random100	reduce1	1011662	1006629	3.37	1011662	1006535	3.37	0	0.19436	1
dac2012_superblue6.hgr.random100	reduce2	1011662	1006629	3.37	792979	818574	3.38	70887	0.29922	1
dac2012_superblue3.hgr.random100	reduce12	917944	898001	3.46	162776	116749	4.37	173431	44.80356	203
dac2012_superblue6.hgr.random100	reduce3	1011662	1006629	3.37	1011662	984022	3.39	0	0.56678	1
dac2012_superblue6.hgr.random100	reduce4	1011662	1006629	3.37	602248	624319	3.31	119286	1.11182	1
dac2012_superblue3.hgr.random100	reduce10	917944	898001	3.46	162831	116816	4.37	173421	52.17221	203
dac2012_superblue3.hgr.random100	reduce14	917944	898001	3.46	164012	117449	4.37	173126	44.32225	203
dac2012_superblue3.hgr.random100	reduce15	917944	898001	3.46	427201	419770	3.49	128387	12.10998	1002
dac2012_superblue6.hgr.random100	reduce6	1011662	1006629	3.37	882087	906012	3.38	39293	15.10400	1
dac2012_superblue3.hgr.random100	reduce13	917944	898001	3.46	163035	117370	4.35	173152	57.10219	203
dac2012_superblue3.hgr.random100	reduce7	917944	898001	3.46	345256	130777	4.38	0	117.26214	21
dac2012_superblue3.hgr.random100	reduce8	917944	898001	3.46	162774	116748	4.37	173432	44.45972	1002
dac2012_superblue3.hgr.random100	reduce9	917944	898001	3.46	162774	116748	4.37	173432	44.48418	1002
dac2012_superblue3.hgr.random100	reduce11	917944	898001	3.46	162781	119231	4.46	173428	44.27004	1002
dac2012_superblue3.hgr.random100	reduce12	917944	898001	3.46	162776	116749	4.37	173431	44.56955	1002
dac2012_superblue6.hgr.random100	reduce1	1011662	1006629	3.37	1011662	1006535	3.37	0	0.19006	21
dac2012_superblue6.hgr.random100	reduce2	1011662	1006629	3.37	792979	818574	3.38	70887	0.29556	21
dac2012_superblue6.hgr.random100	reduce3	1011662	1006629	3.37	1011662	984022	3.39	0	0.56205	21
dac2012_superblue3.hgr.random100	reduce10	917944	898001	3.46	162831	116816	4.37	173421	51.97968	1002
dac2012_superblue6.hgr.random100	reduce4	1011662	1006629	3.37	602248	624319	3.31	119286	1.13972	21
dac2012_superblue6.hgr.random100	reduce15	1011662	1006629	3.37	515388	530393	3.28	137062	12.46835	1
dac2012_superblue3.hgr.random100	reduce14	917944	898001	3.46	164012	117449	4.37	173126	44.55487	1002
dac2012_superblue6.hgr.random100	reduce6	1011662	1006629	3.37	882087	906012	3.38	39293	15.10307	21
dac2012_superblue3.hgr.random100	reduce13	917944	898001	3.46	163035	117370	4.35	173152	57.17913	1002
dac2012_superblue6.hgr.random100	reduce5	1011662	1006629	3.37	822898	836071	3.10	5352	51.25554	1
dac2012_superblue3.hgr.random100	reduce7	917944	898001	3.46	345256	130777	4.38	0	117.57315	203
dac2012_superblue6.hgr.random100	reduce8	1011662	1006629	3.37	212949	198390	3.37	197073	69.11669	1
dac2012_superblue6.hgr.random100	reduce9	1011662	1006629	3.37	212949	198390	3.37	197073	68.84021	1
dac2012_superblue6.hgr.random100	reduce5	1011662	1006629	3.37	822898	836071	3.10	5352	50.53847	21
dac2012_superblue3.hgr.random100	reduce7	917944	898001	3.46	345256	130777	4.38	0	116.44180	1002
dac2012_superblue6.hgr.random100	reduce1	1011662	1006629	3.37	1011662	1006535	3.37	0	0.19759	203
dac2012_superblue6.hgr.random100	reduce11	1011662	1006629	3.37	212955	202040	3.40	197070	69.35657	1
dac2012_superblue6.hgr.random100	reduce10	1011662	1006629	3.37	212836	198329	3.37	197122	72.42730	1
dac2012_superblue6.hgr.random100	reduce2	1011662	1006629	3.37	792979	818574	3.38	70887	0.29763	203
dac2012_superblue6.hgr.random100	reduce3	1011662	1006629	3.37	1011662	984022	3.39	0	0.56924	203
dac2012_superblue6.hgr.random100	reduce12	1011662	1006629	3.37	212952	198386	3.37	197068	70.01998	1
dac2012_superblue6.hgr.random100	reduce14	1011662	1006629	3.37	213543	198903	3.37	196909	68.14125	1
dac2012_superblue6.hgr.random100	reduce13	1011662	1006629	3.37	212697	198165	3.37	197088	70.31968	1
dac2012_superblue6.hgr.random100	reduce4	1011662	1006629	3.37	602248	624319	3.31	119286	1.10956	203
dac2012_superblue6.hgr.random100	reduce15	1011662	1006629	3.37	515388	530393	3.28	137062	12.43260	21
dac2012_superblue6.hgr.random100	reduce8	1011662	1006629	3.37	212949	198390	3.37	197073	68.72562	21
dac2012_superblue6.hgr.random100	reduce6	1011662	1006629	3.37	882087	906012	3.38	39293	15.44822	203
dac2012_superblue6.hgr.random100	reduce9	1011662	1006629	3.37	212949	198390	3.37	197073	68.79277	21
dac2012_superblue6.hgr.random100	reduce11	1011662	1006629	3.37	212955	202040	3.40	197070	68.72460	21
dac2012_superblue6.hgr.random100	reduce10	1011662	1006629	3.37	212836	198329	3.37	197122	72.24107	21
dac2012_superblue6.hgr.random100	reduce1	1011662	1006629	3.37	1011662	1006535	3.37	0	0.18943	1002
dac2012_superblue6.hgr.random100	reduce2	1011662	1006629	3.37	792979	818574	3.38	70887	0.30121	1002
dac2012_superblue6.hgr.random100	reduce3	1011662	1006629	3.37	1011662	984022	3.39	0	0.56322	1002
dac2012_superblue6.hgr.random100	reduce4	1011662	1006629	3.37	602248	624319	3.31	119286	1.12528	1002
dac2012_superblue6.hgr.random100	reduce12	1011662	1006629	3.37	212952	198386	3.37	197068	69.47441	21
dac2012_superblue6.hgr.random100	reduce15	1011662	1006629	3.37	515388	530393	3.28	137062	12.42099	203
dac2012_superblue6.hgr.random100	reduce5	1011662	1006629	3.37	822898	836071	3.10	5352	50.89613	203
dac2012_superblue6.hgr.random100	reduce6	1011662	1006629	3.37	882087	906012	3.38	39293	16.16122	1002
dac2012_superblue6.hgr.random100	reduce14	1011662	1006629	3.37	213543	198903	3.37	196909	68.06641	21
dac2012_superblue6.hgr.random100	reduce13	1011662	1006629	3.37	212697	198165	3.37	197088	70.39428	21
dac2012_superblue6.hgr.random100	reduce8	1011662	1006629	3.37	212949	198390	3.37	197073	69.41045	203
dac2012_superblue6.hgr.random100	reduce9	1011662	1006629	3.37	212949	198390	3.37	197073	69.06699	203
dac2012_superblue6.hgr.random100	reduce11	1011662	1006629	3.37	212955	202040	3.40	197070	69.46836	203
dac2012_superblue6.hgr.random100	reduce10	1011662	1006629	3.37	212836	198329	3.37	197122	72.37471	203
dac2012_superblue6.hgr.random100	reduce12	1011662	1006629	3.37	212952	198386	3.37	197068	69.57809	203
dac2012_superblue6.hgr.random100	reduce5	1011662	1006629	3.37	822898	836071	3.10	5352	51.26874	1002
dac2012_superblue6.hgr.random100	reduce13	1011662	1006629	3.37	212697	198165	3.37	197088	70.20871	203
dac2012_superblue7.hgr.random100	reduce1	1360217	1340418	3.68	1360217	1340357	3.68	0	0.27663	1
dac2012_superblue7.hgr.random100	reduce2	1360217	1340418	3.68	999166	1008507	3.70	98385	0.40903	1
dac2012_superblue6.hgr.random100	reduce15	1011662	1006629	3.37	515388	530393	3.28	137062	12.38304	1002
dac2012_superblue7.hgr.random100	reduce3	1360217	1340418	3.68	1360217	1316385	3.70	0	0.87740	1
dac2012_superblue7.hgr.random100	reduce4	1360217	1340418	3.68	690102	696072	3.65	163278	1.80702	1
dac2012_superblue6.hgr.random100	reduce14	1011662	1006629	3.37	213543	198903	3.37	196909	68.17782	203
dac2012_superblue7.hgr.random100	reduce6	1360217	1340418	3.68	1194228	1207086	3.71	52054	17.60933	1
dac2012_superblue6.hgr.random100	reduce8	1011662	1006629	3.37	212949	198390	3.37	197073	69.30107	1002
dac2012_superblue6.hgr.random100	reduce9	1011662	1006629	3.37	212949	198390	3.37	197073	68.99102	1002
dac2012_superblue6.hgr.random100	reduce11	1011662	1006629	3.37	212955	202040	3.40	197070	68.76432	1002
dac2012_superblue6.hgr.random100	reduce10	1011662	1006629	3.37	212836	198329	3.37	197122	72.47215	1002
dac2012_superblue7.hgr.random100	reduce5	1360217	1340418	3.68	1059401	1056305	3.43	14987	46.67455	1
dac2012_superblue6.hgr.random100	reduce12	1011662	1006629	3.37	212952	198386	3.37	197068	69.59995	1002
dac2012_superblue6.hgr.random100	reduce14	1011662	1006629	3.37	213543	198903	3.37	196909	68.32944	1002
dac2012_superblue7.hgr.random100	reduce1	1360217	1340418	3.68	1360217	1340357	3.68	0	0.26482	21
dac2012_superblue6.hgr.random100	reduce13	1011662	1006629	3.37	212697	198165	3.37	197088	70.27046	1002
dac2012_superblue7.hgr.random100	reduce2	1360217	1340418	3.68	999166	1008507	3.70	98385	0.39964	21
dac2012_superblue7.hgr.random100	reduce3	1360217	1340418	3.68	1360217	1316385	3.70	0	0.87216	21
dac2012_superblue7.hgr.random100	reduce4	1360217	1340418	3.68	690102	696072	3.65	163278	1.79811	21
dac2012_superblue7.hgr.random100	reduce15	1360217	1340418	3.68	608984	597327	3.60	177954	10.79393	1
dac2012_superblue7.hgr.random100	reduce8	1360217	1340418	3.68	150771	122825	3.79	257673	63.85929	1
dac2012_superblue7.hgr.random100	reduce9	1360217	1340418	3.68	150771	122825	3.79	257673	62.85310	1
dac2012_superblue7.hgr.random100	reduce6	1360217	1340418	3.68	1194228	1207086	3.71	52054	19.36036	21
dac2012_superblue7.hgr.random100	reduce10	1360217	1340418	3.68	150671	122702	3.79	257725	65.08410	1
dac2012_superblue7.hgr.random100	reduce11	1360217	1340418	3.68	150771	129751	4.04	257673	64.23787	1
dac2012_superblue7.hgr.random100	reduce12	1360217	1340418	3.68	150769	122822	3.79	257674	64.45339	1
dac2012_superblue7.hgr.random100	reduce13	1360217	1340418	3.68	152852	125949	3.76	257191	64.33044	1
dac2012_superblue7.hgr.random100	reduce14	1360217	1340418	3.68	150921	122990	3.79	257637	62.45126	1
dac2012_superblue7.hgr.random100	reduce1	1360217	1340418	3.68	1360217	1340357	3.68	0	0.25894	203
dac2012_superblue7.hgr.random100	reduce2	1360217	1340418	3.68	999166	1008507	3.70	98385	0.40535	203
dac2012_superblue7.hgr.random100	reduce5	1360217	1340418	3.68	1059401	1056305	3.43	14987	46.28643	21
dac2012_superblue7.hgr.random100	reduce3	1360217	1340418	3.68	1360217	1316385	3.70	0	0.87244	203
dac2012_superblue7.hgr.random100	reduce4	1360217	1340418	3.68	690102	696072	3.65	163278	1.79546	203
dac2012_superblue7.hgr.random100	reduce15	1360217	1340418	3.68	608984	597327	3.60	177954	10.70796	21
dac2012_superblue6.hgr.random100	reduce7	1011662	1006629	3.37	414292	209808	3.37	0	294.38933	1
dac2012_superblue7.hgr.random100	reduce6	1360217	1340418	3.68	1194228	1207086	3.71	52054	18.08905	203
dac2012_superblue7.hgr.random100	reduce8	1360217	1340418	3.68	150771	122825	3.79	257673	64.77354	21
dac2012_superblue7.hgr.random100	reduce9	1360217	1340418	3.68	150771	122825	3.79	257673	64.03236	21
dac2012_superblue7.hgr.random100	reduce10	1360217	1340418	3.68	150671	122702	3.79	257725	65.56194	21
dac2012_superblue7.hgr.random100	reduce11	1360217	1340418	3.68	150771	129751	4.04	257673	63.17666	21
dac2012_superblue6.hgr.random100	reduce7	1011662	1006629	3.37	414292	209808	3.37	0	293.68788	21
dac2012_superblue7.hgr.random100	reduce5	1360217	1340418	3.68	1059401	1056305	3.43	14987	46.25090	203
dac2012_superblue7.hgr.random100	reduce12	1360217	1340418	3.68	150769	122822	3.79	257674	65.61956	21
dac2012_superblue7.hgr.random100	reduce1	1360217	1340418	3.68	1360217	1340357	3.68	0	0.26108	1002
dac2012_superblue7.hgr.random100	reduce2	1360217	1340418	3.68	999166	1008507	3.70	98385	0.40002	1002
dac2012_superblue7.hgr.random100	reduce3	1360217	1340418	3.68	1360217	1316385	3.70	0	0.87702	1002
dac2012_superblue7.hgr.random100	reduce13	1360217	1340418	3.68	152852	125949	3.76	257191	64.20244	21
dac2012_superblue7.hgr.random100	reduce4	1360217	1340418	3.68	690102	696072	3.65	163278	1.82523	1002
dac2012_superblue7.hgr.random100	reduce14	1360217	1340418	3.68	150921	122990	3.79	257637	63.78367	21
dac2012_superblue7.hgr.random100	reduce15	1360217	1340418	3.68	608984	597327	3.60	177954	10.68383	203
dac2012_superblue7.hgr.random100	reduce8	1360217	1340418	3.68	150771	122825	3.79	257673	62.93101	203
dac2012_superblue7.hgr.random100	reduce6	1360217	1340418	3.68	1194228	1207086	3.71	52054	18.30193	1002
dac2012_superblue7.hgr.random100	reduce9	1360217	1340418	3.68	150771	122825	3.79	257673	62.81715	203
dac2012_superblue7.hgr.random100	reduce10	1360217	1340418	3.68	150671	122702	3.79	257725	65.91026	203
dac2012_superblue7.hgr.random100	reduce11	1360217	1340418	3.68	150771	129751	4.04	257673	63.71603	203
dac2012_superblue7.hgr.random100	reduce12	1360217	1340418	3.68	150769	122822	3.79	257674	64.70321	203
dac2012_superblue6.hgr.random100	reduce7	1011662	1006629	3.37	414292	209808	3.37	0	295.61471	203
dac2012_superblue7.hgr.random100	reduce5	1360217	1340418	3.68	1059401	1056305	3.43	14987	46.39155	1002
dac2012_superblue9.hgr.random100	reduce1	844332	833808	3.48	844332	833793	3.48	0	0.16577	1
dac2012_superblue7.hgr.random100	reduce13	1360217	1340418	3.68	152852	125949	3.76	257191	65.47349	203
dac2012_superblue9.hgr.random100	reduce2	844332	833808	3.48	628720	634578	3.54	64584	0.23692	1
dac2012_superblue9.hgr.random100	reduce3	844332	833808	3.48	844332	817096	3.50	0	0.85888	1
dac2012_superblue7.hgr.random100	reduce14	1360217	1340418	3.68	150921	122990	3.79	257637	63.96557	203
dac2012_superblue9.hgr.random100	reduce4	844332	833808	3.48	474920	399330	3.79	94303	0.95305	1
dac2012_superblue7.hgr.random100	reduce15	1360217	1340418	3.68	608984	597327	3.60	177954	10.82817	1002
dac2012_superblue7.hgr.random100	reduce8	1360217	1340418	3.68	150771	122825	3.79	257673	63.95923	1002
dac2012_superblue9.hgr.random100	reduce6	844332	833808	3.48	746752	750944	3.49	27605	19.69965	1
dac2012_superblue7.hgr.random100	reduce9	1360217	1340418	3.68	150771	122825	3.79	257673	63.14412	1002
dac2012_superblue7.hgr.random100	reduce10	1360217	1340418	3.68	150671	122702	3.79	257725	65.01524	1002
dac2012_superblue6.hgr.random100	reduce7	1011662	1006629	3.37	414292	209808	3.37	0	294.97072	1002
dac2012_superblue9.hgr.random100	reduce5	844332	833808	3.48	663800	576450	3.47	7722	33.92369	1
dac2012_superblue7.hgr.random100	reduce11	1360217	1340418	3.68	150771	129751	4.04	257673	64.86080	1002
dac2012_superblue7.hgr.random100	reduce12	1360217	1340418	3.68	150769	122822	3.79	257674	64.39691	1002
dac2012_superblue9.hgr.random100	reduce1	844332	833808	3.48	844332	833793	3.48	0	0.16343	21
dac2012_superblue9.hgr.random100	reduce2	844332	833808	3.48	628720	634578	3.54	64584	0.23329	21
dac2012_superblue9.hgr.random100	reduce3	844332	833808	3.48	844332	817096	3.50	0	0.86200	21
dac2012_superblue7.hgr.random100	reduce13	1360217	1340418	3.68	152852	125949	3.76	257191	64.92462	1002
dac2012_superblue7.hgr.random100	reduce14	1360217	1340418	3.68	150921	122990	3.79	257637	62.47549	1002
dac2012_superblue9.hgr.random100	reduce4	844332	833808	3.48	474920	399330	3.79	94303	0.96372	21
dac2012_superblue9.hgr.random100	reduce15	844332	833808	3.48	369012	282228	3.93	121558	25.29811	1
dac2012_superblue9.hgr.random100	reduce6	844332	833808	3.48	746752	750944	3.49	27605	19.63534	21
dac2012_superblue9.hgr.random100	reduce5	844332	833808	3.48	663800	576450	3.47	7722	34.58126	21
dac2012_superblue7.hgr.random100	reduce7	1360217	1340418	3.68	413038	138694	3.94	0	485.34920	1
dac2012_superblue7.hgr.random100	reduce7	1360217	1340418	3.68	413038	138694	3.94	0	485.22312	21
dac2012_superblue7.hgr.random100	reduce7	1360217	1340418	3.68	413038	138694	3.94	0	489.21148	203
dac2012_superblue7.hgr.random100	reduce7	1360217	1340418	3.68	413038	138694	3.94	0	489.20998	1002
dac2012_superblue9.hgr.random100	reduce8	844332	833808	3.48	95304	58696	4.07	168662	598.86294	1
dac2012_superblue9.hgr.random100	reduce9	844332	833808	3.48	95304	58696	4.07	168662	608.58781	1
dac2012_superblue9.hgr.random100	reduce1	844332	833808	3.48	844332	833793	3.48	0	0.17738	203
dac2012_superblue9.hgr.random100	reduce2	844332	833808	3.48	628720	634578	3.54	64584	0.25867	203
dac2012_superblue9.hgr.random100	reduce3	844332	833808	3.48	844332	817096	3.50	0	0.89380	203
dac2012_superblue9.hgr.random100	reduce4	844332	833808	3.48	474920	399330	3.79	94303	1.05916	203
dac2012_superblue9.hgr.random100	reduce15	844332	833808	3.48	369012	282228	3.93	121558	26.41429	21
dac2012_superblue9.hgr.random100	reduce11	844332	833808	3.48	95306	59785	4.59	168661	605.77308	1
dac2012_superblue9.hgr.random100	reduce12	844332	833808	3.48	95267	58655	4.07	168676	605.51361	1
dac2012_superblue9.hgr.random100	reduce14	844332	833808	3.48	95391	58778	4.07	168625	608.19107	1
dac2012_superblue9.hgr.random100	reduce13	844332	833808	3.48	94275	57386	4.09	168999	614.35279	1
dac2012_superblue9.hgr.random100	reduce7	844332	833808	3.48	263981	59681	4.58	0	651.86560	1
dac2012_superblue9.hgr.random100	reduce6	844332	833808	3.48	746752	750944	3.49	27605	19.02204	203
dac2012_superblue9.hgr.random100	reduce5	844332	833808	3.48	663800	576450	3.47	7722	35.20389	203
dac2012_superblue9.hgr.random100	reduce9	844332	833808	3.48	95304	58696	4.07	168662	596.93543	21
dac2012_superblue9.hgr.random100	reduce8	844332	833808	3.48	95304	58696	4.07	168662	599.23926	21
dac2012_superblue9.hgr.random100	reduce10	844332	833808	3.48	95229	58620	4.07	168702	654.26257	1
dac2012_superblue9.hgr.random100	reduce1	844332	833808	3.48	844332	833793	3.48	0	0.17024	1002
dac2012_superblue9.hgr.random100	reduce2	844332	833808	3.48	628720	634578	3.54	64584	0.25250	1002
dac2012_superblue9.hgr.random100	reduce3	844332	833808	3.48	844332	817096	3.50	0	0.91729	1002
dac2012_superblue9.hgr.random100	reduce4	844332	833808	3.48	474920	399330	3.79	94303	1.07721	1002
dac2012_superblue9.hgr.random100	reduce15	844332	833808	3.48	369012	282228	3.93	121558	25.96812	203
dac2012_superblue9.hgr.random100	reduce7	844332	833808	3.48	263981	59681	4.58	0	649.53774	21
dac2012_superblue9.hgr.random100	reduce5	844332	833808	3.48	663800	576450	3.47	7722	35.24088	1002
dac2012_superblue9.hgr.random100	reduce6	844332	833808	3.48	746752	750944	3.49	27605	19.08683	1002
dac2012_superblue9.hgr.random100	reduce10	844332	833808	3.48	95229	58620	4.07	168702	645.77012	21
dac2012_superblue9.hgr.random100	reduce11	844332	833808	3.48	95306	59785	4.59	168661	566.28165	21
dac2012_superblue9.hgr.random100	reduce12	844332	833808	3.48	95267	58655	4.07	168676	566.89924	21
dac2012_superblue9.hgr.random100	reduce13	844332	833808	3.48	94275	57386	4.09	168999	565.87592	21
dac2012_superblue9.hgr.random100	reduce14	844332	833808	3.48	95391	58778	4.07	168625	557.86013	21
dac2012_superblue9.hgr.random100	reduce8	844332	833808	3.48	95304	58696	4.07	168662	609.35440	203
dac2012_superblue9.hgr.random100	reduce9	844332	833808	3.48	95304	58696	4.07	168662	616.53648	203
dictionary28.mtx.hgr.random100	reduce1	52652	39327	4.53	52652	28310	5.90	0	0.01539	1
dictionary28.mtx.hgr.random100	reduce2	52652	39327	4.53	16877	19147	4.52	24243	0.01514	1
dictionary28.mtx.hgr.random100	reduce3	52652	39327	4.53	52652	26299	6.20	0	0.01742	1
dictionary28.mtx.hgr.random100	reduce4	52652	39327	4.53	19075	15737	4.23	19276	0.03103	1
dictionary28.mtx.hgr.random100	reduce5	52652	39327	4.53	19124	20227	3.13	20918	0.10649	1
dictionary28.mtx.hgr.random100	reduce6	52652	39327	4.53	16106	19039	4.53	24959	0.08841	1
dac2012_superblue9.hgr.random100	reduce12	844332	833808	3.48	95267	58655	4.07	168676	611.21105	203
dictionary28.mtx.hgr.random100	reduce7	52652	39327	4.53	31395	4749	3.21	0	0.11484	1
dictionary28.mtx.hgr.random100	reduce8	52652	39327	4.53	2640	3787	3.42	28711	0.07380	1
dictionary28.mtx.hgr.random100	reduce9	52652	39327	4.53	2640	3787	3.42	28711	0.07293	1
dictionary28.mtx.hgr.random100	reduce10	52652	39327	4.53	2640	3787	3.42	28711	0.09097	1
dictionary28.mtx.hgr.random100	reduce11	52652	39327	4.53	2640	4634	3.22	28711	0.06835	1
dac2012_superblue9.hgr.random100	reduce11	844332	833808	3.48	95306	59785	4.59	168661	617.97359	203
dictionary28.mtx.hgr.random100	reduce12	52652	39327	4.53	2640	3787	3.42	28711	0.07053	1
dictionary28.mtx.hgr.random100	reduce13	52652	39327	4.53	2658	3816	3.42	28706	0.06769	1
dictionary28.mtx.hgr.random100	reduce14	52652	39327	4.53	2640	3787	3.42	28711	0.06598	1
dictionary28.mtx.hgr.random100	reduce15	52652	39327	4.53	4486	6084	3.79	28201	0.05005	1
dictionary28.mtx.hgr.random100	reduce1	52652	39327	4.53	52652	28310	5.90	0	0.01096	21
dac2012_superblue9.hgr.random100	reduce15	844332	833808	3.48	369012	282228	3.93	121558	27.30192	1002
dictionary28.mtx.hgr.random100	reduce2	52652	39327	4.53	16877	19147	4.52	24243	0.01488	21
dictionary28.mtx.hgr.random100	reduce3	52652	39327	4.53	52652	26299	6.20	0	0.01711	21
dictionary28.mtx.hgr.random100	reduce4	52652	39327	4.53	19075	15737	4.23	19276	0.03158	21
dictionary28.mtx.hgr.random100	reduce5	52652	39327	4.53	19124	20227	3.13	20918	0.10625	21
dac2012_superblue9.hgr.random100	reduce14	844332	833808	3.48	95391	58778	4.07	168625	610.75043	203
dictionary28.mtx.hgr.random100	reduce6	52652	39327	4.53	16106	19039	4.53	24959	0.08711	21
dictionary28.mtx.hgr.random100	reduce7	52652	39327	4.53	31395	4749	3.21	0	0.11350	21
dictionary28.mtx.hgr.random100	reduce8	52652	39327	4.53	2640	3787	3.42	28711	0.07171	21
dictionary28.mtx.hgr.random100	reduce9	52652	39327	4.53	2640	3787	3.42	28711	0.07117	21
dictionary28.mtx.hgr.random100	reduce10	52652	39327	4.53	2640	3787	3.42	28711	0.09322	21
dictionary28.mtx.hgr.random100	reduce11	52652	39327	4.53	2640	4634	3.22	28711	0.06821	21
dictionary28.mtx.hgr.random100	reduce12	52652	39327	4.53	2640	3787	3.42	28711	0.07048	21
dictionary28.mtx.hgr.random100	reduce13	52652	39327	4.53	2658	3816	3.42	28706	0.06770	21
dictionary28.mtx.hgr.random100	reduce14	52652	39327	4.53	2640	3787	3.42	28711	0.06522	21
dac2012_superblue9.hgr.random100	reduce13	844332	833808	3.48	94275	57386	4.09	168999	621.82784	203
dictionary28.mtx.hgr.random100	reduce15	52652	39327	4.53	4486	6084	3.79	28201	0.05049	21
dictionary28.mtx.hgr.random100	reduce1	52652	39327	4.53	52652	28310	5.90	0	0.01085	203
dictionary28.mtx.hgr.random100	reduce2	52652	39327	4.53	16877	19147	4.52	24243	0.01472	203
dictionary28.mtx.hgr.random100	reduce3	52652	39327	4.53	52652	26299	6.20	0	0.01791	203
dictionary28.mtx.hgr.random100	reduce4	52652	39327	4.53	19075	15737	4.23	19276	0.03140	203
dictionary28.mtx.hgr.random100	reduce5	52652	39327	4.53	19124	20227	3.13	20918	0.10442	203
dictionary28.mtx.hgr.random100	reduce6	52652	39327	4.53	16106	19039	4.53	24959	0.08873	203
dictionary28.mtx.hgr.random100	reduce7	52652	39327	4.53	31395	4749	3.21	0	0.11498	203
dac2012_superblue9.hgr.random100	reduce7	844332	833808	3.48	263981	59681	4.58	0	664.82617	203
dictionary28.mtx.hgr.random100	reduce8	52652	39327	4.53	2640	3787	3.42	28711	0.07149	203
dictionary28.mtx.hgr.random100	reduce9	52652	39327	4.53	2640	3787	3.42	28711	0.07150	203
dictionary28.mtx.hgr.random100	reduce10	52652	39327	4.53	2640	3787	3.42	28711	0.08833	203
dictionary28.mtx.hgr.random100	reduce11	52652	39327	4.53	2640	4634	3.22	28711	0.06766	203
dictionary28.mtx.hgr.random100	reduce12	52652	39327	4.53	2640	3787	3.42	28711	0.07011	203
dictionary28.mtx.hgr.random100	reduce13	52652	39327	4.53	2658	3816	3.42	28706	0.06719	203
dictionary28.mtx.hgr.random100	reduce14	52652	39327	4.53	2640	3787	3.42	28711	0.06614	203
dictionary28.mtx.hgr.random100	reduce15	52652	39327	4.53	4486	6084	3.79	28201	0.04984	203
dictionary28.mtx.hgr.random100	reduce1	52652	39327	4.53	52652	28310	5.90	0	0.01248	1002
dictionary28.mtx.hgr.random100	reduce2	52652	39327	4.53	16877	19147	4.52	24243	0.01425	1002
dictionary28.mtx.hgr.random100	reduce3	52652	39327	4.53	52652	26299	6.20	0	0.01730	1002
dictionary28.mtx.hgr.random100	reduce4	52652	39327	4.53	19075	15737	4.23	19276	0.03037	1002
dac2012_superblue9.hgr.random100	reduce10	844332	833808	3.48	95229	58620	4.07	168702	665.86211	203
dictionary28.mtx.hgr.random100	reduce5	52652	39327	4.53	19124	20227	3.13	20918	0.10484	1002
dictionary28.mtx.hgr.random100	reduce6	52652	39327	4.53	16106	19039	4.53	24959	0.08706	1002
dictionary28.mtx.hgr.random100	reduce7	52652	39327	4.53	31395	4749	3.21	0	0.11234	1002
dictionary28.mtx.hgr.random100	reduce8	52652	39327	4.53	2640	3787	3.42	28711	0.07185	1002
dictionary28.mtx.hgr.random100	reduce9	52652	39327	4.53	2640	3787	3.42	28711	0.07046	1002
dac2012_superblue9.hgr.random100	reduce9	844332	833808	3.48	95304	58696	4.07	168662	600.92074	1002
dictionary28.mtx.hgr.random100	reduce10	52652	39327	4.53	2640	3787	3.42	28711	0.08928	1002
dictionary28.mtx.hgr.random100	reduce11	52652	39327	4.53	2640	4634	3.22	28711	0.06721	1002
dac2012_superblue9.hgr.random100	reduce8	844332	833808	3.48	95304	58696	4.07	168662	605.12913	1002
dictionary28.mtx.hgr.random100	reduce12	52652	39327	4.53	2640	3787	3.42	28711	0.06963	1002
dictionary28.mtx.hgr.random100	reduce13	52652	39327	4.53	2658	3816	3.42	28706	0.06664	1002
dictionary28.mtx.hgr.random100	reduce14	52652	39327	4.53	2640	3787	3.42	28711	0.06476	1002
dictionary28.mtx.hgr.random100	reduce15	52652	39327	4.53	4486	6084	3.79	28201	0.04974	1002
ex19.mtx.hgr.random100	reduce1	12005	12005	21.65	12005	11703	22.18	0	0.01106	1
ex19.mtx.hgr.random100	reduce2	12005	12005	21.65	11703	11703	22.18	302	0.00875	1
ex19.mtx.hgr.random100	reduce3	12005	12005	21.65	12005	2001	31.66	0	0.00729	1
ex19.mtx.hgr.random100	reduce4	12005	12005	21.65	2330	7996	2.62	151	0.02994	1
ex19.mtx.hgr.random100	reduce5	12005	12005	21.65	12	18	2.00	979	0.04331	1
ex19.mtx.hgr.random100	reduce6	12005	12005	21.65	11703	11703	22.18	302	0.04771	1
ex19.mtx.hgr.random100	reduce7	12005	12005	21.65	985	0	0.00	0	0.05525	1
ex19.mtx.hgr.random100	reduce8	12005	12005	21.65	0	0	0.00	985	0.01217	1
ex19.mtx.hgr.random100	reduce9	12005	12005	21.65	0	0	0.00	985	0.01153	1
ex19.mtx.hgr.random100	reduce10	12005	12005	21.65	0	0	0.00	985	0.02131	1
ex19.mtx.hgr.random100	reduce11	12005	12005	21.65	0	0	0.00	985	0.04685	1
ex19.mtx.hgr.random100	reduce12	12005	12005	21.65	0	0	0.00	985	0.01195	1
ex19.mtx.hgr.random100	reduce13	12005	12005	21.65	0	0	0.00	985	0.01212	1
ex19.mtx.hgr.random100	reduce14	12005	12005	21.65	0	0	0.00	985	0.01123	1
ex19.mtx.hgr.random100	reduce15	12005	12005	21.65	0	0	0.00	985	0.01083	1
ex19.mtx.hgr.random100	reduce1	12005	12005	21.65	12005	11703	22.18	0	0.00871	21
ex19.mtx.hgr.random100	reduce2	12005	12005	21.65	11703	11703	22.18	302	0.00885	21
ex19.mtx.hgr.random100	reduce3	12005	12005	21.65	12005	2001	31.66	0	0.00730	21
ex19.mtx.hgr.random100	reduce4	12005	12005	21.65	2330	7996	2.62	151	0.02945	21
ex19.mtx.hgr.random100	reduce5	12005	12005	21.65	12	18	2.00	979	0.04321	21
ex19.mtx.hgr.random100	reduce6	12005	12005	21.65	11703	11703	22.18	302	0.04743	21
ex19.mtx.hgr.random100	reduce7	12005	12005	21.65	985	0	0.00	0	0.05467	21
ex19.mtx.hgr.random100	reduce8	12005	12005	21.65	0	0	0.00	985	0.01218	21
ex19.mtx.hgr.random100	reduce9	12005	12005	21.65	0	0	0.00	985	0.01133	21
ex19.mtx.hgr.random100	reduce10	12005	12005	21.65	0	0	0.00	985	0.02136	21
dac2012_superblue9.hgr.random100	reduce7	844332	833808	3.48	263981	59681	4.58	0	651.98829	1002
ex19.mtx.hgr.random100	reduce11	12005	12005	21.65	0	0	0.00	985	0.04664	21
ex19.mtx.hgr.random100	reduce12	12005	12005	21.65	0	0	0.00	985	0.01209	21
ex19.mtx.hgr.random100	reduce13	12005	12005	21.65	0	0	0.00	985	0.01200	21
ex19.mtx.hgr.random100	reduce14	12005	12005	21.65	0	0	0.00	985	0.01111	21
ex19.mtx.hgr.random100	reduce15	12005	12005	21.65	0	0	0.00	985	0.01089	21
ex19.mtx.hgr.random100	reduce1	12005	12005	21.65	12005	11703	22.18	0	0.00863	203
ex19.mtx.hgr.random100	reduce2	12005	12005	21.65	11703	11703	22.18	302	0.00866	203
ex19.mtx.hgr.random100	reduce3	12005	12005	21.65	12005	2001	31.66	0	0.00731	203
ex19.mtx.hgr.random100	reduce4	12005	12005	21.65	2330	7996	2.62	151	0.02962	203
ex19.mtx.hgr.random100	reduce5	12005	12005	21.65	12	18	2.00	979	0.04379	203
ex19.mtx.hgr.random100	reduce6	12005	12005	21.65	11703	11703	22.18	302	0.04649	203
ex19.mtx.hgr.random100	reduce7	12005	12005	21.65	985	0	0.00	0	0.05457	203
ex19.mtx.hgr.random100	reduce8	12005	12005	21.65	0	0	0.00	985	0.01204	203
ex19.mtx.hgr.random100	reduce9	12005	12005	21.65	0	0	0.00	985	0.01175	203
ex19.mtx.hgr.random100	reduce10	12005	12005	21.65	0	0	0.00	985	0.02320	203
ex19.mtx.hgr.random100	reduce11	12005	12005	21.65	0	0	0.00	985	0.04628	203
ex19.mtx.hgr.random100	reduce12	12005	12005	21.65	0	0	0.00	985	0.01194	203
ex19.mtx.hgr.random100	reduce13	12005	12005	21.65	0	0	0.00	985	0.01141	203
ex19.mtx.hgr.random100	reduce14	12005	12005	21.65	0	0	0.00	985	0.01134	203
ex19.mtx.hgr.random100	reduce15	12005	12005	21.65	0	0	0.00	985	0.01123	203
ex19.mtx.hgr.random100	reduce1	12005	12005	21.65	12005	11703	22.18	0	0.00901	1002
dac2012_superblue9.hgr.random100	reduce10	844332	833808	3.48	95229	58620	4.07	168702	644.06435	1002
ex19.mtx.hgr.random100	reduce2	12005	12005	21.65	11703	11703	22.18	302	0.00880	1002
ex19.mtx.hgr.random100	reduce3	12005	12005	21.65	12005	2001	31.66	0	0.00748	1002
ex19.mtx.hgr.random100	reduce4	12005	12005	21.65	2330	7996	2.62	151	0.02984	1002
ex19.mtx.hgr.random100	reduce5	12005	12005	21.65	12	18	2.00	979	0.04367	1002
ex19.mtx.hgr.random100	reduce6	12005	12005	21.65	11703	11703	22.18	302	0.04711	1002
ex19.mtx.hgr.random100	reduce7	12005	12005	21.65	985	0	0.00	0	0.05436	1002
ex19.mtx.hgr.random100	reduce8	12005	12005	21.65	0	0	0.00	985	0.01189	1002
ex19.mtx.hgr.random100	reduce9	12005	12005	21.65	0	0	0.00	985	0.01178	1002
ex19.mtx.hgr.random100	reduce10	12005	12005	21.65	0	0	0.00	985	0.02125	1002
ex19.mtx.hgr.random100	reduce11	12005	12005	21.65	0	0	0.00	985	0.04671	1002
ex19.mtx.hgr.random100	reduce12	12005	12005	21.65	0	0	0.00	985	0.01192	1002
ex19.mtx.hgr.random100	reduce13	12005	12005	21.65	0	0	0.00	985	0.01140	1002
ex19.mtx.hgr.random100	reduce14	12005	12005	21.65	0	0	0.00	985	0.01033	1002
ex19.mtx.hgr.random100	reduce15	12005	12005	21.65	0	0	0.00	985	0.01069	1002
fd18.mtx.hgr.random100	reduce1	16428	16428	3.86	16428	16138	3.91	0	0.00574	1
fd18.mtx.hgr.random100	reduce2	16428	16428	3.86	14392	14369	3.93	876	0.00458	1
fd18.mtx.hgr.random100	reduce3	16428	16428	3.86	16428	15996	3.93	0	0.00691	1
fd18.mtx.hgr.random100	reduce4	16428	16428	3.86	14252	14353	3.90	880	0.00705	1
fd18.mtx.hgr.random100	reduce5	16428	16428	3.86	14458	14757	3.82	630	0.01687	1
fd18.mtx.hgr.random100	reduce6	16428	16428	3.86	14392	14369	3.93	876	0.01691	1
fd18.mtx.hgr.random100	reduce7	16428	16428	3.86	14384	13644	3.83	0	0.01924	1
fd18.mtx.hgr.random100	reduce8	16428	16428	3.86	13360	13612	3.83	1024	0.02740	1
fd18.mtx.hgr.random100	reduce9	16428	16428	3.86	13360	13612	3.83	1024	0.02737	1
fd18.mtx.hgr.random100	reduce10	16428	16428	3.86	13360	13612	3.83	1024	0.02720	1
fd18.mtx.hgr.random100	reduce11	16428	16428	3.86	13360	13644	3.83	1024	0.02594	1
fd18.mtx.hgr.random100	reduce12	16428	16428	3.86	13360	13612	3.83	1024	0.02779	1
fd18.mtx.hgr.random100	reduce13	16428	16428	3.86	13360	13612	3.83	1024	0.02466	1
fd18.mtx.hgr.random100	reduce14	16428	16428	3.86	13360	13612	3.83	1024	0.02431	1
fd18.mtx.hgr.random100	reduce15	16428	16428	3.86	13712	13652	3.93	1012	0.02171	1
dac2012_superblue9.hgr.random100	reduce11	844332	833808	3.48	95306	59785	4.59	168661	566.19512	1002
fd18.mtx.hgr.random100	reduce1	16428	16428	3.86	16428	16138	3.91	0	0.00495	21
fd18.mtx.hgr.random100	reduce2	16428	16428	3.86	14392	14369	3.93	876	0.00461	21
fd18.mtx.hgr.random100	reduce3	16428	16428	3.86	16428	15996	3.93	0	0.00713	21
fd18.mtx.hgr.random100	reduce4	16428	16428	3.86	14252	14353	3.90	880	0.00733	21
fd18.mtx.hgr.random100	reduce5	16428	16428	3.86	14458	14757	3.82	630	0.01727	21
fd18.mtx.hgr.random100	reduce6	16428	16428	3.86	14392	14369	3.93	876	0.01687	21
fd18.mtx.hgr.random100	reduce7	16428	16428	3.86	14384	13644	3.83	0	0.01997	21
fd18.mtx.hgr.random100	reduce8	16428	16428	3.86	13360	13612	3.83	1024	0.02748	21
fd18.mtx.hgr.random100	reduce9	16428	16428	3.86	13360	13612	3.83	1024	0.02734	21
fd18.mtx.hgr.random100	reduce10	16428	16428	3.86	13360	13612	3.83	1024	0.02775	21
fd18.mtx.hgr.random100	reduce11	16428	16428	3.86	13360	13644	3.83	1024	0.02568	21
fd18.mtx.hgr.random100	reduce12	16428	16428	3.86	13360	13612	3.83	1024	0.02630	21
fd18.mtx.hgr.random100	reduce13	16428	16428	3.86	13360	13612	3.83	1024	0.02393	21
fd18.mtx.hgr.random100	reduce14	16428	16428	3.86	13360	13612	3.83	1024	0.02184	21
fd18.mtx.hgr.random100	reduce15	16428	16428	3.86	13712	13652	3.93	1012	0.02265	21
fd18.mtx.hgr.random100	reduce1	16428	16428	3.86	16428	16138	3.91	0	0.00485	203
fd18.mtx.hgr.random100	reduce2	16428	16428	3.86	14392	14369	3.93	876	0.00483	203
fd18.mtx.hgr.random100	reduce3	16428	16428	3.86	16428	15996	3.93	0	0.00687	203
fd18.mtx.hgr.random100	reduce4	16428	16428	3.86	14252	14353	3.90	880	0.00706	203
fd18.mtx.hgr.random100	reduce5	16428	16428	3.86	14458	14757	3.82	630	0.01862	203
fd18.mtx.hgr.random100	reduce6	16428	16428	3.86	14392	14369	3.93	876	0.01695	203
fd18.mtx.hgr.random100	reduce7	16428	16428	3.86	14384	13644	3.83	0	0.01938	203
fd18.mtx.hgr.random100	reduce8	16428	16428	3.86	13360	13612	3.83	1024	0.02700	203
fd18.mtx.hgr.random100	reduce9	16428	16428	3.86	13360	13612	3.83	1024	0.02711	203
fd18.mtx.hgr.random100	reduce10	16428	16428	3.86	13360	13612	3.83	1024	0.02750	203
fd18.mtx.hgr.random100	reduce11	16428	16428	3.86	13360	13644	3.83	1024	0.02629	203
fd18.mtx.hgr.random100	reduce12	16428	16428	3.86	13360	13612	3.83	1024	0.02682	203
fd18.mtx.hgr.random100	reduce13	16428	16428	3.86	13360	13612	3.83	1024	0.02427	203
fd18.mtx.hgr.random100	reduce14	16428	16428	3.86	13360	13612	3.83	1024	0.02395	203
fd18.mtx.hgr.random100	reduce15	16428	16428	3.86	13712	13652	3.93	1012	0.02123	203
fd18.mtx.hgr.random100	reduce1	16428	16428	3.86	16428	16138	3.91	0	0.00485	1002
fd18.mtx.hgr.random100	reduce2	16428	16428	3.86	14392	14369	3.93	876	0.00476	1002
fd18.mtx.hgr.random100	reduce3	16428	16428	3.86	16428	15996	3.93	0	0.00729	1002
fd18.mtx.hgr.random100	reduce4	16428	16428	3.86	14252	14353	3.90	880	0.00708	1002
fd18.mtx.hgr.random100	reduce5	16428	16428	3.86	14458	14757	3.82	630	0.01763	1002
fd18.mtx.hgr.random100	reduce6	16428	16428	3.86	14392	14369	3.93	876	0.01707	1002
fd18.mtx.hgr.random100	reduce7	16428	16428	3.86	14384	13644	3.83	0	0.01964	1002
fd18.mtx.hgr.random100	reduce8	16428	16428	3.86	13360	13612	3.83	1024	0.02720	1002
fd18.mtx.hgr.random100	reduce9	16428	16428	3.86	13360	13612	3.83	1024	0.01960	1002
dac2012_superblue9.hgr.random100	reduce12	844332	833808	3.48	95267	58655	4.07	168676	553.39742	1002
fd18.mtx.hgr.random100	reduce10	16428	16428	3.86	13360	13612	3.83	1024	0.02811	1002
fd18.mtx.hgr.random100	reduce11	16428	16428	3.86	13360	13644	3.83	1024	0.02699	1002
fd18.mtx.hgr.random100	reduce12	16428	16428	3.86	13360	13612	3.83	1024	0.02730	1002
fd18.mtx.hgr.random100	reduce13	16428	16428	3.86	13360	13612	3.83	1024	0.02463	1002
fd18.mtx.hgr.random100	reduce14	16428	16428	3.86	13360	13612	3.83	1024	0.02395	1002
fd18.mtx.hgr.random100	reduce15	16428	16428	3.86	13712	13652	3.93	1012	0.02099	1002
g7jac040sc.mtx.hgr.random100	reduce1	11790	11790	9.73	11790	11790	9.73	0	0.00355	1
g7jac040sc.mtx.hgr.random100	reduce2	11790	11790	9.73	11790	11790	9.73	0	0.00653	1
g7jac040sc.mtx.hgr.random100	reduce3	11790	11790	9.73	11790	9505	10.75	0	0.00850	1
g7jac040sc.mtx.hgr.random100	reduce4	11790	11790	9.73	7580	8904	5.51	376	0.01938	1
g7jac040sc.mtx.hgr.random100	reduce5	11790	11790	9.73	7084	8734	5.08	154	0.04567	1
g7jac040sc.mtx.hgr.random100	reduce6	11790	11790	9.73	11790	11790	9.73	0	0.03404	1
g7jac040sc.mtx.hgr.random100	reduce7	11790	11790	9.73	4288	2271	2.72	0	0.10379	1
g7jac040sc.mtx.hgr.random100	reduce8	11790	11790	9.73	2061	2256	2.73	2227	0.09974	1
g7jac040sc.mtx.hgr.random100	reduce9	11790	11790	9.73	2061	2256	2.73	2227	0.09865	1
g7jac040sc.mtx.hgr.random100	reduce10	11790	11790	9.73	2061	2256	2.73	2227	0.09944	1
g7jac040sc.mtx.hgr.random100	reduce11	11790	11790	9.73	2061	2271	2.72	2227	0.09963	1
g7jac040sc.mtx.hgr.random100	reduce12	11790	11790	9.73	2061	2256	2.73	2227	0.11387	1
g7jac040sc.mtx.hgr.random100	reduce13	11790	11790	9.73	2061	2256	2.73	2227	0.09504	1
g7jac040sc.mtx.hgr.random100	reduce14	11790	11790	9.73	2061	2256	2.73	2227	0.09815	1
g7jac040sc.mtx.hgr.random100	reduce15	11790	11790	9.73	6501	6923	4.71	449	0.03690	1
g7jac040sc.mtx.hgr.random100	reduce1	11790	11790	9.73	11790	11790	9.73	0	0.00656	21
g7jac040sc.mtx.hgr.random100	reduce2	11790	11790	9.73	11790	11790	9.73	0	0.00671	21
g7jac040sc.mtx.hgr.random100	reduce3	11790	11790	9.73	11790	9505	10.75	0	0.00845	21
g7jac040sc.mtx.hgr.random100	reduce4	11790	11790	9.73	7580	8904	5.51	376	0.02031	21
g7jac040sc.mtx.hgr.random100	reduce5	11790	11790	9.73	7084	8734	5.08	154	0.04629	21
g7jac040sc.mtx.hgr.random100	reduce6	11790	11790	9.73	11790	11790	9.73	0	0.03384	21
g7jac040sc.mtx.hgr.random100	reduce7	11790	11790	9.73	4288	2271	2.72	0	0.10493	21
g7jac040sc.mtx.hgr.random100	reduce8	11790	11790	9.73	2061	2256	2.73	2227	0.10175	21
g7jac040sc.mtx.hgr.random100	reduce9	11790	11790	9.73	2061	2256	2.73	2227	0.09958	21
g7jac040sc.mtx.hgr.random100	reduce10	11790	11790	9.73	2061	2256	2.73	2227	0.09972	21
g7jac040sc.mtx.hgr.random100	reduce11	11790	11790	9.73	2061	2271	2.72	2227	0.10070	21
g7jac040sc.mtx.hgr.random100	reduce12	11790	11790	9.73	2061	2256	2.73	2227	0.11455	21
g7jac040sc.mtx.hgr.random100	reduce13	11790	11790	9.73	2061	2256	2.73	2227	0.09511	21
g7jac040sc.mtx.hgr.random100	reduce14	11790	11790	9.73	2061	2256	2.73	2227	0.10099	21
g7jac040sc.mtx.hgr.random100	reduce15	11790	11790	9.73	6501	6923	4.71	449	0.04018	21
g7jac040sc.mtx.hgr.random100	reduce1	11790	11790	9.73	11790	11790	9.73	0	0.00655	203
g7jac040sc.mtx.hgr.random100	reduce2	11790	11790	9.73	11790	11790	9.73	0	0.00650	203
g7jac040sc.mtx.hgr.random100	reduce3	11790	11790	9.73	11790	9505	10.75	0	0.00839	203
g7jac040sc.mtx.hgr.random100	reduce4	11790	11790	9.73	7580	8904	5.51	376	0.01951	203
g7jac040sc.mtx.hgr.random100	reduce5	11790	11790	9.73	7084	8734	5.08	154	0.04643	203
g7jac040sc.mtx.hgr.random100	reduce6	11790	11790	9.73	11790	11790	9.73	0	0.03345	203
g7jac040sc.mtx.hgr.random100	reduce7	11790	11790	9.73	4288	2271	2.72	0	0.10446	203
dac2012_superblue9.hgr.random100	reduce13	844332	833808	3.48	94275	57386	4.09	168999	544.60695	1002
g7jac040sc.mtx.hgr.random100	reduce8	11790	11790	9.73	2061	2256	2.73	2227	0.09972	203
g7jac040sc.mtx.hgr.random100	reduce9	11790	11790	9.73	2061	2256	2.73	2227	0.09866	203
g7jac040sc.mtx.hgr.random100	reduce10	11790	11790	9.73	2061	2256	2.73	2227	0.09886	203
g7jac040sc.mtx.hgr.random100	reduce11	11790	11790	9.73	2061	2271	2.72	2227	0.09976	203
g7jac040sc.mtx.hgr.random100	reduce12	11790	11790	9.73	2061	2256	2.73	2227	0.11414	203
g7jac040sc.mtx.hgr.random100	reduce13	11790	11790	9.73	2061	2256	2.73	2227	0.09618	203
g7jac040sc.mtx.hgr.random100	reduce14	11790	11790	9.73	2061	2256	2.73	2227	0.09671	203
g7jac040sc.mtx.hgr.random100	reduce15	11790	11790	9.73	6501	6923	4.71	449	0.04100	203
g7jac040sc.mtx.hgr.random100	reduce1	11790	11790	9.73	11790	11790	9.73	0	0.00648	1002
g7jac040sc.mtx.hgr.random100	reduce2	11790	11790	9.73	11790	11790	9.73	0	0.00650	1002
g7jac040sc.mtx.hgr.random100	reduce3	11790	11790	9.73	11790	9505	10.75	0	0.00845	1002
g7jac040sc.mtx.hgr.random100	reduce4	11790	11790	9.73	7580	8904	5.51	376	0.01952	1002
g7jac040sc.mtx.hgr.random100	reduce5	11790	11790	9.73	7084	8734	5.08	154	0.04627	1002
g7jac040sc.mtx.hgr.random100	reduce6	11790	11790	9.73	11790	11790	9.73	0	0.03314	1002
g7jac040sc.mtx.hgr.random100	reduce7	11790	11790	9.73	4288	2271	2.72	0	0.10412	1002
g7jac040sc.mtx.hgr.random100	reduce8	11790	11790	9.73	2061	2256	2.73	2227	0.10008	1002
g7jac040sc.mtx.hgr.random100	reduce9	11790	11790	9.73	2061	2256	2.73	2227	0.10032	1002
g7jac040sc.mtx.hgr.random100	reduce10	11790	11790	9.73	2061	2256	2.73	2227	0.09886	1002
g7jac040sc.mtx.hgr.random100	reduce11	11790	11790	9.73	2061	2271	2.72	2227	0.10059	1002
g7jac040sc.mtx.hgr.random100	reduce12	11790	11790	9.73	2061	2256	2.73	2227	0.11492	1002
g7jac040sc.mtx.hgr.random100	reduce13	11790	11790	9.73	2061	2256	2.73	2227	0.09522	1002
g7jac040sc.mtx.hgr.random100	reduce14	11790	11790	9.73	2061	2256	2.73	2227	0.09826	1002
g7jac040sc.mtx.hgr.random100	reduce15	11790	11790	9.73	6501	6923	4.71	449	0.04129	1002
garon2.mtx.hgr.random100	reduce1	13535	13535	28.86	13535	13535	28.86	0	0.00919	1
garon2.mtx.hgr.random100	reduce2	13535	13535	28.86	13535	13535	28.86	0	0.00969	1
garon2.mtx.hgr.random100	reduce3	13535	13535	28.86	13535	1596	42.13	0	0.00578	1
garon2.mtx.hgr.random100	reduce4	13535	13535	28.86	4444	13482	7.10	0	0.04133	1
garon2.mtx.hgr.random100	reduce5	13535	13535	28.86	3696	12445	6.36	0	0.10428	1
garon2.mtx.hgr.random100	reduce6	13535	13535	28.86	13535	13535	28.86	0	0.07693	1
dac2012_superblue9.hgr.random100	reduce14	844332	833808	3.48	95391	58778	4.07	168625	533.20263	1002
garon2.mtx.hgr.random100	reduce7	13535	13535	28.86	3656	12318	6.35	0	0.09359	1
garon2.mtx.hgr.random100	reduce8	13535	13535	28.86	3647	1451	9.84	7	0.03595	1
garon2.mtx.hgr.random100	reduce9	13535	13535	28.86	3647	1451	9.84	7	0.03479	1
garon2.mtx.hgr.random100	reduce10	13535	13535	28.86	3647	1451	9.84	7	0.03356	1
garon2.mtx.hgr.random100	reduce11	13535	13535	28.86	3647	12314	6.35	7	0.07967	1
garon2.mtx.hgr.random100	reduce12	13535	13535	28.86	3647	1451	9.84	7	0.07971	1
garon2.mtx.hgr.random100	reduce13	13535	13535	28.86	3647	1451	9.84	7	0.03135	1
garon2.mtx.hgr.random100	reduce14	13535	13535	28.86	3647	1451	9.84	7	0.03172	1
garon2.mtx.hgr.random100	reduce15	13535	13535	28.86	3666	1456	9.86	6	0.02905	1
garon2.mtx.hgr.random100	reduce1	13535	13535	28.86	13535	13535	28.86	0	0.00936	21
garon2.mtx.hgr.random100	reduce2	13535	13535	28.86	13535	13535	28.86	0	0.00933	21
garon2.mtx.hgr.random100	reduce3	13535	13535	28.86	13535	1596	42.13	0	0.00578	21
garon2.mtx.hgr.random100	reduce4	13535	13535	28.86	4444	13482	7.10	0	0.04145	21
garon2.mtx.hgr.random100	reduce5	13535	13535	28.86	3696	12445	6.36	0	0.10491	21
garon2.mtx.hgr.random100	reduce6	13535	13535	28.86	13535	13535	28.86	0	0.07779	21
garon2.mtx.hgr.random100	reduce7	13535	13535	28.86	3656	12318	6.35	0	0.09321	21
garon2.mtx.hgr.random100	reduce8	13535	13535	28.86	3647	1451	9.84	7	0.03629	21
garon2.mtx.hgr.random100	reduce9	13535	13535	28.86	3647	1451	9.84	7	0.03601	21
garon2.mtx.hgr.random100	reduce10	13535	13535	28.86	3647	1451	9.84	7	0.03314	21
garon2.mtx.hgr.random100	reduce11	13535	13535	28.86	3647	12314	6.35	7	0.08105	21
garon2.mtx.hgr.random100	reduce12	13535	13535	28.86	3647	1451	9.84	7	0.08006	21
garon2.mtx.hgr.random100	reduce13	13535	13535	28.86	3647	1451	9.84	7	0.03167	21
garon2.mtx.hgr.random100	reduce14	13535	13535	28.86	3647	1451	9.84	7	0.03265	21
garon2.mtx.hgr.random100	reduce15	13535	13535	28.86	3666	1456	9.86	6	0.03038	21
garon2.mtx.hgr.random100	reduce1	13535	13535	28.86	13535	13535	28.86	0	0.00961	203
garon2.mtx.hgr.random100	reduce2	13535	13535	28.86	13535	13535	28.86	0	0.00942	203
garon2.mtx.hgr.random100	reduce3	13535	13535	28.86	13535	1596	42.13	0	0.00576	203
garon2.mtx.hgr.random100	reduce4	13535	13535	28.86	4444	13482	7.10	0	0.04140	203
garon2.mtx.hgr.random100	reduce5	13535	13535	28.86	3696	12445	6.36	0	0.10408	203
garon2.mtx.hgr.random100	reduce6	13535	13535	28.86	13535	13535	28.86	0	0.07742	203
garon2.mtx.hgr.random100	reduce7	13535	13535	28.86	3656	12318	6.35	0	0.09299	203
garon2.mtx.hgr.random100	reduce8	13535	13535	28.86	3647	1451	9.84	7	0.03558	203
garon2.mtx.hgr.random100	reduce9	13535	13535	28.86	3647	1451	9.84	7	0.03460	203
garon2.mtx.hgr.random100	reduce10	13535	13535	28.86	3647	1451	9.84	7	0.03341	203
garon2.mtx.hgr.random100	reduce11	13535	13535	28.86	3647	12314	6.35	7	0.08143	203
garon2.mtx.hgr.random100	reduce12	13535	13535	28.86	3647	1451	9.84	7	0.08071	203
garon2.mtx.hgr.random100	reduce13	13535	13535	28.86	3647	1451	9.84	7	0.03080	203
garon2.mtx.hgr.random100	reduce14	13535	13535	28.86	3647	1451	9.84	7	0.03240	203
garon2.mtx.hgr.random100	reduce15	13535	13535	28.86	3666	1456	9.86	6	0.02947	203
garon2.mtx.hgr.random100	reduce1	13535	13535	28.86	13535	13535	28.86	0	0.00991	1002
garon2.mtx.hgr.random100	reduce2	13535	13535	28.86	13535	13535	28.86	0	0.00969	1002
garon2.mtx.hgr.random100	reduce3	13535	13535	28.86	13535	1596	42.13	0	0.00579	1002
garon2.mtx.hgr.random100	reduce4	13535	13535	28.86	4444	13482	7.10	0	0.04115	1002
garon2.mtx.hgr.random100	reduce5	13535	13535	28.86	3696	12445	6.36	0	0.10412	1002
garon2.mtx.hgr.random100	reduce6	13535	13535	28.86	13535	13535	28.86	0	0.07846	1002
garon2.mtx.hgr.random100	reduce7	13535	13535	28.86	3656	12318	6.35	0	0.09301	1002
garon2.mtx.hgr.random100	reduce8	13535	13535	28.86	3647	1451	9.84	7	0.03538	1002
garon2.mtx.hgr.random100	reduce9	13535	13535	28.86	3647	1451	9.84	7	0.03455	1002
garon2.mtx.hgr.random100	reduce10	13535	13535	28.86	3647	1451	9.84	7	0.03321	1002
garon2.mtx.hgr.random100	reduce11	13535	13535	28.86	3647	12314	6.35	7	0.08222	1002
garon2.mtx.hgr.random100	reduce12	13535	13535	28.86	3647	1451	9.84	7	0.08037	1002
garon2.mtx.hgr.random100	reduce13	13535	13535	28.86	3647	1451	9.84	7	0.03211	1002
garon2.mtx.hgr.random100	reduce14	13535	13535	28.86	3647	1451	9.84	7	0.03163	1002
garon2.mtx.hgr.random100	reduce15	13535	13535	28.86	3666	1456	9.86	6	0.02902	1002
IMDB.mtx.hgr.random100	reduce1	896308	303617	12.46	896308	265590	14.10	0	0.62987	1
IMDB.mtx.hgr.random100	reduce2	896308	303617	12.46	1624	939	2.93	137364	1.93396	1
IMDB.mtx.hgr.random100	reduce3	896308	303617	12.46	896308	244841	15.02	0	1.01853	1
IMDB.mtx.hgr.random100	reduce4	896308	303617	12.46	4405	81	2.05	133817	1.92836	1
IMDB.mtx.hgr.random100	reduce8	896308	303617	12.46	0	0	0.00	138181	2.33846	1
IMDB.mtx.hgr.random100	reduce9	896308	303617	12.46	0	0	0.00	138181	2.25278	1
IMDB.mtx.hgr.random100	reduce6	896308	303617	12.46	4485	1050	6.02	137666	6.74677	1
IMDB.mtx.hgr.random100	reduce10	896308	303617	12.46	0	0	0.00	138181	2.66503	1
IMDB.mtx.hgr.random100	reduce11	896308	303617	12.46	0	0	0.00	138181	2.32531	1
IMDB.mtx.hgr.random100	reduce5	896308	303617	12.46	108165	62373	2.03	79104	9.78754	1
IMDB.mtx.hgr.random100	reduce12	896308	303617	12.46	0	0	0.00	138181	2.34866	1
IMDB.mtx.hgr.random100	reduce13	896308	303617	12.46	0	0	0.00	138181	2.33090	1
IMDB.mtx.hgr.random100	reduce14	896308	303617	12.46	0	0	0.00	138181	2.26061	1
IMDB.mtx.hgr.random100	reduce1	896308	303617	12.46	896308	265590	14.10	0	0.63341	21
IMDB.mtx.hgr.random100	reduce15	896308	303617	12.46	0	0	0.00	138181	2.22305	1
IMDB.mtx.hgr.random100	reduce2	896308	303617	12.46	1624	939	2.93	137364	1.93489	21
IMDB.mtx.hgr.random100	reduce3	896308	303617	12.46	896308	244841	15.02	0	1.01717	21
IMDB.mtx.hgr.random100	reduce4	896308	303617	12.46	4405	81	2.05	133817	1.97021	21
IMDB.mtx.hgr.random100	reduce8	896308	303617	12.46	0	0	0.00	138181	2.34898	21
IMDB.mtx.hgr.random100	reduce9	896308	303617	12.46	0	0	0.00	138181	2.30773	21
IMDB.mtx.hgr.random100	reduce6	896308	303617	12.46	4485	1050	6.02	137666	6.85436	21
IMDB.mtx.hgr.random100	reduce10	896308	303617	12.46	0	0	0.00	138181	2.70077	21
IMDB.mtx.hgr.random100	reduce11	896308	303617	12.46	0	0	0.00	138181	2.29726	21
IMDB.mtx.hgr.random100	reduce12	896308	303617	12.46	0	0	0.00	138181	2.29819	21
IMDB.mtx.hgr.random100	reduce5	896308	303617	12.46	108165	62373	2.03	79104	9.79374	21
IMDB.mtx.hgr.random100	reduce13	896308	303617	12.46	0	0	0.00	138181	2.31189	21
IMDB.mtx.hgr.random100	reduce14	896308	303617	12.46	0	0	0.00	138181	2.27352	21
IMDB.mtx.hgr.random100	reduce1	896308	303617	12.46	896308	265590	14.10	0	0.64340	203
IMDB.mtx.hgr.random100	reduce15	896308	303617	12.46	0	0	0.00	138181	2.27170	21
IMDB.mtx.hgr.random100	reduce2	896308	303617	12.46	1624	939	2.93	137364	1.91196	203
IMDB.mtx.hgr.random100	reduce3	896308	303617	12.46	896308	244841	15.02	0	1.02293	203
IMDB.mtx.hgr.random100	reduce4	896308	303617	12.46	4405	81	2.05	133817	1.93543	203
IMDB.mtx.hgr.random100	reduce8	896308	303617	12.46	0	0	0.00	138181	2.36671	203
IMDB.mtx.hgr.random100	reduce9	896308	303617	12.46	0	0	0.00	138181	2.29070	203
IMDB.mtx.hgr.random100	reduce6	896308	303617	12.46	4485	1050	6.02	137666	6.81163	203
IMDB.mtx.hgr.random100	reduce10	896308	303617	12.46	0	0	0.00	138181	2.67016	203
IMDB.mtx.hgr.random100	reduce11	896308	303617	12.46	0	0	0.00	138181	2.32241	203
IMDB.mtx.hgr.random100	reduce5	896308	303617	12.46	108165	62373	2.03	79104	9.83937	203
IMDB.mtx.hgr.random100	reduce12	896308	303617	12.46	0	0	0.00	138181	2.37073	203
IMDB.mtx.hgr.random100	reduce13	896308	303617	12.46	0	0	0.00	138181	2.35766	203
IMDB.mtx.hgr.random100	reduce14	896308	303617	12.46	0	0	0.00	138181	2.27261	203
IMDB.mtx.hgr.random100	reduce1	896308	303617	12.46	896308	265590	14.10	0	0.63799	1002
IMDB.mtx.hgr.random100	reduce15	896308	303617	12.46	0	0	0.00	138181	2.29053	203
IMDB.mtx.hgr.random100	reduce2	896308	303617	12.46	1624	939	2.93	137364	1.93083	1002
IMDB.mtx.hgr.random100	reduce3	896308	303617	12.46	896308	244841	15.02	0	1.03186	1002
IMDB.mtx.hgr.random100	reduce4	896308	303617	12.46	4405	81	2.05	133817	1.95428	1002
IMDB.mtx.hgr.random100	reduce8	896308	303617	12.46	0	0	0.00	138181	2.37268	1002
IMDB.mtx.hgr.random100	reduce9	896308	303617	12.46	0	0	0.00	138181	2.24903	1002
IMDB.mtx.hgr.random100	reduce6	896308	303617	12.46	4485	1050	6.02	137666	6.91938	1002
IMDB.mtx.hgr.random100	reduce10	896308	303617	12.46	0	0	0.00	138181	2.71197	1002
IMDB.mtx.hgr.random100	reduce11	896308	303617	12.46	0	0	0.00	138181	2.38356	1002
IMDB.mtx.hgr.random100	reduce12	896308	303617	12.46	0	0	0.00	138181	2.36092	1002
IMDB.mtx.hgr.random100	reduce5	896308	303617	12.46	108165	62373	2.03	79104	9.95032	1002
IMDB.mtx.hgr.random100	reduce13	896308	303617	12.46	0	0	0.00	138181	2.31725	1002
ISPD98_ibm11.hgr.random100	reduce1	70558	81454	3.45	70558	81454	3.45	0	0.01775	1
IMDB.mtx.hgr.random100	reduce14	896308	303617	12.46	0	0	0.00	138181	2.34043	1002
ISPD98_ibm11.hgr.random100	reduce2	70558	81454	3.45	64881	74229	3.47	2026	0.01912	1
IMDB.mtx.hgr.random100	reduce15	896308	303617	12.46	0	0	0.00	138181	2.25522	1002
ISPD98_ibm11.hgr.random100	reduce3	70558	81454	3.45	70558	71892	3.64	0	0.03423	1
ISPD98_ibm11.hgr.random100	reduce4	70558	81454	3.45	62871	71768	3.46	2579	0.04252	1
ISPD98_ibm11.hgr.random100	reduce5	70558	81454	3.45	64413	73174	3.30	320	0.14864	1
ISPD98_ibm11.hgr.random100	reduce6	70558	81454	3.45	64616	73829	3.47	2122	0.10713	1
ISPD98_ibm11.hgr.random100	reduce7	70558	81454	3.45	45294	40736	3.25	0	0.31315	1
IMDB.mtx.hgr.random100	reduce7	896308	303617	12.46	138181	0	0.00	0	68.21938	1
ISPD98_ibm11.hgr.random100	reduce8	70558	81454	3.45	34329	33959	3.44	10397	0.41515	1
ISPD98_ibm11.hgr.random100	reduce9	70558	81454	3.45	34329	33959	3.44	10397	0.41327	1
ISPD98_ibm11.hgr.random100	reduce10	70558	81454	3.45	34329	33959	3.44	10397	0.43296	1
ISPD98_ibm11.hgr.random100	reduce11	70558	81454	3.45	34329	39831	3.26	10397	0.40113	1
ISPD98_ibm11.hgr.random100	reduce12	70558	81454	3.45	34329	33959	3.44	10397	0.40544	1
ISPD98_ibm11.hgr.random100	reduce13	70558	81454	3.45	34586	34209	3.44	10313	0.36027	1
ISPD98_ibm11.hgr.random100	reduce14	70558	81454	3.45	34421	34045	3.45	10374	0.38379	1
ISPD98_ibm11.hgr.random100	reduce15	70558	81454	3.45	54108	54090	3.53	4749	0.20339	1
ISPD98_ibm11.hgr.random100	reduce1	70558	81454	3.45	70558	81454	3.45	0	0.01746	21
ISPD98_ibm11.hgr.random100	reduce2	70558	81454	3.45	64881	74229	3.47	2026	0.01886	21
ISPD98_ibm11.hgr.random100	reduce3	70558	81454	3.45	70558	71892	3.64	0	0.03350	21
ISPD98_ibm11.hgr.random100	reduce4	70558	81454	3.45	62871	71768	3.46	2579	0.04382	21
ISPD98_ibm11.hgr.random100	reduce5	70558	81454	3.45	64413	73174	3.30	320	0.15205	21
ISPD98_ibm11.hgr.random100	reduce6	70558	81454	3.45	64616	73829	3.47	2122	0.11360	21
ISPD98_ibm11.hgr.random100	reduce7	70558	81454	3.45	45294	40736	3.25	0	0.31363	21
ISPD98_ibm11.hgr.random100	reduce8	70558	81454	3.45	34329	33959	3.44	10397	0.41906	21
IMDB.mtx.hgr.random100	reduce7	896308	303617	12.46	138181	0	0.00	0	67.87999	21
ISPD98_ibm11.hgr.random100	reduce9	70558	81454	3.45	34329	33959	3.44	10397	0.41204	21
ISPD98_ibm11.hgr.random100	reduce10	70558	81454	3.45	34329	33959	3.44	10397	0.43466	21
ISPD98_ibm11.hgr.random100	reduce11	70558	81454	3.45	34329	39831	3.26	10397	0.40180	21
ISPD98_ibm11.hgr.random100	reduce12	70558	81454	3.45	34329	33959	3.44	10397	0.40802	21
ISPD98_ibm11.hgr.random100	reduce13	70558	81454	3.45	34586	34209	3.44	10313	0.36076	21
ISPD98_ibm11.hgr.random100	reduce14	70558	81454	3.45	34421	34045	3.45	10374	0.38224	21
ISPD98_ibm11.hgr.random100	reduce15	70558	81454	3.45	54108	54090	3.53	4749	0.20450	21
ISPD98_ibm11.hgr.random100	reduce1	70558	81454	3.45	70558	81454	3.45	0	0.01850	203
ISPD98_ibm11.hgr.random100	reduce2	70558	81454	3.45	64881	74229	3.47	2026	0.01981	203
ISPD98_ibm11.hgr.random100	reduce3	70558	81454	3.45	70558	71892	3.64	0	0.03488	203
ISPD98_ibm11.hgr.random100	reduce4	70558	81454	3.45	62871	71768	3.46	2579	0.04306	203
ISPD98_ibm11.hgr.random100	reduce5	70558	81454	3.45	64413	73174	3.30	320	0.15020	203
ISPD98_ibm11.hgr.random100	reduce6	70558	81454	3.45	64616	73829	3.47	2122	0.11051	203
IMDB.mtx.hgr.random100	reduce7	896308	303617	12.46	138181	0	0.00	0	67.08503	203
ISPD98_ibm11.hgr.random100	reduce7	70558	81454	3.45	45294	40736	3.25	0	0.31710	203
ISPD98_ibm11.hgr.random100	reduce8	70558	81454	3.45	34329	33959	3.44	10397	0.41686	203
ISPD98_ibm11.hgr.random100	reduce9	70558	81454	3.45	34329	33959	3.44	10397	0.41259	203
ISPD98_ibm11.hgr.random100	reduce10	70558	81454	3.45	34329	33959	3.44	10397	0.43555	203
ISPD98_ibm11.hgr.random100	reduce11	70558	81454	3.45	34329	39831	3.26	10397	0.40234	203
ISPD98_ibm11.hgr.random100	reduce12	70558	81454	3.45	34329	33959	3.44	10397	0.40396	203
ISPD98_ibm11.hgr.random100	reduce13	70558	81454	3.45	34586	34209	3.44	10313	0.35975	203
ISPD98_ibm11.hgr.random100	reduce14	70558	81454	3.45	34421	34045	3.45	10374	0.37971	203
ISPD98_ibm11.hgr.random100	reduce15	70558	81454	3.45	54108	54090	3.53	4749	0.20486	203
ISPD98_ibm11.hgr.random100	reduce1	70558	81454	3.45	70558	81454	3.45	0	0.01750	1002
ISPD98_ibm11.hgr.random100	reduce2	70558	81454	3.45	64881	74229	3.47	2026	0.01990	1002
ISPD98_ibm11.hgr.random100	reduce3	70558	81454	3.45	70558	71892	3.64	0	0.03398	1002
ISPD98_ibm11.hgr.random100	reduce4	70558	81454	3.45	62871	71768	3.46	2579	0.04296	1002
ISPD98_ibm11.hgr.random100	reduce5	70558	81454	3.45	64413	73174	3.30	320	0.15073	1002
ISPD98_ibm11.hgr.random100	reduce6	70558	81454	3.45	64616	73829	3.47	2122	0.11112	1002
ISPD98_ibm11.hgr.random100	reduce7	70558	81454	3.45	45294	40736	3.25	0	0.31516	1002
ISPD98_ibm11.hgr.random100	reduce8	70558	81454	3.45	34329	33959	3.44	10397	0.41841	1002
IMDB.mtx.hgr.random100	reduce7	896308	303617	12.46	138181	0	0.00	0	67.53395	1002
ISPD98_ibm11.hgr.random100	reduce9	70558	81454	3.45	34329	33959	3.44	10397	0.41324	1002
ISPD98_ibm11.hgr.random100	reduce10	70558	81454	3.45	34329	33959	3.44	10397	0.43348	1002
ISPD98_ibm11.hgr.random100	reduce11	70558	81454	3.45	34329	39831	3.26	10397	0.40107	1002
ISPD98_ibm11.hgr.random100	reduce12	70558	81454	3.45	34329	33959	3.44	10397	0.40540	1002
ISPD98_ibm11.hgr.random100	reduce13	70558	81454	3.45	34586	34209	3.44	10313	0.36160	1002
ISPD98_ibm11.hgr.random100	reduce14	70558	81454	3.45	34421	34045	3.45	10374	0.38273	1002
ISPD98_ibm11.hgr.random100	reduce15	70558	81454	3.45	54108	54090	3.53	4749	0.20677	1002
ISPD98_ibm12.hgr.random100	reduce1	71076	77240	4.11	71076	77240	4.11	0	0.01912	1
ISPD98_ibm12.hgr.random100	reduce2	71076	77240	4.11	59893	61452	4.33	4587	0.02196	1
ISPD98_ibm12.hgr.random100	reduce3	71076	77240	4.11	71076	69770	4.34	0	0.03644	1
ISPD98_ibm12.hgr.random100	reduce4	71076	77240	4.11	57734	59188	4.30	5010	0.05069	1
ISPD98_ibm12.hgr.random100	reduce5	71076	77240	4.11	62347	67758	3.80	193	0.22212	1
ISPD98_ibm12.hgr.random100	reduce6	71076	77240	4.11	59417	60748	4.34	4752	0.15688	1
ISPD98_ibm12.hgr.random100	reduce7	71076	77240	4.11	37940	27421	3.75	0	0.36179	1
ISPD98_ibm12.hgr.random100	reduce8	71076	77240	4.11	25007	23567	3.89	12626	0.43455	1
ISPD98_ibm12.hgr.random100	reduce9	71076	77240	4.11	25007	23567	3.89	12626	0.43315	1
ISPD98_ibm12.hgr.random100	reduce10	71076	77240	4.11	25027	23583	3.89	12622	0.48295	1
ISPD98_ibm12.hgr.random100	reduce11	71076	77240	4.11	25007	27024	3.75	12626	0.42023	1
ISPD98_ibm12.hgr.random100	reduce12	71076	77240	4.11	25007	23567	3.89	12626	0.42665	1
ISPD98_ibm12.hgr.random100	reduce13	71076	77240	4.11	25009	23587	3.89	12626	0.37916	1
ISPD98_ibm12.hgr.random100	reduce14	71076	77240	4.11	25018	23602	3.89	12633	0.40172	1
ISPD98_ibm12.hgr.random100	reduce15	71076	77240	4.11	43110	40184	4.17	8104	0.24590	1
ISPD98_ibm12.hgr.random100	reduce1	71076	77240	4.11	71076	77240	4.11	0	0.01924	21
ISPD98_ibm12.hgr.random100	reduce2	71076	77240	4.11	59893	61452	4.33	4587	0.02141	21
ISPD98_ibm12.hgr.random100	reduce3	71076	77240	4.11	71076	69770	4.34	0	0.03526	21
ISPD98_ibm12.hgr.random100	reduce4	71076	77240	4.11	57734	59188	4.30	5010	0.05154	21
ISPD98_ibm12.hgr.random100	reduce5	71076	77240	4.11	62347	67758	3.80	193	0.22076	21
ISPD98_ibm12.hgr.random100	reduce6	71076	77240	4.11	59417	60748	4.34	4752	0.15770	21
ISPD98_ibm12.hgr.random100	reduce7	71076	77240	4.11	37940	27421	3.75	0	0.36336	21
ISPD98_ibm12.hgr.random100	reduce8	71076	77240	4.11	25007	23567	3.89	12626	0.43263	21
ISPD98_ibm12.hgr.random100	reduce9	71076	77240	4.11	25007	23567	3.89	12626	0.42998	21
ISPD98_ibm12.hgr.random100	reduce10	71076	77240	4.11	25027	23583	3.89	12622	0.48516	21
ISPD98_ibm12.hgr.random100	reduce11	71076	77240	4.11	25007	27024	3.75	12626	0.41592	21
ISPD98_ibm12.hgr.random100	reduce12	71076	77240	4.11	25007	23567	3.89	12626	0.42407	21
ISPD98_ibm12.hgr.random100	reduce13	71076	77240	4.11	25009	23587	3.89	12626	0.38263	21
ISPD98_ibm12.hgr.random100	reduce14	71076	77240	4.11	25018	23602	3.89	12633	0.39934	21
ISPD98_ibm12.hgr.random100	reduce15	71076	77240	4.11	43110	40184	4.17	8104	0.24645	21
ISPD98_ibm12.hgr.random100	reduce1	71076	77240	4.11	71076	77240	4.11	0	0.01939	203
ISPD98_ibm12.hgr.random100	reduce2	71076	77240	4.11	59893	61452	4.33	4587	0.02108	203
ISPD98_ibm12.hgr.random100	reduce3	71076	77240	4.11	71076	69770	4.34	0	0.03544	203
ISPD98_ibm12.hgr.random100	reduce4	71076	77240	4.11	57734	59188	4.30	5010	0.05072	203
ISPD98_ibm12.hgr.random100	reduce5	71076	77240	4.11	62347	67758	3.80	193	0.21941	203
ISPD98_ibm12.hgr.random100	reduce6	71076	77240	4.11	59417	60748	4.34	4752	0.15734	203
ISPD98_ibm12.hgr.random100	reduce7	71076	77240	4.11	37940	27421	3.75	0	0.36698	203
ISPD98_ibm12.hgr.random100	reduce8	71076	77240	4.11	25007	23567	3.89	12626	0.43754	203
ISPD98_ibm12.hgr.random100	reduce9	71076	77240	4.11	25007	23567	3.89	12626	0.43133	203
ISPD98_ibm12.hgr.random100	reduce10	71076	77240	4.11	25027	23583	3.89	12622	0.48647	203
ISPD98_ibm12.hgr.random100	reduce11	71076	77240	4.11	25007	27024	3.75	12626	0.41729	203
ISPD98_ibm12.hgr.random100	reduce12	71076	77240	4.11	25007	23567	3.89	12626	0.42411	203
ISPD98_ibm12.hgr.random100	reduce13	71076	77240	4.11	25009	23587	3.89	12626	0.38197	203
ISPD98_ibm12.hgr.random100	reduce14	71076	77240	4.11	25018	23602	3.89	12633	0.39617	203
ISPD98_ibm12.hgr.random100	reduce15	71076	77240	4.11	43110	40184	4.17	8104	0.24575	203
ISPD98_ibm12.hgr.random100	reduce1	71076	77240	4.11	71076	77240	4.11	0	0.01911	1002
ISPD98_ibm12.hgr.random100	reduce2	71076	77240	4.11	59893	61452	4.33	4587	0.02189	1002
ISPD98_ibm12.hgr.random100	reduce3	71076	77240	4.11	71076	69770	4.34	0	0.03513	1002
ISPD98_ibm12.hgr.random100	reduce4	71076	77240	4.11	57734	59188	4.30	5010	0.05123	1002
ISPD98_ibm12.hgr.random100	reduce5	71076	77240	4.11	62347	67758	3.80	193	0.22134	1002
ISPD98_ibm12.hgr.random100	reduce6	71076	77240	4.11	59417	60748	4.34	4752	0.16090	1002
ISPD98_ibm12.hgr.random100	reduce7	71076	77240	4.11	37940	27421	3.75	0	0.36629	1002
ISPD98_ibm12.hgr.random100	reduce8	71076	77240	4.11	25007	23567	3.89	12626	0.43831	1002
ISPD98_ibm12.hgr.random100	reduce9	71076	77240	4.11	25007	23567	3.89	12626	0.42870	1002
ISPD98_ibm12.hgr.random100	reduce10	71076	77240	4.11	25027	23583	3.89	12622	0.48170	1002
ISPD98_ibm12.hgr.random100	reduce11	71076	77240	4.11	25007	27024	3.75	12626	0.41529	1002
ISPD98_ibm12.hgr.random100	reduce12	71076	77240	4.11	25007	23567	3.89	12626	0.42347	1002
ISPD98_ibm12.hgr.random100	reduce13	71076	77240	4.11	25009	23587	3.89	12626	0.38426	1002
ISPD98_ibm12.hgr.random100	reduce14	71076	77240	4.11	25018	23602	3.89	12633	0.39918	1002
ISPD98_ibm12.hgr.random100	reduce15	71076	77240	4.11	43110	40184	4.17	8104	0.24740	1002
kron_g500-logn16.mtx.hgr.random100.rendered	reduce1	65536	55321	88.80	65536	48999	100.13	0	0.18479	1
kron_g500-logn16.mtx.hgr.random100.rendered	reduce2	65536	55321	88.80	0	0	0.00	14103	0.34048	1
kron_g500-logn16.mtx.hgr.random100.rendered	reduce3	65536	55321	88.80	65536	27809	171.04	0	0.76103	1
kron_g500-logn16.mtx.hgr.random100.rendered	reduce8	65536	55321	88.80	0	0	0.00	14103	0.37605	1
kron_g500-logn16.mtx.hgr.random100.rendered	reduce9	65536	55321	88.80	0	0	0.00	14103	0.37122	1
kron_g500-logn16.mtx.hgr.random100.rendered	reduce11	65536	55321	88.80	0	0	0.00	14103	0.37287	1
kron_g500-logn16.mtx.hgr.random100.rendered	reduce12	65536	55321	88.80	0	0	0.00	14103	0.37101	1
kron_g500-logn16.mtx.hgr.random100.rendered	reduce13	65536	55321	88.80	0	0	0.00	14103	0.39435	1
kron_g500-logn16.mtx.hgr.random100.rendered	reduce14	65536	55321	88.80	0	0	0.00	14103	0.37174	1
kron_g500-logn16.mtx.hgr.random100.rendered	reduce15	65536	55321	88.80	0	0	0.00	14103	0.36847	1
kron_g500-logn16.mtx.hgr.random100.rendered	reduce1	65536	55321	88.80	65536	48999	100.13	0	0.18173	21
kron_g500-logn16.mtx.hgr.random100.rendered	reduce2	65536	55321	88.80	0	0	0.00	14103	0.33944	21
kron_g500-logn16.mtx.hgr.random100.rendered	reduce3	65536	55321	88.80	65536	27809	171.04	0	0.75611	21
kron_g500-logn16.mtx.hgr.random100.rendered	reduce8	65536	55321	88.80	0	0	0.00	14103	0.37572	21
kron_g500-logn16.mtx.hgr.random100.rendered	reduce4	65536	55321	88.80	3	0	0.00	14100	21.82964	1
kron_g500-logn16.mtx.hgr.random100.rendered	reduce9	65536	55321	88.80	0	0	0.00	14103	0.37151	21
kron_g500-logn16.mtx.hgr.random100.rendered	reduce11	65536	55321	88.80	0	0	0.00	14103	0.37104	21
kron_g500-logn16.mtx.hgr.random100.rendered	reduce12	65536	55321	88.80	0	0	0.00	14103	0.37628	21
kron_g500-logn16.mtx.hgr.random100.rendered	reduce13	65536	55321	88.80	0	0	0.00	14103	0.37611	21
kron_g500-logn16.mtx.hgr.random100.rendered	reduce14	65536	55321	88.80	0	0	0.00	14103	0.37365	21
kron_g500-logn16.mtx.hgr.random100.rendered	reduce15	65536	55321	88.80	0	0	0.00	14103	0.36908	21
kron_g500-logn16.mtx.hgr.random100.rendered	reduce1	65536	55321	88.80	65536	48999	100.13	0	0.18624	203
kron_g500-logn16.mtx.hgr.random100.rendered	reduce2	65536	55321	88.80	0	0	0.00	14103	0.34524	203
kron_g500-logn16.mtx.hgr.random100.rendered	reduce3	65536	55321	88.80	65536	27809	171.04	0	0.76247	203
kron_g500-logn16.mtx.hgr.random100.rendered	reduce8	65536	55321	88.80	0	0	0.00	14103	0.38852	203
kron_g500-logn16.mtx.hgr.random100.rendered	reduce10	65536	55321	88.80	0	0	0.00	14103	31.79277	1
kron_g500-logn16.mtx.hgr.random100.rendered	reduce4	65536	55321	88.80	3	0	0.00	14100	22.42320	21
kron_g500-logn16.mtx.hgr.random100.rendered	reduce9	65536	55321	88.80	0	0	0.00	14103	0.38152	203
kron_g500-logn16.mtx.hgr.random100.rendered	reduce11	65536	55321	88.80	0	0	0.00	14103	0.38163	203
kron_g500-logn16.mtx.hgr.random100.rendered	reduce12	65536	55321	88.80	0	0	0.00	14103	0.39317	203
kron_g500-logn16.mtx.hgr.random100.rendered	reduce13	65536	55321	88.80	0	0	0.00	14103	0.38430	203
kron_g500-logn16.mtx.hgr.random100.rendered	reduce14	65536	55321	88.80	0	0	0.00	14103	0.37252	203
kron_g500-logn16.mtx.hgr.random100.rendered	reduce15	65536	55321	88.80	0	0	0.00	14103	0.37896	203
kron_g500-logn16.mtx.hgr.random100.rendered	reduce1	65536	55321	88.80	65536	48999	100.13	0	0.18898	1002
kron_g500-logn16.mtx.hgr.random100.rendered	reduce2	65536	55321	88.80	0	0	0.00	14103	0.35204	1002
kron_g500-logn16.mtx.hgr.random100.rendered	reduce3	65536	55321	88.80	65536	27809	171.04	0	0.78361	1002
kron_g500-logn16.mtx.hgr.random100.rendered	reduce10	65536	55321	88.80	0	0	0.00	14103	31.58885	21
kron_g500-logn16.mtx.hgr.random100.rendered	reduce4	65536	55321	88.80	3	0	0.00	14100	21.92756	203
kron_g500-logn16.mtx.hgr.random100.rendered	reduce8	65536	55321	88.80	0	0	0.00	14103	0.39740	1002
kron_g500-logn16.mtx.hgr.random100.rendered	reduce9	65536	55321	88.80	0	0	0.00	14103	0.38700	1002
kron_g500-logn16.mtx.hgr.random100.rendered	reduce6	65536	55321	88.80	317	71	5.51	14034	53.91828	1
kron_g500-logn16.mtx.hgr.random100.rendered	reduce11	65536	55321	88.80	0	0	0.00	14103	0.38435	1002
kron_g500-logn16.mtx.hgr.random100.rendered	reduce12	65536	55321	88.80	0	0	0.00	14103	0.38737	1002
kron_g500-logn16.mtx.hgr.random100.rendered	reduce13	65536	55321	88.80	0	0	0.00	14103	0.39277	1002
kron_g500-logn16.mtx.hgr.random100.rendered	reduce14	65536	55321	88.80	0	0	0.00	14103	0.37754	1002
kron_g500-logn16.mtx.hgr.random100.rendered	reduce15	65536	55321	88.80	0	0	0.00	14103	0.39059	1002
lhr14.mtx.hgr.random100	reduce1	14270	14270	21.57	14270	13944	22.05	0	0.01257	1
lhr14.mtx.hgr.random100	reduce2	14270	14270	21.57	13270	13493	22.56	175	0.00909	1
lhr14.mtx.hgr.random100	reduce3	14270	14270	21.57	14270	13944	22.05	0	0.01961	1
lhr14.mtx.hgr.random100	reduce4	14270	14270	21.57	4997	8814	2.94	175	0.05157	1
lhr14.mtx.hgr.random100	reduce5	14270	14270	21.57	5073	8778	2.91	22	0.12088	1
lhr14.mtx.hgr.random100	reduce6	14270	14270	21.57	532	421	4.05	4275	0.05814	1
lhr14.mtx.hgr.random100	reduce7	14270	14270	21.57	4322	16	2.12	0	0.08598	1
lhr14.mtx.hgr.random100	reduce8	14270	14270	21.57	15	16	2.12	4307	0.09776	1
kron_g500-logn16.mtx.hgr.random100.rendered	reduce10	65536	55321	88.80	0	0	0.00	14103	31.91454	203
kron_g500-logn16.mtx.hgr.random100.rendered	reduce4	65536	55321	88.80	3	0	0.00	14100	22.07602	1002
lhr14.mtx.hgr.random100	reduce9	14270	14270	21.57	15	16	2.12	4307	0.09022	1
lhr14.mtx.hgr.random100	reduce10	14270	14270	21.57	15	16	2.12	4307	0.09627	1
lhr14.mtx.hgr.random100	reduce11	14270	14270	21.57	15	16	2.12	4307	0.08347	1
kron_g500-logn16.mtx.hgr.random100.rendered	reduce6	65536	55321	88.80	317	71	5.51	14034	56.48317	21
lhr14.mtx.hgr.random100	reduce12	14270	14270	21.57	15	16	2.12	4307	0.14864	1
lhr14.mtx.hgr.random100	reduce13	14270	14270	21.57	15	16	2.12	4307	0.09429	1
lhr14.mtx.hgr.random100	reduce14	14270	14270	21.57	15	16	2.12	4307	0.10122	1
lhr14.mtx.hgr.random100	reduce15	14270	14270	21.57	15	16	2.12	4307	0.09876	1
lhr14.mtx.hgr.random100	reduce1	14270	14270	21.57	14270	13944	22.05	0	0.00863	21
lhr14.mtx.hgr.random100	reduce2	14270	14270	21.57	13270	13493	22.56	175	0.00848	21
lhr14.mtx.hgr.random100	reduce3	14270	14270	21.57	14270	13944	22.05	0	0.01931	21
lhr14.mtx.hgr.random100	reduce4	14270	14270	21.57	4997	8814	2.94	175	0.05052	21
lhr14.mtx.hgr.random100	reduce5	14270	14270	21.57	5073	8778	2.91	22	0.11975	21
lhr14.mtx.hgr.random100	reduce6	14270	14270	21.57	532	421	4.05	4275	0.05733	21
lhr14.mtx.hgr.random100	reduce7	14270	14270	21.57	4322	16	2.12	0	0.08530	21
lhr14.mtx.hgr.random100	reduce8	14270	14270	21.57	15	16	2.12	4307	0.09862	21
lhr14.mtx.hgr.random100	reduce9	14270	14270	21.57	15	16	2.12	4307	0.09918	21
kron_g500-logn16.mtx.hgr.random100.rendered	reduce10	65536	55321	88.80	0	0	0.00	14103	31.80767	1002
lhr14.mtx.hgr.random100	reduce10	14270	14270	21.57	15	16	2.12	4307	0.08902	21
kron_g500-logn16.mtx.hgr.random100.rendered	reduce6	65536	55321	88.80	317	71	5.51	14034	55.15919	203
lhr14.mtx.hgr.random100	reduce11	14270	14270	21.57	15	16	2.12	4307	0.08336	21
lhr14.mtx.hgr.random100	reduce12	14270	14270	21.57	15	16	2.12	4307	0.14630	21
lhr14.mtx.hgr.random100	reduce13	14270	14270	21.57	15	16	2.12	4307	0.08824	21
lhr14.mtx.hgr.random100	reduce14	14270	14270	21.57	15	16	2.12	4307	0.09922	21
lhr14.mtx.hgr.random100	reduce15	14270	14270	21.57	15	16	2.12	4307	0.09551	21
lhr14.mtx.hgr.random100	reduce1	14270	14270	21.57	14270	13944	22.05	0	0.00867	203
lhr14.mtx.hgr.random100	reduce2	14270	14270	21.57	13270	13493	22.56	175	0.00877	203
lhr14.mtx.hgr.random100	reduce3	14270	14270	21.57	14270	13944	22.05	0	0.01793	203
lhr14.mtx.hgr.random100	reduce4	14270	14270	21.57	4997	8814	2.94	175	0.05154	203
lhr14.mtx.hgr.random100	reduce5	14270	14270	21.57	5073	8778	2.91	22	0.11885	203
lhr14.mtx.hgr.random100	reduce6	14270	14270	21.57	532	421	4.05	4275	0.05652	203
lhr14.mtx.hgr.random100	reduce7	14270	14270	21.57	4322	16	2.12	0	0.08535	203
lhr14.mtx.hgr.random100	reduce8	14270	14270	21.57	15	16	2.12	4307	0.09625	203
lhr14.mtx.hgr.random100	reduce9	14270	14270	21.57	15	16	2.12	4307	0.09219	203
kron_g500-logn16.mtx.hgr.random100.rendered	reduce6	65536	55321	88.80	317	71	5.51	14034	54.84149	1002
lhr14.mtx.hgr.random100	reduce10	14270	14270	21.57	15	16	2.12	4307	0.08729	203
lhr14.mtx.hgr.random100	reduce11	14270	14270	21.57	15	16	2.12	4307	0.08609	203
lhr14.mtx.hgr.random100	reduce12	14270	14270	21.57	15	16	2.12	4307	0.14633	203
lhr14.mtx.hgr.random100	reduce13	14270	14270	21.57	15	16	2.12	4307	0.08887	203
lhr14.mtx.hgr.random100	reduce14	14270	14270	21.57	15	16	2.12	4307	0.08719	203
lhr14.mtx.hgr.random100	reduce15	14270	14270	21.57	15	16	2.12	4307	0.08747	203
lhr14.mtx.hgr.random100	reduce1	14270	14270	21.57	14270	13944	22.05	0	0.00860	1002
lhr14.mtx.hgr.random100	reduce2	14270	14270	21.57	13270	13493	22.56	175	0.00815	1002
lhr14.mtx.hgr.random100	reduce3	14270	14270	21.57	14270	13944	22.05	0	0.01870	1002
lhr14.mtx.hgr.random100	reduce4	14270	14270	21.57	4997	8814	2.94	175	0.05077	1002
lhr14.mtx.hgr.random100	reduce5	14270	14270	21.57	5073	8778	2.91	22	0.11828	1002
lhr14.mtx.hgr.random100	reduce6	14270	14270	21.57	532	421	4.05	4275	0.05707	1002
lhr14.mtx.hgr.random100	reduce7	14270	14270	21.57	4322	16	2.12	0	0.08416	1002
lhr14.mtx.hgr.random100	reduce8	14270	14270	21.57	15	16	2.12	4307	0.09608	1002
lhr14.mtx.hgr.random100	reduce9	14270	14270	21.57	15	16	2.12	4307	0.08896	1002
lhr14.mtx.hgr.random100	reduce10	14270	14270	21.57	15	16	2.12	4307	0.09503	1002
lhr14.mtx.hgr.random100	reduce11	14270	14270	21.57	15	16	2.12	4307	0.08385	1002
lhr14.mtx.hgr.random100	reduce12	14270	14270	21.57	15	16	2.12	4307	0.14655	1002
lhr14.mtx.hgr.random100	reduce13	14270	14270	21.57	15	16	2.12	4307	0.09567	1002
lhr14.mtx.hgr.random100	reduce14	14270	14270	21.57	15	16	2.12	4307	0.09549	1002
lhr14.mtx.hgr.random100	reduce15	14270	14270	21.57	15	16	2.12	4307	0.09604	1002
lp_pds_20.mtx.hgr.random100	reduce1	108175	33798	6.88	108175	33250	6.98	0	0.01360	1
lp_pds_20.mtx.hgr.random100	reduce2	108175	33798	6.88	67289	18232	7.37	5676	0.01583	1
lp_pds_20.mtx.hgr.random100	reduce3	108175	33798	6.88	108175	33250	6.98	0	0.01811	1
lp_pds_20.mtx.hgr.random100	reduce4	108175	33798	6.88	67289	18232	7.37	5676	0.04482	1
lp_pds_20.mtx.hgr.random100	reduce5	108175	33798	6.88	78137	23959	6.44	1230	0.13133	1
lp_pds_20.mtx.hgr.random100	reduce6	108175	33798	6.88	67289	18232	7.37	5676	0.09192	1
lp_pds_20.mtx.hgr.random100	reduce7	108175	33798	6.88	67226	17000	7.16	0	0.20097	1
lp_pds_20.mtx.hgr.random100	reduce8	108175	33798	6.88	60816	16934	7.18	6380	0.23257	1
lp_pds_20.mtx.hgr.random100	reduce9	108175	33798	6.88	60816	16934	7.18	6380	0.23149	1
lp_pds_20.mtx.hgr.random100	reduce10	108175	33798	6.88	60816	16934	7.18	6380	0.25198	1
lp_pds_20.mtx.hgr.random100	reduce11	108175	33798	6.88	60816	16934	7.18	6380	0.22960	1
lp_pds_20.mtx.hgr.random100	reduce12	108175	33798	6.88	60816	16934	7.18	6380	0.22821	1
lp_pds_20.mtx.hgr.random100	reduce13	108175	33798	6.88	60816	16934	7.18	6380	0.17901	1
lp_pds_20.mtx.hgr.random100	reduce14	108175	33798	6.88	60816	16934	7.18	6380	0.19778	1
lp_pds_20.mtx.hgr.random100	reduce15	108175	33798	6.88	66574	17781	7.49	5962	0.11599	1
lp_pds_20.mtx.hgr.random100	reduce1	108175	33798	6.88	108175	33250	6.98	0	0.01410	21
lp_pds_20.mtx.hgr.random100	reduce2	108175	33798	6.88	67289	18232	7.37	5676	0.01557	21
lp_pds_20.mtx.hgr.random100	reduce3	108175	33798	6.88	108175	33250	6.98	0	0.01714	21
lp_pds_20.mtx.hgr.random100	reduce4	108175	33798	6.88	67289	18232	7.37	5676	0.04502	21
lp_pds_20.mtx.hgr.random100	reduce5	108175	33798	6.88	78137	23959	6.44	1230	0.13162	21
lp_pds_20.mtx.hgr.random100	reduce6	108175	33798	6.88	67289	18232	7.37	5676	0.09392	21
lp_pds_20.mtx.hgr.random100	reduce7	108175	33798	6.88	67226	17000	7.16	0	0.20390	21
lp_pds_20.mtx.hgr.random100	reduce8	108175	33798	6.88	60816	16934	7.18	6380	0.23216	21
lp_pds_20.mtx.hgr.random100	reduce9	108175	33798	6.88	60816	16934	7.18	6380	0.23220	21
lp_pds_20.mtx.hgr.random100	reduce10	108175	33798	6.88	60816	16934	7.18	6380	0.25172	21
lp_pds_20.mtx.hgr.random100	reduce11	108175	33798	6.88	60816	16934	7.18	6380	0.22777	21
lp_pds_20.mtx.hgr.random100	reduce12	108175	33798	6.88	60816	16934	7.18	6380	0.22787	21
lp_pds_20.mtx.hgr.random100	reduce13	108175	33798	6.88	60816	16934	7.18	6380	0.18060	21
lp_pds_20.mtx.hgr.random100	reduce14	108175	33798	6.88	60816	16934	7.18	6380	0.19747	21
lp_pds_20.mtx.hgr.random100	reduce15	108175	33798	6.88	66574	17781	7.49	5962	0.11563	21
lp_pds_20.mtx.hgr.random100	reduce1	108175	33798	6.88	108175	33250	6.98	0	0.01415	203
lp_pds_20.mtx.hgr.random100	reduce2	108175	33798	6.88	67289	18232	7.37	5676	0.01580	203
lp_pds_20.mtx.hgr.random100	reduce3	108175	33798	6.88	108175	33250	6.98	0	0.01760	203
lp_pds_20.mtx.hgr.random100	reduce4	108175	33798	6.88	67289	18232	7.37	5676	0.04352	203
lp_pds_20.mtx.hgr.random100	reduce5	108175	33798	6.88	78137	23959	6.44	1230	0.13272	203
lp_pds_20.mtx.hgr.random100	reduce6	108175	33798	6.88	67289	18232	7.37	5676	0.09200	203
lp_pds_20.mtx.hgr.random100	reduce7	108175	33798	6.88	67226	17000	7.16	0	0.20347	203
lp_pds_20.mtx.hgr.random100	reduce8	108175	33798	6.88	60816	16934	7.18	6380	0.23579	203
lp_pds_20.mtx.hgr.random100	reduce9	108175	33798	6.88	60816	16934	7.18	6380	0.23144	203
lp_pds_20.mtx.hgr.random100	reduce10	108175	33798	6.88	60816	16934	7.18	6380	0.25879	203
lp_pds_20.mtx.hgr.random100	reduce11	108175	33798	6.88	60816	16934	7.18	6380	0.22905	203
lp_pds_20.mtx.hgr.random100	reduce12	108175	33798	6.88	60816	16934	7.18	6380	0.22842	203
lp_pds_20.mtx.hgr.random100	reduce13	108175	33798	6.88	60816	16934	7.18	6380	0.18131	203
lp_pds_20.mtx.hgr.random100	reduce14	108175	33798	6.88	60816	16934	7.18	6380	0.20630	203
lp_pds_20.mtx.hgr.random100	reduce15	108175	33798	6.88	66574	17781	7.49	5962	0.11600	203
lp_pds_20.mtx.hgr.random100	reduce1	108175	33798	6.88	108175	33250	6.98	0	0.01414	1002
lp_pds_20.mtx.hgr.random100	reduce2	108175	33798	6.88	67289	18232	7.37	5676	0.01614	1002
lp_pds_20.mtx.hgr.random100	reduce3	108175	33798	6.88	108175	33250	6.98	0	0.01762	1002
lp_pds_20.mtx.hgr.random100	reduce4	108175	33798	6.88	67289	18232	7.37	5676	0.04420	1002
lp_pds_20.mtx.hgr.random100	reduce5	108175	33798	6.88	78137	23959	6.44	1230	0.13281	1002
lp_pds_20.mtx.hgr.random100	reduce6	108175	33798	6.88	67289	18232	7.37	5676	0.09271	1002
lp_pds_20.mtx.hgr.random100	reduce7	108175	33798	6.88	67226	17000	7.16	0	0.20435	1002
lp_pds_20.mtx.hgr.random100	reduce8	108175	33798	6.88	60816	16934	7.18	6380	0.23291	1002
lp_pds_20.mtx.hgr.random100	reduce9	108175	33798	6.88	60816	16934	7.18	6380	0.23076	1002
lp_pds_20.mtx.hgr.random100	reduce10	108175	33798	6.88	60816	16934	7.18	6380	0.25378	1002
lp_pds_20.mtx.hgr.random100	reduce11	108175	33798	6.88	60816	16934	7.18	6380	0.22836	1002
lp_pds_20.mtx.hgr.random100	reduce12	108175	33798	6.88	60816	16934	7.18	6380	0.22707	1002
kron_g500-logn16.mtx.hgr.random100.rendered	reduce7	65536	55321	88.80	65530	48965	99.97	0	189.21045	1
lp_pds_20.mtx.hgr.random100	reduce13	108175	33798	6.88	60816	16934	7.18	6380	0.18301	1002
lp_pds_20.mtx.hgr.random100	reduce14	108175	33798	6.88	60816	16934	7.18	6380	0.20302	1002
lp_pds_20.mtx.hgr.random100	reduce15	108175	33798	6.88	66574	17781	7.49	5962	0.12017	1002
m14b.mtx.hgr.random100	reduce1	214765	214765	15.64	214765	214765	15.64	0	0.18341	1
m14b.mtx.hgr.random100	reduce2	214765	214765	15.64	214765	214765	15.64	0	0.18255	1
m14b.mtx.hgr.random100	reduce3	214765	214765	15.64	214765	214705	15.64	0	0.36189	1
m14b.mtx.hgr.random100	reduce4	214765	214765	15.64	214692	214765	15.63	0	0.39919	1
m14b.mtx.hgr.random100	reduce5	214765	214765	15.64	180593	214613	12.70	0	2.15960	1
m14b.mtx.hgr.random100	reduce6	214765	214765	15.64	214765	214765	15.64	0	1.42166	1
m14b.mtx.hgr.random100	reduce7	214765	214765	15.64	180553	214612	12.70	0	2.56979	1
kron_g500-logn16.mtx.hgr.random100.rendered	reduce7	65536	55321	88.80	65530	48965	99.97	0	189.00142	21
m14b.mtx.hgr.random100	reduce8	214765	214765	15.64	180553	199145	13.19	0	4.02959	1
m14b.mtx.hgr.random100	reduce9	214765	214765	15.64	180553	199145	13.19	0	3.99865	1
m14b.mtx.hgr.random100	reduce10	214765	214765	15.64	180553	199145	13.19	0	4.02902	1
m14b.mtx.hgr.random100	reduce11	214765	214765	15.64	180553	214612	12.70	0	3.79411	1
m14b.mtx.hgr.random100	reduce12	214765	214765	15.64	180553	199145	13.19	0	3.90335	1
m14b.mtx.hgr.random100	reduce1	214765	214765	15.64	214765	214765	15.64	0	0.18923	21
m14b.mtx.hgr.random100	reduce13	214765	214765	15.64	180553	199145	13.19	0	3.48909	1
m14b.mtx.hgr.random100	reduce2	214765	214765	15.64	214765	214765	15.64	0	0.18260	21
m14b.mtx.hgr.random100	reduce14	214765	214765	15.64	180553	199145	13.19	0	3.63482	1
m14b.mtx.hgr.random100	reduce15	214765	214765	15.64	180593	199160	13.19	0	2.92751	1
m14b.mtx.hgr.random100	reduce3	214765	214765	15.64	214765	214705	15.64	0	0.36451	21
m14b.mtx.hgr.random100	reduce4	214765	214765	15.64	214692	214765	15.63	0	0.39330	21
m14b.mtx.hgr.random100	reduce5	214765	214765	15.64	180593	214613	12.70	0	2.15998	21
m14b.mtx.hgr.random100	reduce6	214765	214765	15.64	214765	214765	15.64	0	1.42816	21
m14b.mtx.hgr.random100	reduce7	214765	214765	15.64	180553	214612	12.70	0	2.59560	21
m14b.mtx.hgr.random100	reduce8	214765	214765	15.64	180553	199145	13.19	0	3.99483	21
m14b.mtx.hgr.random100	reduce9	214765	214765	15.64	180553	199145	13.19	0	3.98447	21
kron_g500-logn16.mtx.hgr.random100.rendered	reduce7	65536	55321	88.80	65530	48965	99.97	0	191.04979	203
m14b.mtx.hgr.random100	reduce10	214765	214765	15.64	180553	199145	13.19	0	3.99441	21
m14b.mtx.hgr.random100	reduce11	214765	214765	15.64	180553	214612	12.70	0	3.76646	21
m14b.mtx.hgr.random100	reduce12	214765	214765	15.64	180553	199145	13.19	0	3.85601	21
m14b.mtx.hgr.random100	reduce1	214765	214765	15.64	214765	214765	15.64	0	0.18035	203
m14b.mtx.hgr.random100	reduce13	214765	214765	15.64	180553	199145	13.19	0	3.49391	21
m14b.mtx.hgr.random100	reduce2	214765	214765	15.64	214765	214765	15.64	0	0.18228	203
m14b.mtx.hgr.random100	reduce14	214765	214765	15.64	180553	199145	13.19	0	3.65711	21
m14b.mtx.hgr.random100	reduce15	214765	214765	15.64	180593	199160	13.19	0	2.91268	21
m14b.mtx.hgr.random100	reduce3	214765	214765	15.64	214765	214705	15.64	0	0.36409	203
m14b.mtx.hgr.random100	reduce4	214765	214765	15.64	214692	214765	15.63	0	0.39101	203
m14b.mtx.hgr.random100	reduce5	214765	214765	15.64	180593	214613	12.70	0	2.16403	203
m14b.mtx.hgr.random100	reduce6	214765	214765	15.64	214765	214765	15.64	0	1.43249	203
m14b.mtx.hgr.random100	reduce7	214765	214765	15.64	180553	214612	12.70	0	2.57061	203
m14b.mtx.hgr.random100	reduce8	214765	214765	15.64	180553	199145	13.19	0	3.99119	203
kron_g500-logn16.mtx.hgr.random100.rendered	reduce7	65536	55321	88.80	65530	48965	99.97	0	190.02956	1002
m14b.mtx.hgr.random100	reduce9	214765	214765	15.64	180553	199145	13.19	0	3.97630	203
m14b.mtx.hgr.random100	reduce10	214765	214765	15.64	180553	199145	13.19	0	3.93738	203
m14b.mtx.hgr.random100	reduce11	214765	214765	15.64	180553	214612	12.70	0	3.76469	203
m14b.mtx.hgr.random100	reduce12	214765	214765	15.64	180553	199145	13.19	0	3.90364	203
m14b.mtx.hgr.random100	reduce1	214765	214765	15.64	214765	214765	15.64	0	0.18048	1002
m14b.mtx.hgr.random100	reduce13	214765	214765	15.64	180553	199145	13.19	0	3.54540	203
m14b.mtx.hgr.random100	reduce2	214765	214765	15.64	214765	214765	15.64	0	0.18136	1002
m14b.mtx.hgr.random100	reduce14	214765	214765	15.64	180553	199145	13.19	0	3.67176	203
m14b.mtx.hgr.random100	reduce15	214765	214765	15.64	180593	199160	13.19	0	2.94647	203
m14b.mtx.hgr.random100	reduce3	214765	214765	15.64	214765	214705	15.64	0	0.35763	1002
m14b.mtx.hgr.random100	reduce4	214765	214765	15.64	214692	214765	15.63	0	0.39012	1002
m14b.mtx.hgr.random100	reduce5	214765	214765	15.64	180593	214613	12.70	0	2.17365	1002
m14b.mtx.hgr.random100	reduce6	214765	214765	15.64	214765	214765	15.64	0	1.41511	1002
m14b.mtx.hgr.random100	reduce7	214765	214765	15.64	180553	214612	12.70	0	2.55400	1002
m14b.mtx.hgr.random100	reduce8	214765	214765	15.64	180553	199145	13.19	0	4.01865	1002
m14b.mtx.hgr.random100	reduce9	214765	214765	15.64	180553	199145	13.19	0	4.01072	1002
m14b.mtx.hgr.random100	reduce10	214765	214765	15.64	180553	199145	13.19	0	4.00153	1002
m14b.mtx.hgr.random100	reduce11	214765	214765	15.64	180553	214612	12.70	0	3.74026	1002
msc10848.mtx.hgr.random100	reduce1	10848	10848	113.36	10848	10848	113.36	0	0.02540	1
m14b.mtx.hgr.random100	reduce12	214765	214765	15.64	180553	199145	13.19	0	3.90429	1002
m14b.mtx.hgr.random100	reduce13	214765	214765	15.64	180553	199145	13.19	0	3.49151	1002
msc10848.mtx.hgr.random100	reduce2	10848	10848	113.36	10848	10848	113.36	0	0.02516	1
m14b.mtx.hgr.random100	reduce14	214765	214765	15.64	180553	199145	13.19	0	3.67454	1002
m14b.mtx.hgr.random100	reduce15	214765	214765	15.64	180593	199160	13.19	0	2.89550	1002
msc10848.mtx.hgr.random100	reduce3	10848	10848	113.36	10848	314	206.13	0	0.01304	1
msc10848.mtx.hgr.random100	reduce4	10848	10848	113.36	648	9351	4.97	0	0.44310	1
msc10848.mtx.hgr.random100	reduce5	10848	10848	113.36	255	5706	3.73	2	0.86338	1
msc10848.mtx.hgr.random100	reduce6	10848	10848	113.36	10848	10848	113.36	0	0.24955	1
msc10848.mtx.hgr.random100	reduce7	10848	10848	113.36	10848	10848	113.36	0	0.53122	1
msc10848.mtx.hgr.random100	reduce8	10848	10848	113.36	121	113	2.91	42	0.07396	1
msc10848.mtx.hgr.random100	reduce9	10848	10848	113.36	121	113	2.91	42	0.07356	1
msc10848.mtx.hgr.random100	reduce10	10848	10848	113.36	119	110	2.94	43	0.07937	1
msc10848.mtx.hgr.random100	reduce11	10848	10848	113.36	119	2451	2.59	43	0.71612	1
msc10848.mtx.hgr.random100	reduce12	10848	10848	113.36	121	112	2.93	42	0.43644	1
msc10848.mtx.hgr.random100	reduce13	10848	10848	113.36	121	113	2.91	42	0.07003	1
msc10848.mtx.hgr.random100	reduce14	10848	10848	113.36	121	113	2.91	42	0.07109	1
msc10848.mtx.hgr.random100	reduce15	10848	10848	113.36	182	158	3.54	29	0.06663	1
msc10848.mtx.hgr.random100	reduce1	10848	10848	113.36	10848	10848	113.36	0	0.02528	21
msc10848.mtx.hgr.random100	reduce2	10848	10848	113.36	10848	10848	113.36	0	0.02651	21
msc10848.mtx.hgr.random100	reduce3	10848	10848	113.36	10848	314	206.13	0	0.01274	21
msc10848.mtx.hgr.random100	reduce4	10848	10848	113.36	648	9351	4.97	0	0.44038	21
msc10848.mtx.hgr.random100	reduce5	10848	10848	113.36	255	5706	3.73	2	0.85979	21
msc10848.mtx.hgr.random100	reduce6	10848	10848	113.36	10848	10848	113.36	0	0.23102	21
msc10848.mtx.hgr.random100	reduce7	10848	10848	113.36	10848	10848	113.36	0	0.53044	21
msc10848.mtx.hgr.random100	reduce8	10848	10848	113.36	121	113	2.91	42	0.07361	21
msc10848.mtx.hgr.random100	reduce9	10848	10848	113.36	121	113	2.91	42	0.07540	21
msc10848.mtx.hgr.random100	reduce10	10848	10848	113.36	119	110	2.94	43	0.07942	21
msc10848.mtx.hgr.random100	reduce11	10848	10848	113.36	119	2451	2.59	43	0.70951	21
msc10848.mtx.hgr.random100	reduce12	10848	10848	113.36	121	112	2.93	42	0.43660	21
msc10848.mtx.hgr.random100	reduce13	10848	10848	113.36	121	113	2.91	42	0.06838	21
msc10848.mtx.hgr.random100	reduce14	10848	10848	113.36	121	113	2.91	42	0.07257	21
msc10848.mtx.hgr.random100	reduce15	10848	10848	113.36	182	158	3.54	29	0.07053	21
msc10848.mtx.hgr.random100	reduce1	10848	10848	113.36	10848	10848	113.36	0	0.02505	203
msc10848.mtx.hgr.random100	reduce2	10848	10848	113.36	10848	10848	113.36	0	0.02537	203
msc10848.mtx.hgr.random100	reduce3	10848	10848	113.36	10848	314	206.13	0	0.01282	203
msc10848.mtx.hgr.random100	reduce4	10848	10848	113.36	648	9351	4.97	0	0.44040	203
msc10848.mtx.hgr.random100	reduce5	10848	10848	113.36	255	5706	3.73	2	0.88356	203
msc10848.mtx.hgr.random100	reduce6	10848	10848	113.36	10848	10848	113.36	0	0.23265	203
msc10848.mtx.hgr.random100	reduce7	10848	10848	113.36	10848	10848	113.36	0	0.53110	203
msc10848.mtx.hgr.random100	reduce8	10848	10848	113.36	121	113	2.91	42	0.07310	203
msc10848.mtx.hgr.random100	reduce9	10848	10848	113.36	121	113	2.91	42	0.07329	203
msc10848.mtx.hgr.random100	reduce10	10848	10848	113.36	119	110	2.94	43	0.08072	203
msc10848.mtx.hgr.random100	reduce11	10848	10848	113.36	119	2451	2.59	43	0.70952	203
msc10848.mtx.hgr.random100	reduce12	10848	10848	113.36	121	112	2.93	42	0.43774	203
msc10848.mtx.hgr.random100	reduce13	10848	10848	113.36	121	113	2.91	42	0.06878	203
msc10848.mtx.hgr.random100	reduce14	10848	10848	113.36	121	113	2.91	42	0.07015	203
msc10848.mtx.hgr.random100	reduce15	10848	10848	113.36	182	158	3.54	29	0.06924	203
msc10848.mtx.hgr.random100	reduce1	10848	10848	113.36	10848	10848	113.36	0	0.02538	1002
msc10848.mtx.hgr.random100	reduce2	10848	10848	113.36	10848	10848	113.36	0	0.02515	1002
msc10848.mtx.hgr.random100	reduce3	10848	10848	113.36	10848	314	206.13	0	0.01292	1002
msc10848.mtx.hgr.random100	reduce4	10848	10848	113.36	648	9351	4.97	0	0.44013	1002
msc10848.mtx.hgr.random100	reduce5	10848	10848	113.36	255	5706	3.73	2	0.86836	1002
msc10848.mtx.hgr.random100	reduce6	10848	10848	113.36	10848	10848	113.36	0	0.22967	1002
msc10848.mtx.hgr.random100	reduce7	10848	10848	113.36	10848	10848	113.36	0	0.54557	1002
msc10848.mtx.hgr.random100	reduce8	10848	10848	113.36	121	113	2.91	42	0.07398	1002
msc10848.mtx.hgr.random100	reduce9	10848	10848	113.36	121	113	2.91	42	0.07123	1002
msc10848.mtx.hgr.random100	reduce10	10848	10848	113.36	119	110	2.94	43	0.08003	1002
msc10848.mtx.hgr.random100	reduce11	10848	10848	113.36	119	2451	2.59	43	0.71524	1002
msc10848.mtx.hgr.random100	reduce12	10848	10848	113.36	121	112	2.93	42	0.43438	1002
msc10848.mtx.hgr.random100	reduce13	10848	10848	113.36	121	113	2.91	42	0.07286	1002
msc10848.mtx.hgr.random100	reduce14	10848	10848	113.36	121	113	2.91	42	0.06773	1002
msc10848.mtx.hgr.random100	reduce15	10848	10848	113.36	182	158	3.54	29	0.07105	1002
mult_dcop_01.mtx.hgr.random100.rendered	reduce1	25187	25187	7.67	25187	24817	7.77	0	0.01127	1
mult_dcop_01.mtx.hgr.random100.rendered	reduce2	25187	25187	7.67	178	180	2.00	1451	0.02949	1
mult_dcop_01.mtx.hgr.random100.rendered	reduce3	25187	25187	7.67	25187	2950	19.02	0	0.35446	1
mult_dcop_01.mtx.hgr.random100.rendered	reduce4	25187	25187	7.67	168	0	0.00	1372	1.19144	1
mult_dcop_01.mtx.hgr.random100.rendered	reduce8	25187	25187	7.67	0	0	0.00	1540	0.05153	1
mult_dcop_01.mtx.hgr.random100.rendered	reduce9	25187	25187	7.67	0	0	0.00	1540	0.04738	1
mult_dcop_01.mtx.hgr.random100.rendered	reduce11	25187	25187	7.67	0	0	0.00	1540	0.04813	1
mult_dcop_01.mtx.hgr.random100.rendered	reduce10	25187	25187	7.67	0	0	0.00	1540	2.24150	1
mult_dcop_01.mtx.hgr.random100.rendered	reduce12	25187	25187	7.67	0	0	0.00	1540	0.04997	1
mult_dcop_01.mtx.hgr.random100.rendered	reduce13	25187	25187	7.67	0	0	0.00	1540	0.05377	1
mult_dcop_01.mtx.hgr.random100.rendered	reduce14	25187	25187	7.67	0	0	0.00	1540	0.04682	1
mult_dcop_01.mtx.hgr.random100.rendered	reduce15	25187	25187	7.67	0	0	0.00	1540	0.04667	1
mult_dcop_01.mtx.hgr.random100.rendered	reduce1	25187	25187	7.67	25187	24817	7.77	0	0.00939	21
mult_dcop_01.mtx.hgr.random100.rendered	reduce2	25187	25187	7.67	178	180	2.00	1451	0.02854	21
mult_dcop_01.mtx.hgr.random100.rendered	reduce3	25187	25187	7.67	25187	2950	19.02	0	0.35398	21
mult_dcop_01.mtx.hgr.random100.rendered	reduce4	25187	25187	7.67	168	0	0.00	1372	1.19011	21
mult_dcop_01.mtx.hgr.random100.rendered	reduce8	25187	25187	7.67	0	0	0.00	1540	0.05245	21
mult_dcop_01.mtx.hgr.random100.rendered	reduce9	25187	25187	7.67	0	0	0.00	1540	0.04771	21
mult_dcop_01.mtx.hgr.random100.rendered	reduce11	25187	25187	7.67	0	0	0.00	1540	0.04521	21
mult_dcop_01.mtx.hgr.random100.rendered	reduce12	25187	25187	7.67	0	0	0.00	1540	0.04832	21
mult_dcop_01.mtx.hgr.random100.rendered	reduce10	25187	25187	7.67	0	0	0.00	1540	2.27295	21
mult_dcop_01.mtx.hgr.random100.rendered	reduce13	25187	25187	7.67	0	0	0.00	1540	0.04654	21
mult_dcop_01.mtx.hgr.random100.rendered	reduce14	25187	25187	7.67	0	0	0.00	1540	0.04821	21
mult_dcop_01.mtx.hgr.random100.rendered	reduce15	25187	25187	7.67	0	0	0.00	1540	0.04417	21
mult_dcop_01.mtx.hgr.random100.rendered	reduce1	25187	25187	7.67	25187	24817	7.77	0	0.00697	203
mult_dcop_01.mtx.hgr.random100.rendered	reduce2	25187	25187	7.67	178	180	2.00	1451	0.02934	203
mult_dcop_01.mtx.hgr.random100.rendered	reduce3	25187	25187	7.67	25187	2950	19.02	0	0.35696	203
mult_dcop_01.mtx.hgr.random100.rendered	reduce4	25187	25187	7.67	168	0	0.00	1372	1.20325	203
mult_dcop_01.mtx.hgr.random100.rendered	reduce6	25187	25187	7.67	25019	24817	7.77	168	32.15319	1
mult_dcop_01.mtx.hgr.random100.rendered	reduce8	25187	25187	7.67	0	0	0.00	1540	0.05284	203
mult_dcop_01.mtx.hgr.random100.rendered	reduce9	25187	25187	7.67	0	0	0.00	1540	0.04856	203
mult_dcop_01.mtx.hgr.random100.rendered	reduce11	25187	25187	7.67	0	0	0.00	1540	0.04877	203
mult_dcop_01.mtx.hgr.random100.rendered	reduce10	25187	25187	7.67	0	0	0.00	1540	2.27118	203
mult_dcop_01.mtx.hgr.random100.rendered	reduce12	25187	25187	7.67	0	0	0.00	1540	0.04892	203
mult_dcop_01.mtx.hgr.random100.rendered	reduce13	25187	25187	7.67	0	0	0.00	1540	0.04841	203
mult_dcop_01.mtx.hgr.random100.rendered	reduce14	25187	25187	7.67	0	0	0.00	1540	0.04784	203
mult_dcop_01.mtx.hgr.random100.rendered	reduce15	25187	25187	7.67	0	0	0.00	1540	0.04771	203
mult_dcop_01.mtx.hgr.random100.rendered	reduce1	25187	25187	7.67	25187	24817	7.77	0	0.00954	1002
mult_dcop_01.mtx.hgr.random100.rendered	reduce2	25187	25187	7.67	178	180	2.00	1451	0.02960	1002
mult_dcop_01.mtx.hgr.random100.rendered	reduce3	25187	25187	7.67	25187	2950	19.02	0	0.35551	1002
mult_dcop_01.mtx.hgr.random100.rendered	reduce4	25187	25187	7.67	168	0	0.00	1372	1.19889	1002
mult_dcop_01.mtx.hgr.random100.rendered	reduce6	25187	25187	7.67	25019	24817	7.77	168	32.12947	21
mult_dcop_01.mtx.hgr.random100.rendered	reduce8	25187	25187	7.67	0	0	0.00	1540	0.05259	1002
mult_dcop_01.mtx.hgr.random100.rendered	reduce9	25187	25187	7.67	0	0	0.00	1540	0.04487	1002
mult_dcop_01.mtx.hgr.random100.rendered	reduce11	25187	25187	7.67	0	0	0.00	1540	0.05090	1002
mult_dcop_01.mtx.hgr.random100.rendered	reduce12	25187	25187	7.67	0	0	0.00	1540	0.05003	1002
mult_dcop_01.mtx.hgr.random100.rendered	reduce10	25187	25187	7.67	0	0	0.00	1540	2.27763	1002
mult_dcop_01.mtx.hgr.random100.rendered	reduce13	25187	25187	7.67	0	0	0.00	1540	0.04855	1002
mult_dcop_01.mtx.hgr.random100.rendered	reduce14	25187	25187	7.67	0	0	0.00	1540	0.04833	1002
mult_dcop_01.mtx.hgr.random100.rendered	reduce15	25187	25187	7.67	0	0	0.00	1540	0.04712	1002
NotreDame_actors.mtx.hgr.random100	reduce1	127823	383640	3.83	127823	139165	8.81	0	0.10855	1
NotreDame_actors.mtx.hgr.random100	reduce2	127823	383640	3.83	29747	39908	3.78	10588	0.33368	1
NotreDame_actors.mtx.hgr.random100	reduce3	127823	383640	3.83	127823	123337	9.65	0	0.30726	1
NotreDame_actors.mtx.hgr.random100	reduce4	127823	383640	3.83	29905	37432	3.73	9070	0.49473	1
mult_dcop_01.mtx.hgr.random100.rendered	reduce6	25187	25187	7.67	25019	24817	7.77	168	31.78018	203
NotreDame_actors.mtx.hgr.random100	reduce5	127823	383640	3.83	28385	38679	3.17	8930	5.25174	1
NotreDame_actors.mtx.hgr.random100	reduce6	127823	383640	3.83	27312	39672	3.78	12957	4.90930	1
NotreDame_actors.mtx.hgr.random100	reduce8	127823	383640	3.83	10770	14952	3.37	17457	0.60225	1
NotreDame_actors.mtx.hgr.random100	reduce9	127823	383640	3.83	10770	14952	3.37	17457	0.61232	1
NotreDame_actors.mtx.hgr.random100	reduce10	127823	383640	3.83	10770	14952	3.37	17457	0.88733	1
NotreDame_actors.mtx.hgr.random100	reduce11	127823	383640	3.83	10770	16080	3.28	17457	0.59019	1
NotreDame_actors.mtx.hgr.random100	reduce12	127823	383640	3.83	10770	14952	3.37	17457	0.57632	1
NotreDame_actors.mtx.hgr.random100	reduce13	127823	383640	3.83	10773	14956	3.37	17456	0.57112	1
NotreDame_actors.mtx.hgr.random100	reduce14	127823	383640	3.83	10770	14952	3.37	17457	0.55967	1
NotreDame_actors.mtx.hgr.random100	reduce15	127823	383640	3.83	11648	16188	3.43	17250	0.50248	1
NotreDame_actors.mtx.hgr.random100	reduce1	127823	383640	3.83	127823	139165	8.81	0	0.11567	21
NotreDame_actors.mtx.hgr.random100	reduce2	127823	383640	3.83	29747	39908	3.78	10588	0.36027	21
mult_dcop_01.mtx.hgr.random100.rendered	reduce6	25187	25187	7.67	25019	24817	7.77	168	32.59618	1002
NotreDame_actors.mtx.hgr.random100	reduce3	127823	383640	3.83	127823	123337	9.65	0	0.29987	21
NotreDame_actors.mtx.hgr.random100	reduce7	127823	383640	3.83	28236	16102	3.28	0	15.82249	1
NotreDame_actors.mtx.hgr.random100	reduce4	127823	383640	3.83	29905	37432	3.73	9070	0.49216	21
NotreDame_actors.mtx.hgr.random100	reduce8	127823	383640	3.83	10770	14952	3.37	17457	0.60906	21
NotreDame_actors.mtx.hgr.random100	reduce9	127823	383640	3.83	10770	14952	3.37	17457	0.61253	21
NotreDame_actors.mtx.hgr.random100	reduce5	127823	383640	3.83	28385	38679	3.17	8930	5.43783	21
NotreDame_actors.mtx.hgr.random100	reduce10	127823	383640	3.83	10770	14952	3.37	17457	0.90361	21
NotreDame_actors.mtx.hgr.random100	reduce6	127823	383640	3.83	27312	39672	3.78	12957	5.14928	21
NotreDame_actors.mtx.hgr.random100	reduce11	127823	383640	3.83	10770	16080	3.28	17457	0.55976	21
NotreDame_actors.mtx.hgr.random100	reduce12	127823	383640	3.83	10770	14952	3.37	17457	0.59068	21
NotreDame_actors.mtx.hgr.random100	reduce13	127823	383640	3.83	10773	14956	3.37	17456	0.56868	21
NotreDame_actors.mtx.hgr.random100	reduce14	127823	383640	3.83	10770	14952	3.37	17457	0.56395	21
NotreDame_actors.mtx.hgr.random100	reduce15	127823	383640	3.83	11648	16188	3.43	17250	0.49797	21
NotreDame_actors.mtx.hgr.random100	reduce1	127823	383640	3.83	127823	139165	8.81	0	0.11554	203
NotreDame_actors.mtx.hgr.random100	reduce2	127823	383640	3.83	29747	39908	3.78	10588	0.34574	203
NotreDame_actors.mtx.hgr.random100	reduce3	127823	383640	3.83	127823	123337	9.65	0	0.33431	203
NotreDame_actors.mtx.hgr.random100	reduce4	127823	383640	3.83	29905	37432	3.73	9070	0.48815	203
NotreDame_actors.mtx.hgr.random100	reduce7	127823	383640	3.83	28236	16102	3.28	0	16.29147	21
NotreDame_actors.mtx.hgr.random100	reduce8	127823	383640	3.83	10770	14952	3.37	17457	0.60441	203
NotreDame_actors.mtx.hgr.random100	reduce5	127823	383640	3.83	28385	38679	3.17	8930	5.44058	203
NotreDame_actors.mtx.hgr.random100	reduce9	127823	383640	3.83	10770	14952	3.37	17457	0.61015	203
NotreDame_actors.mtx.hgr.random100	reduce6	127823	383640	3.83	27312	39672	3.78	12957	5.24901	203
NotreDame_actors.mtx.hgr.random100	reduce10	127823	383640	3.83	10770	14952	3.37	17457	0.88759	203
NotreDame_actors.mtx.hgr.random100	reduce11	127823	383640	3.83	10770	16080	3.28	17457	0.57884	203
NotreDame_actors.mtx.hgr.random100	reduce12	127823	383640	3.83	10770	14952	3.37	17457	0.58428	203
NotreDame_actors.mtx.hgr.random100	reduce13	127823	383640	3.83	10773	14956	3.37	17456	0.56235	203
NotreDame_actors.mtx.hgr.random100	reduce14	127823	383640	3.83	10770	14952	3.37	17457	0.57064	203
NotreDame_actors.mtx.hgr.random100	reduce15	127823	383640	3.83	11648	16188	3.43	17250	0.51301	203
NotreDame_actors.mtx.hgr.random100	reduce1	127823	383640	3.83	127823	139165	8.81	0	0.11470	1002
NotreDame_actors.mtx.hgr.random100	reduce2	127823	383640	3.83	29747	39908	3.78	10588	0.34023	1002
NotreDame_actors.mtx.hgr.random100	reduce3	127823	383640	3.83	127823	123337	9.65	0	0.30748	1002
NotreDame_actors.mtx.hgr.random100	reduce4	127823	383640	3.83	29905	37432	3.73	9070	0.48317	1002
NotreDame_actors.mtx.hgr.random100	reduce7	127823	383640	3.83	28236	16102	3.28	0	16.13614	203
NotreDame_actors.mtx.hgr.random100	reduce8	127823	383640	3.83	10770	14952	3.37	17457	0.60578	1002
NotreDame_actors.mtx.hgr.random100	reduce9	127823	383640	3.83	10770	14952	3.37	17457	0.61994	1002
NotreDame_actors.mtx.hgr.random100	reduce5	127823	383640	3.83	28385	38679	3.17	8930	5.19190	1002
NotreDame_actors.mtx.hgr.random100	reduce10	127823	383640	3.83	10770	14952	3.37	17457	0.88852	1002
NotreDame_actors.mtx.hgr.random100	reduce6	127823	383640	3.83	27312	39672	3.78	12957	5.26786	1002
NotreDame_actors.mtx.hgr.random100	reduce11	127823	383640	3.83	10770	16080	3.28	17457	0.58018	1002
NotreDame_actors.mtx.hgr.random100	reduce12	127823	383640	3.83	10770	14952	3.37	17457	0.59026	1002
NotreDame_actors.mtx.hgr.random100	reduce13	127823	383640	3.83	10773	14956	3.37	17456	0.57005	1002
NotreDame_actors.mtx.hgr.random100	reduce14	127823	383640	3.83	10770	14952	3.37	17457	0.55992	1002
NotreDame_actors.mtx.hgr.random100	reduce15	127823	383640	3.83	11648	16188	3.43	17250	0.49131	1002
pdb1HYS.mtx.hgr.random100	reduce1	36417	36417	119.31	36417	36417	119.31	0	0.09757	1
pdb1HYS.mtx.hgr.random100	reduce2	36417	36417	119.31	36417	36417	119.31	0	0.09654	1
pdb1HYS.mtx.hgr.random100	reduce3	36417	36417	119.31	36417	10696	125.85	0	0.11381	1
pdb1HYS.mtx.hgr.random100	reduce4	36417	36417	119.31	10128	36228	34.45	1	1.46745	1
pdb1HYS.mtx.hgr.random100	reduce6	36417	36417	119.31	36417	36417	119.31	0	0.47166	1
NotreDame_actors.mtx.hgr.random100	reduce7	127823	383640	3.83	28236	16102	3.28	0	15.97744	1002
pdb1HYS.mtx.hgr.random100	reduce5	36417	36417	119.31	7262	35523	24.98	5	3.49058	1
pdb1HYS.mtx.hgr.random100	reduce7	36417	36417	119.31	36417	36417	119.31	0	1.60805	1
pdb1HYS.mtx.hgr.random100	reduce8	36417	36417	119.31	6899	8619	29.10	17	1.34217	1
pdb1HYS.mtx.hgr.random100	reduce9	36417	36417	119.31	6899	8619	29.10	17	1.25123	1
pdb1HYS.mtx.hgr.random100	reduce10	36417	36417	119.31	6899	8619	29.10	17	1.22836	1
pdb1HYS.mtx.hgr.random100	reduce11	36417	36417	119.31	7203	35406	24.88	15	2.78544	1
pdb1HYS.mtx.hgr.random100	reduce13	36417	36417	119.31	6899	8619	29.10	17	1.19203	1
pdb1HYS.mtx.hgr.random100	reduce12	36417	36417	119.31	6899	8616	29.10	17	2.78487	1
pdb1HYS.mtx.hgr.random100	reduce14	36417	36417	119.31	6899	8619	29.10	17	1.27644	1
pdb1HYS.mtx.hgr.random100	reduce1	36417	36417	119.31	36417	36417	119.31	0	0.09528	21
pdb1HYS.mtx.hgr.random100	reduce15	36417	36417	119.31	7204	8841	29.84	15	1.11678	1
pdb1HYS.mtx.hgr.random100	reduce2	36417	36417	119.31	36417	36417	119.31	0	0.09728	21
pdb1HYS.mtx.hgr.random100	reduce3	36417	36417	119.31	36417	10696	125.85	0	0.11511	21
pdb1HYS.mtx.hgr.random100	reduce4	36417	36417	119.31	10128	36228	34.45	1	1.45561	21
pdb1HYS.mtx.hgr.random100	reduce6	36417	36417	119.31	36417	36417	119.31	0	0.46828	21
pdb1HYS.mtx.hgr.random100	reduce5	36417	36417	119.31	7262	35523	24.98	5	3.43799	21
pdb1HYS.mtx.hgr.random100	reduce7	36417	36417	119.31	36417	36417	119.31	0	1.59933	21
pdb1HYS.mtx.hgr.random100	reduce8	36417	36417	119.31	6899	8619	29.10	17	1.34522	21
pdb1HYS.mtx.hgr.random100	reduce9	36417	36417	119.31	6899	8619	29.10	17	1.33179	21
pdb1HYS.mtx.hgr.random100	reduce10	36417	36417	119.31	6899	8619	29.10	17	1.24499	21
pdb1HYS.mtx.hgr.random100	reduce11	36417	36417	119.31	7203	35406	24.88	15	2.72718	21
pdb1HYS.mtx.hgr.random100	reduce12	36417	36417	119.31	6899	8616	29.10	17	2.78400	21
pdb1HYS.mtx.hgr.random100	reduce13	36417	36417	119.31	6899	8619	29.10	17	1.18775	21
pdb1HYS.mtx.hgr.random100	reduce14	36417	36417	119.31	6899	8619	29.10	17	1.28159	21
pdb1HYS.mtx.hgr.random100	reduce1	36417	36417	119.31	36417	36417	119.31	0	0.09536	203
pdb1HYS.mtx.hgr.random100	reduce15	36417	36417	119.31	7204	8841	29.84	15	1.12487	21
pdb1HYS.mtx.hgr.random100	reduce2	36417	36417	119.31	36417	36417	119.31	0	0.09711	203
pdb1HYS.mtx.hgr.random100	reduce3	36417	36417	119.31	36417	10696	125.85	0	0.11469	203
pdb1HYS.mtx.hgr.random100	reduce4	36417	36417	119.31	10128	36228	34.45	1	1.45644	203
pdb1HYS.mtx.hgr.random100	reduce6	36417	36417	119.31	36417	36417	119.31	0	0.47961	203
pdb1HYS.mtx.hgr.random100	reduce5	36417	36417	119.31	7262	35523	24.98	5	3.43195	203
pdb1HYS.mtx.hgr.random100	reduce7	36417	36417	119.31	36417	36417	119.31	0	1.59244	203
pdb1HYS.mtx.hgr.random100	reduce8	36417	36417	119.31	6899	8619	29.10	17	1.32213	203
pdb1HYS.mtx.hgr.random100	reduce9	36417	36417	119.31	6899	8619	29.10	17	1.29481	203
pdb1HYS.mtx.hgr.random100	reduce10	36417	36417	119.31	6899	8619	29.10	17	1.23678	203
pdb1HYS.mtx.hgr.random100	reduce11	36417	36417	119.31	7203	35406	24.88	15	2.72013	203
pdb1HYS.mtx.hgr.random100	reduce13	36417	36417	119.31	6899	8619	29.10	17	1.16742	203
pdb1HYS.mtx.hgr.random100	reduce12	36417	36417	119.31	6899	8616	29.10	17	2.78057	203
pdb1HYS.mtx.hgr.random100	reduce14	36417	36417	119.31	6899	8619	29.10	17	1.28731	203
pdb1HYS.mtx.hgr.random100	reduce15	36417	36417	119.31	7204	8841	29.84	15	1.11321	203
pdb1HYS.mtx.hgr.random100	reduce1	36417	36417	119.31	36417	36417	119.31	0	0.09501	1002
pdb1HYS.mtx.hgr.random100	reduce2	36417	36417	119.31	36417	36417	119.31	0	0.09522	1002
pdb1HYS.mtx.hgr.random100	reduce3	36417	36417	119.31	36417	10696	125.85	0	0.11693	1002
pdb1HYS.mtx.hgr.random100	reduce4	36417	36417	119.31	10128	36228	34.45	1	1.46371	1002
pdb1HYS.mtx.hgr.random100	reduce6	36417	36417	119.31	36417	36417	119.31	0	0.46924	1002
pdb1HYS.mtx.hgr.random100	reduce5	36417	36417	119.31	7262	35523	24.98	5	3.42233	1002
pdb1HYS.mtx.hgr.random100	reduce7	36417	36417	119.31	36417	36417	119.31	0	1.60084	1002
pdb1HYS.mtx.hgr.random100	reduce8	36417	36417	119.31	6899	8619	29.10	17	1.34517	1002
pdb1HYS.mtx.hgr.random100	reduce9	36417	36417	119.31	6899	8619	29.10	17	1.27876	1002
pdb1HYS.mtx.hgr.random100	reduce10	36417	36417	119.31	6899	8619	29.10	17	1.23453	1002
pdb1HYS.mtx.hgr.random100	reduce11	36417	36417	119.31	7203	35406	24.88	15	2.75180	1002
pdb1HYS.mtx.hgr.random100	reduce12	36417	36417	119.31	6899	8616	29.10	17	2.77649	1002
pdb1HYS.mtx.hgr.random100	reduce13	36417	36417	119.31	6899	8619	29.10	17	1.17157	1002
pdb1HYS.mtx.hgr.random100	reduce14	36417	36417	119.31	6899	8619	29.10	17	1.25276	1002
poli3.mtx.hgr.random100	reduce1	16955	16955	2.23	16955	4865	5.29	0	0.00548	1
pdb1HYS.mtx.hgr.random100	reduce15	36417	36417	119.31	7204	8841	29.84	15	1.14384	1002
poli3.mtx.hgr.random100	reduce2	16955	16955	2.23	11651	2791	5.51	1342	0.00539	1
poli3.mtx.hgr.random100	reduce3	16955	16955	2.23	16955	4460	5.57	0	0.00593	1
poli3.mtx.hgr.random100	reduce4	16955	16955	2.23	8535	1976	4.99	1372	0.01314	1
poli3.mtx.hgr.random100	reduce5	16955	16955	2.23	3857	2263	2.01	1428	0.02806	1
poli3.mtx.hgr.random100	reduce6	16955	16955	2.23	11622	2768	5.54	1363	0.03718	1
poli3.mtx.hgr.random100	reduce7	16955	16955	2.23	3523	0	0.00	0	0.02867	1
poli3.mtx.hgr.random100	reduce8	16955	16955	2.23	0	0	0.00	3523	0.01230	1
poli3.mtx.hgr.random100	reduce9	16955	16955	2.23	0	0	0.00	3523	0.01308	1
poli3.mtx.hgr.random100	reduce10	16955	16955	2.23	0	0	0.00	3523	0.01741	1
poli3.mtx.hgr.random100	reduce11	16955	16955	2.23	0	0	0.00	3523	0.01183	1
poli3.mtx.hgr.random100	reduce12	16955	16955	2.23	0	0	0.00	3523	0.01192	1
poli3.mtx.hgr.random100	reduce13	16955	16955	2.23	0	0	0.00	3523	0.00660	1
poli3.mtx.hgr.random100	reduce14	16955	16955	2.23	0	0	0.00	3523	0.00543	1
poli3.mtx.hgr.random100	reduce15	16955	16955	2.23	0	0	0.00	3523	0.00970	1
poli3.mtx.hgr.random100	reduce1	16955	16955	2.23	16955	4865	5.29	0	0.00475	21
poli3.mtx.hgr.random100	reduce2	16955	16955	2.23	11651	2791	5.51	1342	0.00298	21
poli3.mtx.hgr.random100	reduce3	16955	16955	2.23	16955	4460	5.57	0	0.00599	21
poli3.mtx.hgr.random100	reduce4	16955	16955	2.23	8535	1976	4.99	1372	0.01328	21
poli3.mtx.hgr.random100	reduce5	16955	16955	2.23	3857	2263	2.01	1428	0.02837	21
poli3.mtx.hgr.random100	reduce6	16955	16955	2.23	11622	2768	5.54	1363	0.03794	21
poli3.mtx.hgr.random100	reduce7	16955	16955	2.23	3523	0	0.00	0	0.02871	21
poli3.mtx.hgr.random100	reduce8	16955	16955	2.23	0	0	0.00	3523	0.01226	21
poli3.mtx.hgr.random100	reduce9	16955	16955	2.23	0	0	0.00	3523	0.01289	21
poli3.mtx.hgr.random100	reduce10	16955	16955	2.23	0	0	0.00	3523	0.01819	21
poli3.mtx.hgr.random100	reduce11	16955	16955	2.23	0	0	0.00	3523	0.01189	21
poli3.mtx.hgr.random100	reduce12	16955	16955	2.23	0	0	0.00	3523	0.01185	21
poli3.mtx.hgr.random100	reduce13	16955	16955	2.23	0	0	0.00	3523	0.01213	21
poli3.mtx.hgr.random100	reduce14	16955	16955	2.23	0	0	0.00	3523	0.00549	21
poli3.mtx.hgr.random100	reduce15	16955	16955	2.23	0	0	0.00	3523	0.00963	21
poli3.mtx.hgr.random100	reduce1	16955	16955	2.23	16955	4865	5.29	0	0.00468	203
poli3.mtx.hgr.random100	reduce2	16955	16955	2.23	11651	2791	5.51	1342	0.00545	203
poli3.mtx.hgr.random100	reduce3	16955	16955	2.23	16955	4460	5.57	0	0.00595	203
poli3.mtx.hgr.random100	reduce4	16955	16955	2.23	8535	1976	4.99	1372	0.01312	203
poli3.mtx.hgr.random100	reduce5	16955	16955	2.23	3857	2263	2.01	1428	0.02807	203
poli3.mtx.hgr.random100	reduce6	16955	16955	2.23	11622	2768	5.54	1363	0.03734	203
poli3.mtx.hgr.random100	reduce7	16955	16955	2.23	3523	0	0.00	0	0.02880	203
poli3.mtx.hgr.random100	reduce8	16955	16955	2.23	0	0	0.00	3523	0.01232	203
poli3.mtx.hgr.random100	reduce9	16955	16955	2.23	0	0	0.00	3523	0.01285	203
poli3.mtx.hgr.random100	reduce10	16955	16955	2.23	0	0	0.00	3523	0.01759	203
poli3.mtx.hgr.random100	reduce11	16955	16955	2.23	0	0	0.00	3523	0.00649	203
poli3.mtx.hgr.random100	reduce12	16955	16955	2.23	0	0	0.00	3523	0.01178	203
poli3.mtx.hgr.random100	reduce13	16955	16955	2.23	0	0	0.00	3523	0.01202	203
poli3.mtx.hgr.random100	reduce14	16955	16955	2.23	0	0	0.00	3523	0.00994	203
poli3.mtx.hgr.random100	reduce15	16955	16955	2.23	0	0	0.00	3523	0.00532	203
poli3.mtx.hgr.random100	reduce1	16955	16955	2.23	16955	4865	5.29	0	0.00496	1002
poli3.mtx.hgr.random100	reduce2	16955	16955	2.23	11651	2791	5.51	1342	0.00551	1002
poli3.mtx.hgr.random100	reduce3	16955	16955	2.23	16955	4460	5.57	0	0.00600	1002
poli3.mtx.hgr.random100	reduce4	16955	16955	2.23	8535	1976	4.99	1372	0.00722	1002
poli3.mtx.hgr.random100	reduce5	16955	16955	2.23	3857	2263	2.01	1428	0.02120	1002
poli3.mtx.hgr.random100	reduce6	16955	16955	2.23	11622	2768	5.54	1363	0.03086	1002
poli3.mtx.hgr.random100	reduce7	16955	16955	2.23	3523	0	0.00	0	0.02861	1002
poli3.mtx.hgr.random100	reduce8	16955	16955	2.23	0	0	0.00	3523	0.01242	1002
poli3.mtx.hgr.random100	reduce9	16955	16955	2.23	0	0	0.00	3523	0.01278	1002
poli3.mtx.hgr.random100	reduce10	16955	16955	2.23	0	0	0.00	3523	0.01781	1002
poli3.mtx.hgr.random100	reduce11	16955	16955	2.23	0	0	0.00	3523	0.01218	1002
poli3.mtx.hgr.random100	reduce12	16955	16955	2.23	0	0	0.00	3523	0.01185	1002
poli3.mtx.hgr.random100	reduce13	16955	16955	2.23	0	0	0.00	3523	0.00657	1002
poli3.mtx.hgr.random100	reduce14	16955	16955	2.23	0	0	0.00	3523	0.00548	1002
poli3.mtx.hgr.random100	reduce15	16955	16955	2.23	0	0	0.00	3523	0.00983	1002
psse2.mtx.hgr.random100	reduce1	11028	28634	4.03	11028	28632	4.03	0	0.00762	1
psse2.mtx.hgr.random100	reduce2	11028	28634	4.03	11028	28632	4.03	0	0.00715	1
psse2.mtx.hgr.random100	reduce3	11028	28634	4.03	11028	5840	4.25	0	0.00921	1
psse2.mtx.hgr.random100	reduce4	11028	28634	4.03	350	1276	2.31	2969	0.01167	1
psse2.mtx.hgr.random100	reduce5	11028	28634	4.03	4867	14957	2.06	469	0.01562	1
psse2.mtx.hgr.random100	reduce6	11028	28634	4.03	10826	28286	4.03	154	0.01477	1
psse2.mtx.hgr.random100	reduce7	11028	28634	4.03	3107	48	2.00	0	0.01075	1
psse2.mtx.hgr.random100	reduce8	11028	28634	4.03	18	18	2.00	3089	0.01383	1
psse2.mtx.hgr.random100	reduce9	11028	28634	4.03	18	18	2.00	3089	0.01344	1
psse2.mtx.hgr.random100	reduce10	11028	28634	4.03	18	18	2.00	3089	0.01469	1
psse2.mtx.hgr.random100	reduce11	11028	28634	4.03	18	48	2.00	3089	0.01643	1
psse2.mtx.hgr.random100	reduce12	11028	28634	4.03	18	18	2.00	3089	0.01385	1
psse2.mtx.hgr.random100	reduce13	11028	28634	4.03	18	18	2.00	3089	0.01382	1
psse2.mtx.hgr.random100	reduce14	11028	28634	4.03	18	18	2.00	3089	0.01289	1
psse2.mtx.hgr.random100	reduce15	11028	28634	4.03	63	57	2.21	3072	0.01298	1
psse2.mtx.hgr.random100	reduce1	11028	28634	4.03	11028	28632	4.03	0	0.00772	21
psse2.mtx.hgr.random100	reduce2	11028	28634	4.03	11028	28632	4.03	0	0.00731	21
psse2.mtx.hgr.random100	reduce3	11028	28634	4.03	11028	5840	4.25	0	0.00862	21
psse2.mtx.hgr.random100	reduce4	11028	28634	4.03	350	1276	2.31	2969	0.01202	21
psse2.mtx.hgr.random100	reduce5	11028	28634	4.03	4867	14957	2.06	469	0.01587	21
psse2.mtx.hgr.random100	reduce6	11028	28634	4.03	10826	28286	4.03	154	0.01538	21
psse2.mtx.hgr.random100	reduce7	11028	28634	4.03	3107	48	2.00	0	0.01661	21
psse2.mtx.hgr.random100	reduce8	11028	28634	4.03	18	18	2.00	3089	0.01396	21
psse2.mtx.hgr.random100	reduce9	11028	28634	4.03	18	18	2.00	3089	0.01392	21
psse2.mtx.hgr.random100	reduce10	11028	28634	4.03	18	18	2.00	3089	0.01498	21
psse2.mtx.hgr.random100	reduce11	11028	28634	4.03	18	48	2.00	3089	0.01653	21
psse2.mtx.hgr.random100	reduce12	11028	28634	4.03	18	18	2.00	3089	0.01417	21
psse2.mtx.hgr.random100	reduce13	11028	28634	4.03	18	18	2.00	3089	0.01397	21
psse2.mtx.hgr.random100	reduce14	11028	28634	4.03	18	18	2.00	3089	0.00777	21
psse2.mtx.hgr.random100	reduce15	11028	28634	4.03	63	57	2.21	3072	0.01313	21
psse2.mtx.hgr.random100	reduce1	11028	28634	4.03	11028	28632	4.03	0	0.00791	203
psse2.mtx.hgr.random100	reduce2	11028	28634	4.03	11028	28632	4.03	0	0.00729	203
psse2.mtx.hgr.random100	reduce3	11028	28634	4.03	11028	5840	4.25	0	0.00933	203
psse2.mtx.hgr.random100	reduce4	11028	28634	4.03	350	1276	2.31	2969	0.01239	203
psse2.mtx.hgr.random100	reduce5	11028	28634	4.03	4867	14957	2.06	469	0.01031	203
psse2.mtx.hgr.random100	reduce6	11028	28634	4.03	10826	28286	4.03	154	0.01504	203
psse2.mtx.hgr.random100	reduce7	11028	28634	4.03	3107	48	2.00	0	0.01071	203
psse2.mtx.hgr.random100	reduce8	11028	28634	4.03	18	18	2.00	3089	0.01409	203
psse2.mtx.hgr.random100	reduce9	11028	28634	4.03	18	18	2.00	3089	0.00811	203
psse2.mtx.hgr.random100	reduce10	11028	28634	4.03	18	18	2.00	3089	0.01457	203
psse2.mtx.hgr.random100	reduce11	11028	28634	4.03	18	48	2.00	3089	0.01646	203
psse2.mtx.hgr.random100	reduce12	11028	28634	4.03	18	18	2.00	3089	0.01386	203
psse2.mtx.hgr.random100	reduce13	11028	28634	4.03	18	18	2.00	3089	0.01349	203
psse2.mtx.hgr.random100	reduce14	11028	28634	4.03	18	18	2.00	3089	0.01305	203
psse2.mtx.hgr.random100	reduce15	11028	28634	4.03	63	57	2.21	3072	0.01308	203
psse2.mtx.hgr.random100	reduce1	11028	28634	4.03	11028	28632	4.03	0	0.00768	1002
psse2.mtx.hgr.random100	reduce2	11028	28634	4.03	11028	28632	4.03	0	0.00415	1002
psse2.mtx.hgr.random100	reduce3	11028	28634	4.03	11028	5840	4.25	0	0.00922	1002
psse2.mtx.hgr.random100	reduce4	11028	28634	4.03	350	1276	2.31	2969	0.01149	1002
psse2.mtx.hgr.random100	reduce5	11028	28634	4.03	4867	14957	2.06	469	0.01564	1002
psse2.mtx.hgr.random100	reduce6	11028	28634	4.03	10826	28286	4.03	154	0.00983	1002
psse2.mtx.hgr.random100	reduce7	11028	28634	4.03	3107	48	2.00	0	0.01622	1002
psse2.mtx.hgr.random100	reduce8	11028	28634	4.03	18	18	2.00	3089	0.01420	1002
psse2.mtx.hgr.random100	reduce9	11028	28634	4.03	18	18	2.00	3089	0.01339	1002
psse2.mtx.hgr.random100	reduce10	11028	28634	4.03	18	18	2.00	3089	0.01437	1002
psse2.mtx.hgr.random100	reduce11	11028	28634	4.03	18	48	2.00	3089	0.01696	1002
psse2.mtx.hgr.random100	reduce12	11028	28634	4.03	18	18	2.00	3089	0.01557	1002
psse2.mtx.hgr.random100	reduce13	11028	28634	4.03	18	18	2.00	3089	0.01376	1002
psse2.mtx.hgr.random100	reduce14	11028	28634	4.03	18	18	2.00	3089	0.00773	1002
psse2.mtx.hgr.random100	reduce15	11028	28634	4.03	63	57	2.21	3072	0.01302	1002
rgg_n_2_18_s0.mtx.hgr.random100	reduce1	262144	262141	11.80	262144	262105	11.81	0	0.13816	1
rgg_n_2_18_s0.mtx.hgr.random100	reduce2	262144	262141	11.80	261948	262065	11.80	39	0.13678	1
rgg_n_2_18_s0.mtx.hgr.random100	reduce3	262144	262141	11.80	262144	261592	11.82	0	0.27387	1
rgg_n_2_18_s0.mtx.hgr.random100	reduce4	262144	262141	11.80	261104	262059	11.76	41	0.29656	1
rgg_n_2_18_s0.mtx.hgr.random100	reduce5	262144	262141	11.80	161875	258799	6.99	36	1.12852	1
rgg_n_2_18_s0.mtx.hgr.random100	reduce6	262144	262141	11.80	261948	262065	11.80	39	0.73520	1
rgg_n_2_18_s0.mtx.hgr.random100	reduce7	262144	262141	11.80	150890	254984	6.56	0	1.60760	1
rgg_n_2_18_s0.mtx.hgr.random100	reduce8	262144	262141	11.80	150322	171201	7.12	454	2.56448	1
rgg_n_2_18_s0.mtx.hgr.random100	reduce9	262144	262141	11.80	150322	171201	7.12	454	2.53062	1
rgg_n_2_18_s0.mtx.hgr.random100	reduce10	262144	262141	11.80	150322	171198	7.12	454	2.53892	1
rgg_n_2_18_s0.mtx.hgr.random100	reduce11	262144	262141	11.80	150322	254954	6.55	454	2.21910	1
rgg_n_2_18_s0.mtx.hgr.random100	reduce12	262144	262141	11.80	150322	171200	7.12	454	2.44159	1
rgg_n_2_18_s0.mtx.hgr.random100	reduce13	262144	262141	11.80	150436	171422	7.12	459	2.39170	1
rgg_n_2_18_s0.mtx.hgr.random100	reduce14	262144	262141	11.80	150322	171201	7.12	454	2.37000	1
rgg_n_2_18_s0.mtx.hgr.random100	reduce15	262144	262141	11.80	161031	178659	7.51	271	1.73102	1
rgg_n_2_18_s0.mtx.hgr.random100	reduce1	262144	262141	11.80	262144	262105	11.81	0	0.14209	21
rgg_n_2_18_s0.mtx.hgr.random100	reduce2	262144	262141	11.80	261948	262065	11.80	39	0.13978	21
rgg_n_2_18_s0.mtx.hgr.random100	reduce3	262144	262141	11.80	262144	261592	11.82	0	0.27756	21
rgg_n_2_18_s0.mtx.hgr.random100	reduce4	262144	262141	11.80	261104	262059	11.76	41	0.29024	21
rgg_n_2_18_s0.mtx.hgr.random100	reduce5	262144	262141	11.80	161875	258799	6.99	36	1.14539	21
rgg_n_2_18_s0.mtx.hgr.random100	reduce6	262144	262141	11.80	261948	262065	11.80	39	0.73300	21
rgg_n_2_18_s0.mtx.hgr.random100	reduce7	262144	262141	11.80	150890	254984	6.56	0	1.61117	21
rgg_n_2_18_s0.mtx.hgr.random100	reduce8	262144	262141	11.80	150322	171201	7.12	454	2.55701	21
rgg_n_2_18_s0.mtx.hgr.random100	reduce9	262144	262141	11.80	150322	171201	7.12	454	2.53748	21
rgg_n_2_18_s0.mtx.hgr.random100	reduce10	262144	262141	11.80	150322	171198	7.12	454	2.51335	21
rgg_n_2_18_s0.mtx.hgr.random100	reduce11	262144	262141	11.80	150322	254954	6.55	454	2.21759	21
rgg_n_2_18_s0.mtx.hgr.random100	reduce12	262144	262141	11.80	150322	171200	7.12	454	2.41786	21
rgg_n_2_18_s0.mtx.hgr.random100	reduce13	262144	262141	11.80	150436	171422	7.12	459	2.37678	21
rgg_n_2_18_s0.mtx.hgr.random100	reduce1	262144	262141	11.80	262144	262105	11.81	0	0.14748	203
rgg_n_2_18_s0.mtx.hgr.random100	reduce14	262144	262141	11.80	150322	171201	7.12	454	2.37982	21
rgg_n_2_18_s0.mtx.hgr.random100	reduce15	262144	262141	11.80	161031	178659	7.51	271	1.74298	21
rgg_n_2_18_s0.mtx.hgr.random100	reduce2	262144	262141	11.80	261948	262065	11.80	39	0.14609	203
rgg_n_2_18_s0.mtx.hgr.random100	reduce3	262144	262141	11.80	262144	261592	11.82	0	0.27835	203
rgg_n_2_18_s0.mtx.hgr.random100	reduce4	262144	262141	11.80	261104	262059	11.76	41	0.29576	203
rgg_n_2_18_s0.mtx.hgr.random100	reduce5	262144	262141	11.80	161875	258799	6.99	36	1.14367	203
rgg_n_2_18_s0.mtx.hgr.random100	reduce6	262144	262141	11.80	261948	262065	11.80	39	0.74685	203
rgg_n_2_18_s0.mtx.hgr.random100	reduce7	262144	262141	11.80	150890	254984	6.56	0	1.61140	203
rgg_n_2_18_s0.mtx.hgr.random100	reduce8	262144	262141	11.80	150322	171201	7.12	454	2.56962	203
rgg_n_2_18_s0.mtx.hgr.random100	reduce9	262144	262141	11.80	150322	171201	7.12	454	2.54285	203
rgg_n_2_18_s0.mtx.hgr.random100	reduce10	262144	262141	11.80	150322	171198	7.12	454	2.55231	203
rgg_n_2_18_s0.mtx.hgr.random100	reduce11	262144	262141	11.80	150322	254954	6.55	454	2.22328	203
rgg_n_2_18_s0.mtx.hgr.random100	reduce12	262144	262141	11.80	150322	171200	7.12	454	2.43872	203
rgg_n_2_18_s0.mtx.hgr.random100	reduce13	262144	262141	11.80	150436	171422	7.12	459	2.38134	203
rgg_n_2_18_s0.mtx.hgr.random100	reduce14	262144	262141	11.80	150322	171201	7.12	454	2.38543	203
rgg_n_2_18_s0.mtx.hgr.random100	reduce15	262144	262141	11.80	161031	178659	7.51	271	1.72861	203
rgg_n_2_18_s0.mtx.hgr.random100	reduce1	262144	262141	11.80	262144	262105	11.81	0	0.14155	1002
rgg_n_2_18_s0.mtx.hgr.random100	reduce2	262144	262141	11.80	261948	262065	11.80	39	0.14240	1002
rgg_n_2_18_s0.mtx.hgr.random100	reduce3	262144	262141	11.80	262144	261592	11.82	0	0.28048	1002
rgg_n_2_18_s0.mtx.hgr.random100	reduce4	262144	262141	11.80	261104	262059	11.76	41	0.29111	1002
rgg_n_2_18_s0.mtx.hgr.random100	reduce5	262144	262141	11.80	161875	258799	6.99	36	1.13187	1002
rgg_n_2_18_s0.mtx.hgr.random100	reduce6	262144	262141	11.80	261948	262065	11.80	39	0.73338	1002
rgg_n_2_18_s0.mtx.hgr.random100	reduce7	262144	262141	11.80	150890	254984	6.56	0	1.60916	1002
rgg_n_2_18_s0.mtx.hgr.random100	reduce8	262144	262141	11.80	150322	171201	7.12	454	2.54837	1002
rgg_n_2_18_s0.mtx.hgr.random100	reduce9	262144	262141	11.80	150322	171201	7.12	454	2.53490	1002
rgg_n_2_18_s0.mtx.hgr.random100	reduce10	262144	262141	11.80	150322	171198	7.12	454	2.51409	1002
rgg_n_2_18_s0.mtx.hgr.random100	reduce11	262144	262141	11.80	150322	254954	6.55	454	2.21832	1002
rgg_n_2_18_s0.mtx.hgr.random100	reduce12	262144	262141	11.80	150322	171200	7.12	454	2.42784	1002
rgg_n_2_18_s0.mtx.hgr.random100	reduce13	262144	262141	11.80	150436	171422	7.12	459	2.38509	1002
sat14_6s11-opt.cnf.hgr.random100	reduce1	66552	97312	2.33	66552	97311	2.33	0	0.01485	1
rgg_n_2_18_s0.mtx.hgr.random100	reduce14	262144	262141	11.80	150322	171201	7.12	454	2.35902	1002
sat14_6s11-opt.cnf.hgr.random100	reduce2	66552	97312	2.33	64785	95514	2.33	593	0.01462	1
rgg_n_2_18_s0.mtx.hgr.random100	reduce15	262144	262141	11.80	161031	178659	7.51	271	1.73460	1002
sat14_6s11-opt.cnf.hgr.random100	reduce3	66552	97312	2.33	66552	97311	2.33	0	0.02427	1
sat14_6s11-opt.cnf.hgr.random100	reduce4	66552	97312	2.33	64775	95214	2.32	595	0.02399	1
sat14_6s11-opt.cnf.hgr.random100	reduce5	66552	97312	2.33	65952	96575	2.33	0	0.04264	1
mult_dcop_01.mtx.hgr.random100.rendered	reduce5	25187	25187	7.67	16862	21006	5.16	196	402.36787	1
sat14_6s11-opt.cnf.hgr.random100	reduce6	66552	97312	2.33	64781	95510	2.33	595	0.03913	1
sat14_6s11-opt.cnf.hgr.random100	reduce7	66552	97312	2.33	33495	7453	2.12	0	0.35055	1
sat14_6s11-opt.cnf.hgr.random100	reduce8	66552	97312	2.33	4354	5308	2.10	28189	0.10014	1
sat14_6s11-opt.cnf.hgr.random100	reduce9	66552	97312	2.33	4354	5308	2.10	28189	0.09738	1
sat14_6s11-opt.cnf.hgr.random100	reduce10	66552	97312	2.33	4372	5323	2.10	28180	0.12784	1
sat14_6s11-opt.cnf.hgr.random100	reduce11	66552	97312	2.33	4354	5310	2.10	28189	0.09353	1
sat14_6s11-opt.cnf.hgr.random100	reduce12	66552	97312	2.33	4354	5308	2.10	28189	0.09386	1
sat14_6s11-opt.cnf.hgr.random100	reduce13	66552	97312	2.33	4423	5429	2.10	28161	0.23315	1
sat14_6s11-opt.cnf.hgr.random100	reduce14	66552	97312	2.33	4364	5340	2.10	28183	0.09247	1
sat14_6s11-opt.cnf.hgr.random100	reduce15	66552	97312	2.33	26564	35976	2.25	18284	0.07241	1
sat14_6s11-opt.cnf.hgr.random100	reduce1	66552	97312	2.33	66552	97311	2.33	0	0.01587	21
sat14_6s11-opt.cnf.hgr.random100	reduce2	66552	97312	2.33	64785	95514	2.33	593	0.01435	21
sat14_6s11-opt.cnf.hgr.random100	reduce3	66552	97312	2.33	66552	97311	2.33	0	0.02367	21
sat14_6s11-opt.cnf.hgr.random100	reduce4	66552	97312	2.33	64775	95214	2.32	595	0.02206	21
sat14_6s11-opt.cnf.hgr.random100	reduce5	66552	97312	2.33	65952	96575	2.33	0	0.04270	21
sat14_6s11-opt.cnf.hgr.random100	reduce6	66552	97312	2.33	64781	95510	2.33	595	0.03892	21
sat14_6s11-opt.cnf.hgr.random100	reduce7	66552	97312	2.33	33495	7453	2.12	0	0.34972	21
sat14_6s11-opt.cnf.hgr.random100	reduce8	66552	97312	2.33	4354	5308	2.10	28189	0.10110	21
sat14_6s11-opt.cnf.hgr.random100	reduce9	66552	97312	2.33	4354	5308	2.10	28189	0.09605	21
mult_dcop_01.mtx.hgr.random100.rendered	reduce5	25187	25187	7.67	16862	21006	5.16	196	408.91286	21
sat14_6s11-opt.cnf.hgr.random100	reduce10	66552	97312	2.33	4372	5323	2.10	28180	0.12993	21
sat14_6s11-opt.cnf.hgr.random100	reduce11	66552	97312	2.33	4354	5310	2.10	28189	0.09120	21
sat14_6s11-opt.cnf.hgr.random100	reduce12	66552	97312	2.33	4354	5308	2.10	28189	0.09884	21
sat14_6s11-opt.cnf.hgr.random100	reduce13	66552	97312	2.33	4423	5429	2.10	28161	0.22517	21
sat14_6s11-opt.cnf.hgr.random100	reduce14	66552	97312	2.33	4364	5340	2.10	28183	0.09164	21
sat14_6s11-opt.cnf.hgr.random100	reduce15	66552	97312	2.33	26564	35976	2.25	18284	0.08318	21
mult_dcop_01.mtx.hgr.random100.rendered	reduce5	25187	25187	7.67	16862	21006	5.16	196	381.55513	1002
sat14_6s11-opt.cnf.hgr.random100	reduce1	66552	97312	2.33	66552	97311	2.33	0	0.01449	203
sat14_6s11-opt.cnf.hgr.random100	reduce2	66552	97312	2.33	64785	95514	2.33	593	0.01523	203
sat14_6s11-opt.cnf.hgr.random100	reduce3	66552	97312	2.33	66552	97311	2.33	0	0.02245	203
sat14_6s11-opt.cnf.hgr.random100	reduce4	66552	97312	2.33	64775	95214	2.32	595	0.02229	203
sat14_6s11-opt.cnf.hgr.random100	reduce5	66552	97312	2.33	65952	96575	2.33	0	0.04109	203
sat14_6s11-opt.cnf.hgr.random100	reduce6	66552	97312	2.33	64781	95510	2.33	595	0.03745	203
sat14_6s11-opt.cnf.hgr.random100	reduce7	66552	97312	2.33	33495	7453	2.12	0	0.35102	203
sat14_6s11-opt.cnf.hgr.random100	reduce8	66552	97312	2.33	4354	5308	2.10	28189	0.09799	203
sat14_6s11-opt.cnf.hgr.random100	reduce9	66552	97312	2.33	4354	5308	2.10	28189	0.09874	203
sat14_6s11-opt.cnf.hgr.random100	reduce10	66552	97312	2.33	4372	5323	2.10	28180	0.12739	203
sat14_6s11-opt.cnf.hgr.random100	reduce11	66552	97312	2.33	4354	5310	2.10	28189	0.09001	203
sat14_6s11-opt.cnf.hgr.random100	reduce12	66552	97312	2.33	4354	5308	2.10	28189	0.09234	203
sat14_6s11-opt.cnf.hgr.random100	reduce13	66552	97312	2.33	4423	5429	2.10	28161	0.22629	203
mult_dcop_01.mtx.hgr.random100.rendered	reduce5	25187	25187	7.67	16862	21006	5.16	196	412.03131	203
sat14_6s11-opt.cnf.hgr.random100	reduce14	66552	97312	2.33	4364	5340	2.10	28183	0.09708	203
sat14_6s11-opt.cnf.hgr.random100	reduce15	66552	97312	2.33	26564	35976	2.25	18284	0.07185	203
sat14_6s11-opt.cnf.hgr.random100	reduce1	66552	97312	2.33	66552	97311	2.33	0	0.01483	1002
sat14_6s11-opt.cnf.hgr.random100	reduce2	66552	97312	2.33	64785	95514	2.33	593	0.01407	1002
sat14_6s11-opt.cnf.hgr.random100	reduce3	66552	97312	2.33	66552	97311	2.33	0	0.02252	1002
sat14_6s11-opt.cnf.hgr.random100	reduce4	66552	97312	2.33	64775	95214	2.32	595	0.02174	1002
sat14_6s11-opt.cnf.hgr.random100	reduce5	66552	97312	2.33	65952	96575	2.33	0	0.04222	1002
sat14_6s11-opt.cnf.hgr.random100	reduce6	66552	97312	2.33	64781	95510	2.33	595	0.03560	1002
sat14_6s11-opt.cnf.hgr.random100	reduce7	66552	97312	2.33	33495	7453	2.12	0	0.35265	1002
sat14_6s11-opt.cnf.hgr.random100	reduce8	66552	97312	2.33	4354	5308	2.10	28189	0.09720	1002
sat14_6s11-opt.cnf.hgr.random100	reduce9	66552	97312	2.33	4354	5308	2.10	28189	0.09725	1002
sat14_6s11-opt.cnf.hgr.random100	reduce10	66552	97312	2.33	4372	5323	2.10	28180	0.12657	1002
sat14_6s11-opt.cnf.hgr.random100	reduce11	66552	97312	2.33	4354	5310	2.10	28189	0.08971	1002
sat14_6s11-opt.cnf.hgr.random100	reduce12	66552	97312	2.33	4354	5308	2.10	28189	0.09384	1002
sat14_6s11-opt.cnf.hgr.random100	reduce13	66552	97312	2.33	4423	5429	2.10	28161	0.23423	1002
sat14_6s11-opt.cnf.hgr.random100	reduce14	66552	97312	2.33	4364	5340	2.10	28183	0.09041	1002
sat14_6s11-opt.cnf.hgr.random100	reduce15	66552	97312	2.33	26564	35976	2.25	18284	0.07173	1002
sat14_6s12.cnf.hgr.random100	reduce1	68066	99580	2.33	68066	99579	2.33	0	0.01509	1
sat14_6s12.cnf.hgr.random100	reduce2	68066	99580	2.33	66329	97844	2.33	579	0.01492	1
sat14_6s12.cnf.hgr.random100	reduce3	68066	99580	2.33	68066	99579	2.33	0	0.02374	1
sat14_6s12.cnf.hgr.random100	reduce4	68066	99580	2.33	66295	96322	2.32	587	0.02315	1
sat14_6s12.cnf.hgr.random100	reduce5	68066	99580	2.33	67458	98773	2.32	0	0.04269	1
sat14_6s12.cnf.hgr.random100	reduce6	68066	99580	2.33	66301	97816	2.33	593	0.03715	1
sat14_6s12.cnf.hgr.random100	reduce7	68066	99580	2.33	38729	17681	2.15	0	0.41531	1
sat14_6s12.cnf.hgr.random100	reduce8	68066	99580	2.33	10360	13150	2.10	26253	0.18977	1
sat14_6s12.cnf.hgr.random100	reduce9	68066	99580	2.33	10360	13150	2.10	26253	0.18494	1
sat14_6s12.cnf.hgr.random100	reduce10	68066	99580	2.33	10358	13148	2.10	26254	0.21922	1
sat14_6s12.cnf.hgr.random100	reduce11	68066	99580	2.33	10360	13150	2.10	26253	0.17303	1
sat14_6s12.cnf.hgr.random100	reduce12	68066	99580	2.33	10360	13150	2.10	26253	0.17505	1
sat14_6s12.cnf.hgr.random100	reduce13	68066	99580	2.33	10492	13357	2.10	26189	0.35308	1
sat14_6s12.cnf.hgr.random100	reduce14	68066	99580	2.33	10406	13232	2.10	26231	0.17151	1
sat14_6s12.cnf.hgr.random100	reduce15	68066	99580	2.33	55955	77796	2.29	5380	0.07206	1
sat14_6s12.cnf.hgr.random100	reduce1	68066	99580	2.33	68066	99579	2.33	0	0.01533	21
sat14_6s12.cnf.hgr.random100	reduce2	68066	99580	2.33	66329	97844	2.33	579	0.01510	21
sat14_6s12.cnf.hgr.random100	reduce3	68066	99580	2.33	68066	99579	2.33	0	0.02325	21
sat14_6s12.cnf.hgr.random100	reduce4	68066	99580	2.33	66295	96322	2.32	587	0.02272	21
sat14_6s12.cnf.hgr.random100	reduce5	68066	99580	2.33	67458	98773	2.32	0	0.04232	21
sat14_6s12.cnf.hgr.random100	reduce6	68066	99580	2.33	66301	97816	2.33	593	0.03705	21
sat14_6s12.cnf.hgr.random100	reduce7	68066	99580	2.33	38729	17681	2.15	0	0.41822	21
sat14_6s12.cnf.hgr.random100	reduce8	68066	99580	2.33	10360	13150	2.10	26253	0.18112	21
sat14_6s12.cnf.hgr.random100	reduce9	68066	99580	2.33	10360	13150	2.10	26253	0.18284	21
sat14_6s12.cnf.hgr.random100	reduce10	68066	99580	2.33	10358	13148	2.10	26254	0.22290	21
sat14_6s12.cnf.hgr.random100	reduce11	68066	99580	2.33	10360	13150	2.10	26253	0.18134	21
sat14_6s12.cnf.hgr.random100	reduce12	68066	99580	2.33	10360	13150	2.10	26253	0.18917	21
sat14_6s12.cnf.hgr.random100	reduce13	68066	99580	2.33	10492	13357	2.10	26189	0.35526	21
sat14_6s12.cnf.hgr.random100	reduce14	68066	99580	2.33	10406	13232	2.10	26231	0.17929	21
sat14_6s12.cnf.hgr.random100	reduce15	68066	99580	2.33	55955	77796	2.29	5380	0.07346	21
sat14_6s12.cnf.hgr.random100	reduce1	68066	99580	2.33	68066	99579	2.33	0	0.01460	203
sat14_6s12.cnf.hgr.random100	reduce2	68066	99580	2.33	66329	97844	2.33	579	0.01440	203
sat14_6s12.cnf.hgr.random100	reduce3	68066	99580	2.33	68066	99579	2.33	0	0.02343	203
sat14_6s12.cnf.hgr.random100	reduce4	68066	99580	2.33	66295	96322	2.32	587	0.02352	203
sat14_6s12.cnf.hgr.random100	reduce5	68066	99580	2.33	67458	98773	2.32	0	0.04462	203
sat14_6s12.cnf.hgr.random100	reduce6	68066	99580	2.33	66301	97816	2.33	593	0.03740	203
sat14_6s12.cnf.hgr.random100	reduce7	68066	99580	2.33	38729	17681	2.15	0	0.41841	203
sat14_6s12.cnf.hgr.random100	reduce8	68066	99580	2.33	10360	13150	2.10	26253	0.19347	203
sat14_6s12.cnf.hgr.random100	reduce9	68066	99580	2.33	10360	13150	2.10	26253	0.19078	203
sat14_6s12.cnf.hgr.random100	reduce10	68066	99580	2.33	10358	13148	2.10	26254	0.22093	203
sat14_6s12.cnf.hgr.random100	reduce11	68066	99580	2.33	10360	13150	2.10	26253	0.17267	203
sat14_6s12.cnf.hgr.random100	reduce12	68066	99580	2.33	10360	13150	2.10	26253	0.17764	203
sat14_6s12.cnf.hgr.random100	reduce13	68066	99580	2.33	10492	13357	2.10	26189	0.35867	203
sat14_6s12.cnf.hgr.random100	reduce14	68066	99580	2.33	10406	13232	2.10	26231	0.16992	203
sat14_6s12.cnf.hgr.random100	reduce15	68066	99580	2.33	55955	77796	2.29	5380	0.06951	203
sat14_6s12.cnf.hgr.random100	reduce1	68066	99580	2.33	68066	99579	2.33	0	0.01515	1002
sat14_6s12.cnf.hgr.random100	reduce2	68066	99580	2.33	66329	97844	2.33	579	0.01415	1002
sat14_6s12.cnf.hgr.random100	reduce3	68066	99580	2.33	68066	99579	2.33	0	0.02234	1002
sat14_6s12.cnf.hgr.random100	reduce4	68066	99580	2.33	66295	96322	2.32	587	0.02366	1002
sat14_6s12.cnf.hgr.random100	reduce5	68066	99580	2.33	67458	98773	2.32	0	0.04283	1002
sat14_6s12.cnf.hgr.random100	reduce6	68066	99580	2.33	66301	97816	2.33	593	0.04273	1002
sat14_6s12.cnf.hgr.random100	reduce7	68066	99580	2.33	38729	17681	2.15	0	0.41326	1002
sat14_6s12.cnf.hgr.random100	reduce8	68066	99580	2.33	10360	13150	2.10	26253	0.18690	1002
sat14_6s12.cnf.hgr.random100	reduce9	68066	99580	2.33	10360	13150	2.10	26253	0.18608	1002
sat14_6s12.cnf.hgr.random100	reduce10	68066	99580	2.33	10358	13148	2.10	26254	0.21879	1002
sat14_6s12.cnf.hgr.random100	reduce11	68066	99580	2.33	10360	13150	2.10	26253	0.17258	1002
sat14_6s12.cnf.hgr.random100	reduce12	68066	99580	2.33	10360	13150	2.10	26253	0.17496	1002
sat14_6s12.cnf.hgr.random100	reduce13	68066	99580	2.33	10492	13357	2.10	26189	0.35536	1002
sat14_6s12.cnf.hgr.random100	reduce14	68066	99580	2.33	10406	13232	2.10	26231	0.18297	1002
sat14_6s12.cnf.hgr.random100	reduce15	68066	99580	2.33	55955	77796	2.29	5380	0.07016	1002
sat14_6s130-opt.cnf.hgr.random100	reduce1	98654	144361	2.33	98654	144360	2.33	0	0.02204	1
sat14_6s130-opt.cnf.hgr.random100	reduce2	98654	144361	2.33	96418	142023	2.33	755	0.02157	1
sat14_6s130-opt.cnf.hgr.random100	reduce3	98654	144361	2.33	98654	144359	2.33	0	0.03670	1
sat14_6s130-opt.cnf.hgr.random100	reduce4	98654	144361	2.33	96308	140222	2.32	786	0.03640	1
sat14_6s130-opt.cnf.hgr.random100	reduce5	98654	144361	2.33	97878	142882	2.32	0	0.06786	1
sat14_6s130-opt.cnf.hgr.random100	reduce6	98654	144361	2.33	96418	142023	2.33	755	0.06870	1
sat14_6s130-opt.cnf.hgr.random100	reduce7	98654	144361	2.33	49924	10234	2.09	0	0.27942	1
sat14_6s130-opt.cnf.hgr.random100	reduce8	98654	144361	2.33	5623	7075	2.06	42996	0.19438	1
sat14_6s130-opt.cnf.hgr.random100	reduce9	98654	144361	2.33	5623	7075	2.06	42996	0.18640	1
sat14_6s130-opt.cnf.hgr.random100	reduce10	98654	144361	2.33	5623	7075	2.07	42997	0.20287	1
sat14_6s130-opt.cnf.hgr.random100	reduce11	98654	144361	2.33	5623	7076	2.06	42996	0.15551	1
sat14_6s130-opt.cnf.hgr.random100	reduce12	98654	144361	2.33	5623	7075	2.06	42996	0.16921	1
sat14_6s130-opt.cnf.hgr.random100	reduce13	98654	144361	2.33	5606	7062	2.07	43007	0.30409	1
sat14_6s130-opt.cnf.hgr.random100	reduce14	98654	144361	2.33	5715	7242	2.06	42941	0.18798	1
sat14_6s130-opt.cnf.hgr.random100	reduce15	98654	144361	2.33	39269	52759	2.25	27432	0.13069	1
sat14_6s130-opt.cnf.hgr.random100	reduce1	98654	144361	2.33	98654	144360	2.33	0	0.02174	21
sat14_6s130-opt.cnf.hgr.random100	reduce2	98654	144361	2.33	96418	142023	2.33	755	0.02135	21
sat14_6s130-opt.cnf.hgr.random100	reduce3	98654	144361	2.33	98654	144359	2.33	0	0.03493	21
sat14_6s130-opt.cnf.hgr.random100	reduce4	98654	144361	2.33	96308	140222	2.32	786	0.03500	21
sat14_6s130-opt.cnf.hgr.random100	reduce5	98654	144361	2.33	97878	142882	2.32	0	0.06828	21
sat14_6s130-opt.cnf.hgr.random100	reduce6	98654	144361	2.33	96418	142023	2.33	755	0.06827	21
sat14_6s130-opt.cnf.hgr.random100	reduce7	98654	144361	2.33	49924	10234	2.09	0	0.27869	21
sat14_6s130-opt.cnf.hgr.random100	reduce8	98654	144361	2.33	5623	7075	2.06	42996	0.19728	21
sat14_6s130-opt.cnf.hgr.random100	reduce9	98654	144361	2.33	5623	7075	2.06	42996	0.16114	21
sat14_6s130-opt.cnf.hgr.random100	reduce10	98654	144361	2.33	5623	7075	2.07	42997	0.22372	21
sat14_6s130-opt.cnf.hgr.random100	reduce11	98654	144361	2.33	5623	7076	2.06	42996	0.15603	21
sat14_6s130-opt.cnf.hgr.random100	reduce12	98654	144361	2.33	5623	7075	2.06	42996	0.16683	21
sat14_6s130-opt.cnf.hgr.random100	reduce13	98654	144361	2.33	5606	7062	2.07	43007	0.31978	21
sat14_6s130-opt.cnf.hgr.random100	reduce14	98654	144361	2.33	5715	7242	2.06	42941	0.18038	21
sat14_6s130-opt.cnf.hgr.random100	reduce15	98654	144361	2.33	39269	52759	2.25	27432	0.14209	21
sat14_6s130-opt.cnf.hgr.random100	reduce1	98654	144361	2.33	98654	144360	2.33	0	0.02150	203
sat14_6s130-opt.cnf.hgr.random100	reduce2	98654	144361	2.33	96418	142023	2.33	755	0.02289	203
sat14_6s130-opt.cnf.hgr.random100	reduce3	98654	144361	2.33	98654	144359	2.33	0	0.03486	203
sat14_6s130-opt.cnf.hgr.random100	reduce4	98654	144361	2.33	96308	140222	2.32	786	0.03615	203
sat14_6s130-opt.cnf.hgr.random100	reduce5	98654	144361	2.33	97878	142882	2.32	0	0.08038	203
sat14_6s130-opt.cnf.hgr.random100	reduce6	98654	144361	2.33	96418	142023	2.33	755	0.06136	203
sat14_6s130-opt.cnf.hgr.random100	reduce7	98654	144361	2.33	49924	10234	2.09	0	0.28848	203
sat14_6s130-opt.cnf.hgr.random100	reduce8	98654	144361	2.33	5623	7075	2.06	42996	0.18090	203
sat14_6s130-opt.cnf.hgr.random100	reduce9	98654	144361	2.33	5623	7075	2.06	42996	0.18683	203
sat14_6s130-opt.cnf.hgr.random100	reduce10	98654	144361	2.33	5623	7075	2.07	42997	0.18785	203
sat14_6s130-opt.cnf.hgr.random100	reduce11	98654	144361	2.33	5623	7076	2.06	42996	0.15554	203
sat14_6s130-opt.cnf.hgr.random100	reduce12	98654	144361	2.33	5623	7075	2.06	42996	0.18672	203
sat14_6s130-opt.cnf.hgr.random100	reduce13	98654	144361	2.33	5606	7062	2.07	43007	0.32197	203
sat14_6s130-opt.cnf.hgr.random100	reduce14	98654	144361	2.33	5715	7242	2.06	42941	0.17912	203
sat14_6s130-opt.cnf.hgr.random100	reduce15	98654	144361	2.33	39269	52759	2.25	27432	0.13141	203
sat14_6s130-opt.cnf.hgr.random100	reduce1	98654	144361	2.33	98654	144360	2.33	0	0.02173	1002
sat14_6s130-opt.cnf.hgr.random100	reduce2	98654	144361	2.33	96418	142023	2.33	755	0.02165	1002
sat14_6s130-opt.cnf.hgr.random100	reduce3	98654	144361	2.33	98654	144359	2.33	0	0.03586	1002
sat14_6s130-opt.cnf.hgr.random100	reduce4	98654	144361	2.33	96308	140222	2.32	786	0.03661	1002
sat14_6s130-opt.cnf.hgr.random100	reduce5	98654	144361	2.33	97878	142882	2.32	0	0.08186	1002
sat14_6s130-opt.cnf.hgr.random100	reduce6	98654	144361	2.33	96418	142023	2.33	755	0.05801	1002
sat14_6s130-opt.cnf.hgr.random100	reduce7	98654	144361	2.33	49924	10234	2.09	0	0.27891	1002
sat14_6s130-opt.cnf.hgr.random100	reduce8	98654	144361	2.33	5623	7075	2.06	42996	0.17295	1002
sat14_6s130-opt.cnf.hgr.random100	reduce9	98654	144361	2.33	5623	7075	2.06	42996	0.18989	1002
sat14_6s130-opt.cnf.hgr.random100	reduce10	98654	144361	2.33	5623	7075	2.07	42997	0.21357	1002
sat14_6s130-opt.cnf.hgr.random100	reduce11	98654	144361	2.33	5623	7076	2.06	42996	0.18393	1002
sat14_6s130-opt.cnf.hgr.random100	reduce12	98654	144361	2.33	5623	7075	2.06	42996	0.17401	1002
sat14_6s130-opt.cnf.hgr.random100	reduce13	98654	144361	2.33	5606	7062	2.07	43007	0.30190	1002
sat14_6s130-opt.cnf.hgr.random100	reduce14	98654	144361	2.33	5715	7242	2.06	42941	0.17556	1002
sat14_6s130-opt.cnf.hgr.random100	reduce15	98654	144361	2.33	39269	52759	2.25	27432	0.14405	1002
sat14_6s130-opt.cnf.primal.hgr.random100	reduce1	49327	144361	2.33	49327	144360	2.33	0	0.01754	1
sat14_6s130-opt.cnf.primal.hgr.random100	reduce2	49327	144361	2.33	49327	144360	2.33	0	0.01738	1
sat14_6s130-opt.cnf.primal.hgr.random100	reduce3	49327	144361	2.33	49327	48120	3.00	0	0.02220	1
sat14_6s130-opt.cnf.primal.hgr.random100	reduce4	49327	144361	2.33	49285	144097	2.33	18	0.02605	1
sat14_6s130-opt.cnf.primal.hgr.random100	reduce5	49327	144361	2.33	46961	133134	2.30	17	0.04753	1
sat14_6s130-opt.cnf.primal.hgr.random100	reduce6	49327	144361	2.33	49327	144360	2.33	0	0.04010	1
sat14_6s130-opt.cnf.primal.hgr.random100	reduce7	49327	144361	2.33	31088	53874	2.21	0	0.12733	1
sat14_6s130-opt.cnf.primal.hgr.random100	reduce8	49327	144361	2.33	20587	20693	2.53	10008	0.15840	1
sat14_6s130-opt.cnf.primal.hgr.random100	reduce9	49327	144361	2.33	20587	20693	2.53	10008	0.15720	1
sat14_6s130-opt.cnf.primal.hgr.random100	reduce10	49327	144361	2.33	20589	20695	2.53	10007	0.16221	1
sat14_6s130-opt.cnf.primal.hgr.random100	reduce11	49327	144361	2.33	20781	52400	2.21	9936	0.15737	1
sat14_6s130-opt.cnf.primal.hgr.random100	reduce12	49327	144361	2.33	20720	20826	2.53	9959	0.15106	1
sat14_6s130-opt.cnf.primal.hgr.random100	reduce13	49327	144361	2.33	20641	20735	2.53	9993	0.14864	1
sat14_6s130-opt.cnf.primal.hgr.random100	reduce14	49327	144361	2.33	20590	20697	2.53	10007	0.14882	1
sat14_6s130-opt.cnf.primal.hgr.random100	reduce15	49327	144361	2.33	46059	45057	2.82	386	0.06940	1
sat14_6s130-opt.cnf.primal.hgr.random100	reduce1	49327	144361	2.33	49327	144360	2.33	0	0.01825	21
sat14_6s130-opt.cnf.primal.hgr.random100	reduce2	49327	144361	2.33	49327	144360	2.33	0	0.01755	21
sat14_6s130-opt.cnf.primal.hgr.random100	reduce3	49327	144361	2.33	49327	48120	3.00	0	0.02205	21
sat14_6s130-opt.cnf.primal.hgr.random100	reduce4	49327	144361	2.33	49285	144097	2.33	18	0.02714	21
sat14_6s130-opt.cnf.primal.hgr.random100	reduce5	49327	144361	2.33	46961	133134	2.30	17	0.05014	21
sat14_6s130-opt.cnf.primal.hgr.random100	reduce6	49327	144361	2.33	49327	144360	2.33	0	0.03870	21
sat14_6s130-opt.cnf.primal.hgr.random100	reduce7	49327	144361	2.33	31088	53874	2.21	0	0.12790	21
sat14_6s130-opt.cnf.primal.hgr.random100	reduce8	49327	144361	2.33	20587	20693	2.53	10008	0.15702	21
sat14_6s130-opt.cnf.primal.hgr.random100	reduce9	49327	144361	2.33	20587	20693	2.53	10008	0.15523	21
sat14_6s130-opt.cnf.primal.hgr.random100	reduce10	49327	144361	2.33	20589	20695	2.53	10007	0.15886	21
sat14_6s130-opt.cnf.primal.hgr.random100	reduce11	49327	144361	2.33	20781	52400	2.21	9936	0.15859	21
sat14_6s130-opt.cnf.primal.hgr.random100	reduce12	49327	144361	2.33	20720	20826	2.53	9959	0.15398	21
sat14_6s130-opt.cnf.primal.hgr.random100	reduce13	49327	144361	2.33	20641	20735	2.53	9993	0.14721	21
kron_g500-logn16.mtx.hgr.random100.rendered	reduce5	65536	55321	88.80	10767	46097	62.44	10218	964.02942	1
sat14_6s130-opt.cnf.primal.hgr.random100	reduce14	49327	144361	2.33	20590	20697	2.53	10007	0.14769	21
sat14_6s130-opt.cnf.primal.hgr.random100	reduce15	49327	144361	2.33	46059	45057	2.82	386	0.06754	21
sat14_6s130-opt.cnf.primal.hgr.random100	reduce1	49327	144361	2.33	49327	144360	2.33	0	0.01760	203
kron_g500-logn16.mtx.hgr.random100.rendered	reduce5	65536	55321	88.80	10767	46097	62.44	10218	949.38720	21
sat14_6s130-opt.cnf.primal.hgr.random100	reduce2	49327	144361	2.33	49327	144360	2.33	0	0.01679	203
sat14_6s130-opt.cnf.primal.hgr.random100	reduce3	49327	144361	2.33	49327	48120	3.00	0	0.02216	203
sat14_6s130-opt.cnf.primal.hgr.random100	reduce4	49327	144361	2.33	49285	144097	2.33	18	0.02626	203
sat14_6s130-opt.cnf.primal.hgr.random100	reduce5	49327	144361	2.33	46961	133134	2.30	17	0.04587	203
sat14_6s130-opt.cnf.primal.hgr.random100	reduce6	49327	144361	2.33	49327	144360	2.33	0	0.03702	203
sat14_6s130-opt.cnf.primal.hgr.random100	reduce7	49327	144361	2.33	31088	53874	2.21	0	0.12581	203
sat14_6s130-opt.cnf.primal.hgr.random100	reduce8	49327	144361	2.33	20587	20693	2.53	10008	0.15608	203
sat14_6s130-opt.cnf.primal.hgr.random100	reduce9	49327	144361	2.33	20587	20693	2.53	10008	0.15335	203
sat14_6s130-opt.cnf.primal.hgr.random100	reduce10	49327	144361	2.33	20589	20695	2.53	10007	0.15638	203
sat14_6s130-opt.cnf.primal.hgr.random100	reduce11	49327	144361	2.33	20781	52400	2.21	9936	0.15580	203
sat14_6s130-opt.cnf.primal.hgr.random100	reduce12	49327	144361	2.33	20720	20826	2.53	9959	0.15247	203
sat14_6s130-opt.cnf.primal.hgr.random100	reduce13	49327	144361	2.33	20641	20735	2.53	9993	0.14626	203
sat14_6s130-opt.cnf.primal.hgr.random100	reduce14	49327	144361	2.33	20590	20697	2.53	10007	0.14838	203
sat14_6s130-opt.cnf.primal.hgr.random100	reduce15	49327	144361	2.33	46059	45057	2.82	386	0.06691	203
sat14_6s130-opt.cnf.primal.hgr.random100	reduce1	49327	144361	2.33	49327	144360	2.33	0	0.01751	1002
sat14_6s130-opt.cnf.primal.hgr.random100	reduce2	49327	144361	2.33	49327	144360	2.33	0	0.01713	1002
sat14_6s130-opt.cnf.primal.hgr.random100	reduce3	49327	144361	2.33	49327	48120	3.00	0	0.02226	1002
sat14_6s130-opt.cnf.primal.hgr.random100	reduce4	49327	144361	2.33	49285	144097	2.33	18	0.02535	1002
sat14_6s130-opt.cnf.primal.hgr.random100	reduce5	49327	144361	2.33	46961	133134	2.30	17	0.04561	1002
sat14_6s130-opt.cnf.primal.hgr.random100	reduce6	49327	144361	2.33	49327	144360	2.33	0	0.03629	1002
sat14_6s130-opt.cnf.primal.hgr.random100	reduce7	49327	144361	2.33	31088	53874	2.21	0	0.12571	1002
sat14_6s130-opt.cnf.primal.hgr.random100	reduce8	49327	144361	2.33	20587	20693	2.53	10008	0.15554	1002
sat14_6s130-opt.cnf.primal.hgr.random100	reduce9	49327	144361	2.33	20587	20693	2.53	10008	0.15504	1002
kron_g500-logn16.mtx.hgr.random100.rendered	reduce5	65536	55321	88.80	10767	46097	62.44	10218	942.68923	1002
sat14_6s130-opt.cnf.primal.hgr.random100	reduce10	49327	144361	2.33	20589	20695	2.53	10007	0.15567	1002
sat14_6s130-opt.cnf.primal.hgr.random100	reduce11	49327	144361	2.33	20781	52400	2.21	9936	0.15170	1002
sat14_6s130-opt.cnf.primal.hgr.random100	reduce12	49327	144361	2.33	20720	20826	2.53	9959	0.15034	1002
sat14_6s130-opt.cnf.primal.hgr.random100	reduce13	49327	144361	2.33	20641	20735	2.53	9993	0.14615	1002
sat14_6s130-opt.cnf.primal.hgr.random100	reduce14	49327	144361	2.33	20590	20697	2.53	10007	0.14531	1002
sat14_6s130-opt.cnf.primal.hgr.random100	reduce15	49327	144361	2.33	46059	45057	2.82	386	0.06570	1002
sat14_6s133.cnf.primal.hgr.random100	reduce1	48215	140968	2.33	48215	140967	2.33	0	0.01654	1
sat14_6s133.cnf.primal.hgr.random100	reduce2	48215	140968	2.33	48215	140967	2.33	0	0.01646	1
kron_g500-logn16.mtx.hgr.random100.rendered	reduce5	65536	55321	88.80	10767	46097	62.44	10218	968.32864	203
sat14_6s133.cnf.primal.hgr.random100	reduce3	48215	140968	2.33	48215	46989	3.00	0	0.02083	1
sat14_6s133.cnf.primal.hgr.random100	reduce4	48215	140968	2.33	48215	140967	2.33	0	0.02688	1
sat14_6s133.cnf.primal.hgr.random100	reduce5	48215	140968	2.33	45823	131004	2.30	8	0.04201	1
sat14_6s133.cnf.primal.hgr.random100	reduce6	48215	140968	2.33	48215	140967	2.33	0	0.03381	1
sat14_6s133.cnf.primal.hgr.random100	reduce7	48215	140968	2.33	31209	55845	2.20	0	0.13355	1
sat14_6s133.cnf.primal.hgr.random100	reduce8	48215	140968	2.33	21995	22143	2.50	8986	0.15206	1
sat14_6s133.cnf.primal.hgr.random100	reduce9	48215	140968	2.33	21995	22143	2.50	8986	0.14910	1
sat14_6s133.cnf.primal.hgr.random100	reduce10	48215	140968	2.33	21995	22143	2.50	8986	0.15170	1
sat14_6s133.cnf.primal.hgr.random100	reduce11	48215	140968	2.33	22000	54895	2.20	8984	0.15123	1
sat14_6s133.cnf.primal.hgr.random100	reduce12	48215	140968	2.33	21993	22141	2.50	8987	0.14929	1
sat14_6s133.cnf.primal.hgr.random100	reduce13	48215	140968	2.33	22095	22257	2.50	8937	0.15203	1
sat14_6s133.cnf.primal.hgr.random100	reduce14	48215	140968	2.33	21995	22143	2.50	8986	0.14382	1
sat14_6s133.cnf.primal.hgr.random100	reduce15	48215	140968	2.33	45477	44364	2.84	163	0.05995	1
sat14_6s133.cnf.primal.hgr.random100	reduce1	48215	140968	2.33	48215	140967	2.33	0	0.01717	21
sat14_6s133.cnf.primal.hgr.random100	reduce2	48215	140968	2.33	48215	140967	2.33	0	0.01602	21
sat14_6s133.cnf.primal.hgr.random100	reduce3	48215	140968	2.33	48215	46989	3.00	0	0.02082	21
sat14_6s133.cnf.primal.hgr.random100	reduce4	48215	140968	2.33	48215	140967	2.33	0	0.02612	21
sat14_6s133.cnf.primal.hgr.random100	reduce5	48215	140968	2.33	45823	131004	2.30	8	0.04117	21
sat14_6s133.cnf.primal.hgr.random100	reduce6	48215	140968	2.33	48215	140967	2.33	0	0.03367	21
sat14_6s133.cnf.primal.hgr.random100	reduce7	48215	140968	2.33	31209	55845	2.20	0	0.13176	21
sat14_6s133.cnf.primal.hgr.random100	reduce8	48215	140968	2.33	21995	22143	2.50	8986	0.15124	21
sat14_6s133.cnf.primal.hgr.random100	reduce9	48215	140968	2.33	21995	22143	2.50	8986	0.14972	21
sat14_6s133.cnf.primal.hgr.random100	reduce10	48215	140968	2.33	21995	22143	2.50	8986	0.15084	21
sat14_6s133.cnf.primal.hgr.random100	reduce11	48215	140968	2.33	22000	54895	2.20	8984	0.15086	21
sat14_6s133.cnf.primal.hgr.random100	reduce12	48215	140968	2.33	21993	22141	2.50	8987	0.14991	21
sat14_6s133.cnf.primal.hgr.random100	reduce13	48215	140968	2.33	22095	22257	2.50	8937	0.15260	21
sat14_6s133.cnf.primal.hgr.random100	reduce14	48215	140968	2.33	21995	22143	2.50	8986	0.14162	21
sat14_6s133.cnf.primal.hgr.random100	reduce15	48215	140968	2.33	45477	44364	2.84	163	0.05982	21
sat14_6s133.cnf.primal.hgr.random100	reduce1	48215	140968	2.33	48215	140967	2.33	0	0.01690	203
sat14_6s133.cnf.primal.hgr.random100	reduce2	48215	140968	2.33	48215	140967	2.33	0	0.01585	203
sat14_6s133.cnf.primal.hgr.random100	reduce3	48215	140968	2.33	48215	46989	3.00	0	0.02087	203
sat14_6s133.cnf.primal.hgr.random100	reduce4	48215	140968	2.33	48215	140967	2.33	0	0.02676	203
sat14_6s133.cnf.primal.hgr.random100	reduce5	48215	140968	2.33	45823	131004	2.30	8	0.04059	203
sat14_6s133.cnf.primal.hgr.random100	reduce6	48215	140968	2.33	48215	140967	2.33	0	0.03283	203
sat14_6s133.cnf.primal.hgr.random100	reduce7	48215	140968	2.33	31209	55845	2.20	0	0.13353	203
sat14_6s133.cnf.primal.hgr.random100	reduce8	48215	140968	2.33	21995	22143	2.50	8986	0.15099	203
sat14_6s133.cnf.primal.hgr.random100	reduce9	48215	140968	2.33	21995	22143	2.50	8986	0.14837	203
sat14_6s133.cnf.primal.hgr.random100	reduce10	48215	140968	2.33	21995	22143	2.50	8986	0.15208	203
sat14_6s133.cnf.primal.hgr.random100	reduce11	48215	140968	2.33	22000	54895	2.20	8984	0.14955	203
sat14_6s133.cnf.primal.hgr.random100	reduce12	48215	140968	2.33	21993	22141	2.50	8987	0.14781	203
sat14_6s133.cnf.primal.hgr.random100	reduce13	48215	140968	2.33	22095	22257	2.50	8937	0.15036	203
sat14_6s133.cnf.primal.hgr.random100	reduce14	48215	140968	2.33	21995	22143	2.50	8986	0.14177	203
sat14_6s133.cnf.primal.hgr.random100	reduce15	48215	140968	2.33	45477	44364	2.84	163	0.05982	203
sat14_6s133.cnf.primal.hgr.random100	reduce1	48215	140968	2.33	48215	140967	2.33	0	0.01691	1002
sat14_6s133.cnf.primal.hgr.random100	reduce2	48215	140968	2.33	48215	140967	2.33	0	0.01594	1002
sat14_6s133.cnf.primal.hgr.random100	reduce3	48215	140968	2.33	48215	46989	3.00	0	0.02085	1002
sat14_6s133.cnf.primal.hgr.random100	reduce4	48215	140968	2.33	48215	140967	2.33	0	0.02661	1002
sat14_6s133.cnf.primal.hgr.random100	reduce5	48215	140968	2.33	45823	131004	2.30	8	0.04089	1002
sat14_6s133.cnf.primal.hgr.random100	reduce6	48215	140968	2.33	48215	140967	2.33	0	0.03293	1002
sat14_6s133.cnf.primal.hgr.random100	reduce7	48215	140968	2.33	31209	55845	2.20	0	0.13300	1002
sat14_6s133.cnf.primal.hgr.random100	reduce8	48215	140968	2.33	21995	22143	2.50	8986	0.14891	1002
sat14_6s133.cnf.primal.hgr.random100	reduce9	48215	140968	2.33	21995	22143	2.50	8986	0.14759	1002
sat14_6s133.cnf.primal.hgr.random100	reduce10	48215	140968	2.33	21995	22143	2.50	8986	0.14970	1002
sat14_6s133.cnf.primal.hgr.random100	reduce11	48215	140968	2.33	22000	54895	2.20	8984	0.15016	1002
sat14_6s133.cnf.primal.hgr.random100	reduce12	48215	140968	2.33	21993	22141	2.50	8987	0.14789	1002
sat14_6s133.cnf.primal.hgr.random100	reduce13	48215	140968	2.33	22095	22257	2.50	8937	0.14952	1002
sat14_6s133.cnf.primal.hgr.random100	reduce14	48215	140968	2.33	21995	22143	2.50	8986	0.14204	1002
sat14_6s133.cnf.primal.hgr.random100	reduce15	48215	140968	2.33	45477	44364	2.84	163	0.05969	1002
sat14_6s16.cnf.primal.hgr.random100	reduce1	31483	91888	2.33	31483	91887	2.33	0	0.01434	1
sat14_6s16.cnf.primal.hgr.random100	reduce2	31483	91888	2.33	31483	91887	2.33	0	0.00971	1
sat14_6s16.cnf.primal.hgr.random100	reduce3	31483	91888	2.33	31483	30629	3.00	0	0.01236	1
sat14_6s16.cnf.primal.hgr.random100	reduce4	31483	91888	2.33	31483	91887	2.33	0	0.01482	1
sat14_6s16.cnf.primal.hgr.random100	reduce5	31483	91888	2.33	29781	84453	2.30	2	0.02432	1
sat14_6s16.cnf.primal.hgr.random100	reduce6	31483	91888	2.33	31483	91887	2.33	0	0.02004	1
sat14_6s16.cnf.primal.hgr.random100	reduce7	31483	91888	2.33	21424	42581	2.21	0	0.11684	1
sat14_6s16.cnf.primal.hgr.random100	reduce8	31483	91888	2.33	15793	16236	2.52	5092	0.12988	1
sat14_6s16.cnf.primal.hgr.random100	reduce9	31483	91888	2.33	15793	16236	2.52	5092	0.12811	1
sat14_6s16.cnf.primal.hgr.random100	reduce10	31483	91888	2.33	15793	16236	2.52	5092	0.12959	1
sat14_6s16.cnf.primal.hgr.random100	reduce11	31483	91888	2.33	15793	40234	2.21	5092	0.12684	1
sat14_6s16.cnf.primal.hgr.random100	reduce12	31483	91888	2.33	15793	16236	2.52	5092	0.12689	1
sat14_6s16.cnf.primal.hgr.random100	reduce13	31483	91888	2.33	15873	16328	2.52	5050	0.12250	1
sat14_6s16.cnf.primal.hgr.random100	reduce14	31483	91888	2.33	15793	16236	2.52	5092	0.12373	1
sat14_6s16.cnf.primal.hgr.random100	reduce15	31483	91888	2.33	29623	28855	2.83	99	0.03694	1
sat14_6s16.cnf.primal.hgr.random100	reduce1	31483	91888	2.33	31483	91887	2.33	0	0.01102	21
sat14_6s16.cnf.primal.hgr.random100	reduce2	31483	91888	2.33	31483	91887	2.33	0	0.00963	21
sat14_6s16.cnf.primal.hgr.random100	reduce3	31483	91888	2.33	31483	30629	3.00	0	0.01276	21
sat14_6s16.cnf.primal.hgr.random100	reduce4	31483	91888	2.33	31483	91887	2.33	0	0.01596	21
sat14_6s16.cnf.primal.hgr.random100	reduce5	31483	91888	2.33	29781	84453	2.30	2	0.02495	21
sat14_6s16.cnf.primal.hgr.random100	reduce6	31483	91888	2.33	31483	91887	2.33	0	0.02009	21
sat14_6s16.cnf.primal.hgr.random100	reduce7	31483	91888	2.33	21424	42581	2.21	0	0.11603	21
sat14_6s16.cnf.primal.hgr.random100	reduce8	31483	91888	2.33	15793	16236	2.52	5092	0.12927	21
sat14_6s16.cnf.primal.hgr.random100	reduce9	31483	91888	2.33	15793	16236	2.52	5092	0.12756	21
sat14_6s16.cnf.primal.hgr.random100	reduce10	31483	91888	2.33	15793	16236	2.52	5092	0.13028	21
sat14_6s16.cnf.primal.hgr.random100	reduce11	31483	91888	2.33	15793	40234	2.21	5092	0.12647	21
sat14_6s16.cnf.primal.hgr.random100	reduce12	31483	91888	2.33	15793	16236	2.52	5092	0.12721	21
sat14_6s16.cnf.primal.hgr.random100	reduce13	31483	91888	2.33	15873	16328	2.52	5050	0.12242	21
sat14_6s16.cnf.primal.hgr.random100	reduce14	31483	91888	2.33	15793	16236	2.52	5092	0.12338	21
sat14_6s16.cnf.primal.hgr.random100	reduce15	31483	91888	2.33	29623	28855	2.83	99	0.03613	21
sat14_6s16.cnf.primal.hgr.random100	reduce1	31483	91888	2.33	31483	91887	2.33	0	0.01029	203
sat14_6s16.cnf.primal.hgr.random100	reduce2	31483	91888	2.33	31483	91887	2.33	0	0.01016	203
mult_dcop_01.mtx.hgr.random100.rendered	reduce7	25187	25187	7.67	18821	18445	6.79	0	764.92372	1
sat14_6s16.cnf.primal.hgr.random100	reduce3	31483	91888	2.33	31483	30629	3.00	0	0.01273	203
sat14_6s16.cnf.primal.hgr.random100	reduce4	31483	91888	2.33	31483	91887	2.33	0	0.01458	203
sat14_6s16.cnf.primal.hgr.random100	reduce5	31483	91888	2.33	29781	84453	2.30	2	0.02453	203
sat14_6s16.cnf.primal.hgr.random100	reduce6	31483	91888	2.33	31483	91887	2.33	0	0.02019	203
sat14_6s16.cnf.primal.hgr.random100	reduce7	31483	91888	2.33	21424	42581	2.21	0	0.11638	203
sat14_6s16.cnf.primal.hgr.random100	reduce8	31483	91888	2.33	15793	16236	2.52	5092	0.12857	203
sat14_6s16.cnf.primal.hgr.random100	reduce9	31483	91888	2.33	15793	16236	2.52	5092	0.12787	203
sat14_6s16.cnf.primal.hgr.random100	reduce10	31483	91888	2.33	15793	16236	2.52	5092	0.12987	203
sat14_6s16.cnf.primal.hgr.random100	reduce11	31483	91888	2.33	15793	40234	2.21	5092	0.12664	203
mult_dcop_01.mtx.hgr.random100.rendered	reduce7	25187	25187	7.67	18821	18445	6.79	0	758.75130	21
sat14_6s16.cnf.primal.hgr.random100	reduce12	31483	91888	2.33	15793	16236	2.52	5092	0.12736	203
sat14_6s16.cnf.primal.hgr.random100	reduce13	31483	91888	2.33	15873	16328	2.52	5050	0.12251	203
sat14_6s16.cnf.primal.hgr.random100	reduce14	31483	91888	2.33	15793	16236	2.52	5092	0.12438	203
sat14_6s16.cnf.primal.hgr.random100	reduce15	31483	91888	2.33	29623	28855	2.83	99	0.03635	203
sat14_6s16.cnf.primal.hgr.random100	reduce1	31483	91888	2.33	31483	91887	2.33	0	0.01103	1002
sat14_6s16.cnf.primal.hgr.random100	reduce2	31483	91888	2.33	31483	91887	2.33	0	0.01024	1002
sat14_6s16.cnf.primal.hgr.random100	reduce3	31483	91888	2.33	31483	30629	3.00	0	0.01254	1002
sat14_6s16.cnf.primal.hgr.random100	reduce4	31483	91888	2.33	31483	91887	2.33	0	0.01476	1002
sat14_6s16.cnf.primal.hgr.random100	reduce5	31483	91888	2.33	29781	84453	2.30	2	0.02437	1002
sat14_6s16.cnf.primal.hgr.random100	reduce6	31483	91888	2.33	31483	91887	2.33	0	0.02029	1002
sat14_6s16.cnf.primal.hgr.random100	reduce7	31483	91888	2.33	21424	42581	2.21	0	0.11723	1002
sat14_6s16.cnf.primal.hgr.random100	reduce8	31483	91888	2.33	15793	16236	2.52	5092	0.12969	1002
sat14_6s16.cnf.primal.hgr.random100	reduce9	31483	91888	2.33	15793	16236	2.52	5092	0.12788	1002
sat14_6s16.cnf.primal.hgr.random100	reduce10	31483	91888	2.33	15793	16236	2.52	5092	0.12887	1002
sat14_6s16.cnf.primal.hgr.random100	reduce11	31483	91888	2.33	15793	40234	2.21	5092	0.12654	1002
sat14_6s16.cnf.primal.hgr.random100	reduce12	31483	91888	2.33	15793	16236	2.52	5092	0.12760	1002
sat14_6s16.cnf.primal.hgr.random100	reduce13	31483	91888	2.33	15873	16328	2.52	5050	0.12263	1002
sat14_6s16.cnf.primal.hgr.random100	reduce14	31483	91888	2.33	15793	16236	2.52	5092	0.12351	1002
sat14_6s16.cnf.primal.hgr.random100	reduce15	31483	91888	2.33	29623	28855	2.83	99	0.03677	1002
sat14_6s184.cnf.hgr.random100	reduce1	66730	97516	2.33	66730	97515	2.33	0	0.01356	1
sat14_6s184.cnf.hgr.random100	reduce2	66730	97516	2.33	64969	95752	2.33	587	0.01400	1
sat14_6s184.cnf.hgr.random100	reduce3	66730	97516	2.33	66730	97515	2.33	0	0.02144	1
sat14_6s184.cnf.hgr.random100	reduce4	66730	97516	2.33	64942	94178	2.32	593	0.02123	1
sat14_6s184.cnf.hgr.random100	reduce5	66730	97516	2.33	66117	96557	2.32	0	0.03890	1
sat14_6s184.cnf.hgr.random100	reduce6	66730	97516	2.33	64957	95740	2.33	593	0.03396	1
sat14_6s184.cnf.hgr.random100	reduce7	66730	97516	2.33	38537	18596	2.17	0	0.29266	1
sat14_6s184.cnf.hgr.random100	reduce8	66730	97516	2.33	10980	13984	2.14	25420	0.13637	1
sat14_6s184.cnf.hgr.random100	reduce9	66730	97516	2.33	10980	13984	2.14	25420	0.13391	1
sat14_6s184.cnf.hgr.random100	reduce10	66730	97516	2.33	10996	13998	2.14	25414	0.19189	1
sat14_6s184.cnf.hgr.random100	reduce11	66730	97516	2.33	10980	13984	2.14	25420	0.12887	1
mult_dcop_01.mtx.hgr.random100.rendered	reduce7	25187	25187	7.67	18821	18445	6.79	0	776.07134	203
sat14_6s184.cnf.hgr.random100	reduce12	66730	97516	2.33	10980	13984	2.14	25420	0.13346	1
sat14_6s184.cnf.hgr.random100	reduce13	66730	97516	2.33	11066	14070	2.14	25377	0.26927	1
sat14_6s184.cnf.hgr.random100	reduce14	66730	97516	2.33	11060	14126	2.14	25372	0.12714	1
sat14_6s184.cnf.hgr.random100	reduce15	66730	97516	2.33	47820	64943	2.28	8532	0.06678	1
sat14_6s184.cnf.hgr.random100	reduce1	66730	97516	2.33	66730	97515	2.33	0	0.01302	21
sat14_6s184.cnf.hgr.random100	reduce2	66730	97516	2.33	64969	95752	2.33	587	0.01295	21
sat14_6s184.cnf.hgr.random100	reduce3	66730	97516	2.33	66730	97515	2.33	0	0.02128	21
sat14_6s184.cnf.hgr.random100	reduce4	66730	97516	2.33	64942	94178	2.32	593	0.02060	21
sat14_6s184.cnf.hgr.random100	reduce5	66730	97516	2.33	66117	96557	2.32	0	0.03935	21
sat14_6s184.cnf.hgr.random100	reduce6	66730	97516	2.33	64957	95740	2.33	593	0.03393	21
sat14_6s184.cnf.hgr.random100	reduce7	66730	97516	2.33	38537	18596	2.17	0	0.29539	21
sat14_6s184.cnf.hgr.random100	reduce8	66730	97516	2.33	10980	13984	2.14	25420	0.13695	21
sat14_6s184.cnf.hgr.random100	reduce9	66730	97516	2.33	10980	13984	2.14	25420	0.13446	21
sat14_6s184.cnf.hgr.random100	reduce10	66730	97516	2.33	10996	13998	2.14	25414	0.19139	21
sat14_6s184.cnf.hgr.random100	reduce11	66730	97516	2.33	10980	13984	2.14	25420	0.12896	21
sat14_6s184.cnf.hgr.random100	reduce12	66730	97516	2.33	10980	13984	2.14	25420	0.13182	21
mult_dcop_01.mtx.hgr.random100.rendered	reduce7	25187	25187	7.67	18821	18445	6.79	0	775.10801	1002
sat14_6s184.cnf.hgr.random100	reduce13	66730	97516	2.33	11066	14070	2.14	25377	0.26698	21
sat14_6s184.cnf.hgr.random100	reduce14	66730	97516	2.33	11060	14126	2.14	25372	0.12843	21
sat14_6s184.cnf.hgr.random100	reduce15	66730	97516	2.33	47820	64943	2.28	8532	0.06668	21
sat14_6s184.cnf.hgr.random100	reduce1	66730	97516	2.33	66730	97515	2.33	0	0.01368	203
sat14_6s184.cnf.hgr.random100	reduce2	66730	97516	2.33	64969	95752	2.33	587	0.01316	203
sat14_6s184.cnf.hgr.random100	reduce3	66730	97516	2.33	66730	97515	2.33	0	0.02126	203
sat14_6s184.cnf.hgr.random100	reduce4	66730	97516	2.33	64942	94178	2.32	593	0.02104	203
sat14_6s184.cnf.hgr.random100	reduce5	66730	97516	2.33	66117	96557	2.32	0	0.03939	203
sat14_6s184.cnf.hgr.random100	reduce6	66730	97516	2.33	64957	95740	2.33	593	0.03388	203
sat14_6s184.cnf.hgr.random100	reduce7	66730	97516	2.33	38537	18596	2.17	0	0.29232	203
sat14_6s184.cnf.hgr.random100	reduce8	66730	97516	2.33	10980	13984	2.14	25420	0.13691	203
sat14_6s184.cnf.hgr.random100	reduce9	66730	97516	2.33	10980	13984	2.14	25420	0.13519	203
sat14_6s184.cnf.hgr.random100	reduce10	66730	97516	2.33	10996	13998	2.14	25414	0.19329	203
sat14_6s184.cnf.hgr.random100	reduce11	66730	97516	2.33	10980	13984	2.14	25420	0.13048	203
sat14_6s184.cnf.hgr.random100	reduce12	66730	97516	2.33	10980	13984	2.14	25420	0.13103	203
sat14_6s184.cnf.hgr.random100	reduce13	66730	97516	2.33	11066	14070	2.14	25377	0.26993	203
sat14_6s184.cnf.hgr.random100	reduce14	66730	97516	2.33	11060	14126	2.14	25372	0.12844	203
sat14_6s184.cnf.hgr.random100	reduce15	66730	97516	2.33	47820	64943	2.28	8532	0.06640	203
sat14_6s184.cnf.hgr.random100	reduce1	66730	97516	2.33	66730	97515	2.33	0	0.01331	1002
sat14_6s184.cnf.hgr.random100	reduce2	66730	97516	2.33	64969	95752	2.33	587	0.01292	1002
sat14_6s184.cnf.hgr.random100	reduce3	66730	97516	2.33	66730	97515	2.33	0	0.02182	1002
sat14_6s184.cnf.hgr.random100	reduce4	66730	97516	2.33	64942	94178	2.32	593	0.02140	1002
sat14_6s184.cnf.hgr.random100	reduce5	66730	97516	2.33	66117	96557	2.32	0	0.03913	1002
sat14_6s184.cnf.hgr.random100	reduce6	66730	97516	2.33	64957	95740	2.33	593	0.03483	1002
sat14_6s184.cnf.hgr.random100	reduce7	66730	97516	2.33	38537	18596	2.17	0	0.29517	1002
sat14_6s184.cnf.hgr.random100	reduce8	66730	97516	2.33	10980	13984	2.14	25420	0.13724	1002
sat14_6s184.cnf.hgr.random100	reduce9	66730	97516	2.33	10980	13984	2.14	25420	0.13465	1002
sat14_6s184.cnf.hgr.random100	reduce10	66730	97516	2.33	10996	13998	2.14	25414	0.19306	1002
sat14_6s184.cnf.hgr.random100	reduce11	66730	97516	2.33	10980	13984	2.14	25420	0.12850	1002
sat14_6s184.cnf.hgr.random100	reduce12	66730	97516	2.33	10980	13984	2.14	25420	0.13174	1002
sat14_6s184.cnf.hgr.random100	reduce13	66730	97516	2.33	11066	14070	2.14	25377	0.26911	1002
sat14_6s184.cnf.hgr.random100	reduce14	66730	97516	2.33	11060	14126	2.14	25372	0.12812	1002
sat14_6s184.cnf.hgr.random100	reduce15	66730	97516	2.33	47820	64943	2.28	8532	0.06624	1002
sat14_ACG-20-10p1.cnf.dual.hgr.random100	reduce1	1632906	381708	10.06	1632906	381708	10.06	0	0.20687	1
sat14_ACG-20-10p1.cnf.dual.hgr.random100	reduce2	1632906	381708	10.06	1442767	368559	9.36	13149	0.25602	1
sat14_ACG-20-10p1.cnf.dual.hgr.random100	reduce3	1632906	381708	10.06	1632906	381708	10.06	0	0.24394	1
sat14_ACG-20-10p1.cnf.dual.hgr.random100	reduce4	1632906	381708	10.06	1037498	368559	5.63	13149	0.87363	1
sat14_ACG-20-10p1.cnf.dual.hgr.random100	reduce6	1632906	381708	10.06	1442767	368559	9.36	13149	3.32684	1
sat14_ACG-20-10p1.cnf.dual.hgr.random100	reduce5	1632906	381708	10.06	1063796	381708	5.54	0	4.64744	1
sat14_ACG-20-10p1.cnf.dual.hgr.random100	reduce8	1632906	381708	10.06	1037403	368559	5.63	13149	4.55057	1
sat14_ACG-20-10p1.cnf.dual.hgr.random100	reduce7	1632906	381708	10.06	1050552	368559	5.63	0	5.87820	1
sat14_ACG-20-10p1.cnf.dual.hgr.random100	reduce9	1632906	381708	10.06	1037403	368559	5.63	13149	4.50935	1
sat14_ACG-20-10p1.cnf.dual.hgr.random100	reduce10	1632906	381708	10.06	1037403	368559	5.63	13149	4.69927	1
sat14_ACG-20-10p1.cnf.dual.hgr.random100	reduce11	1632906	381708	10.06	1037403	368559	5.63	13149	4.39483	1
sat14_ACG-20-10p1.cnf.dual.hgr.random100	reduce1	1632906	381708	10.06	1632906	381708	10.06	0	0.19995	21
sat14_ACG-20-10p1.cnf.dual.hgr.random100	reduce13	1632906	381708	10.06	1037403	368559	5.63	13149	3.50547	1
sat14_ACG-20-10p1.cnf.dual.hgr.random100	reduce2	1632906	381708	10.06	1442767	368559	9.36	13149	0.25076	21
sat14_ACG-20-10p1.cnf.dual.hgr.random100	reduce15	1632906	381708	10.06	1037498	368559	5.63	13149	2.62621	1
sat14_ACG-20-10p1.cnf.dual.hgr.random100	reduce14	1632906	381708	10.06	1037403	368559	5.63	13149	3.96719	1
sat14_ACG-20-10p1.cnf.dual.hgr.random100	reduce3	1632906	381708	10.06	1632906	381708	10.06	0	0.24456	21
sat14_ACG-20-10p1.cnf.dual.hgr.random100	reduce12	1632906	381708	10.06	1037403	368559	5.63	13149	6.28377	1
sat14_ACG-20-10p1.cnf.dual.hgr.random100	reduce4	1632906	381708	10.06	1037498	368559	5.63	13149	0.87313	21
sat14_ACG-20-10p1.cnf.dual.hgr.random100	reduce5	1632906	381708	10.06	1063796	381708	5.54	0	4.63877	21
sat14_ACG-20-10p1.cnf.dual.hgr.random100	reduce6	1632906	381708	10.06	1442767	368559	9.36	13149	3.26297	21
sat14_ACG-20-10p1.cnf.dual.hgr.random100	reduce8	1632906	381708	10.06	1037403	368559	5.63	13149	4.53598	21
sat14_ACG-20-10p1.cnf.dual.hgr.random100	reduce7	1632906	381708	10.06	1050552	368559	5.63	0	5.85660	21
sat14_ACG-20-10p1.cnf.dual.hgr.random100	reduce9	1632906	381708	10.06	1037403	368559	5.63	13149	4.50478	21
sat14_ACG-20-10p1.cnf.dual.hgr.random100	reduce10	1632906	381708	10.06	1037403	368559	5.63	13149	4.73566	21
sat14_ACG-20-10p1.cnf.dual.hgr.random100	reduce11	1632906	381708	10.06	1037403	368559	5.63	13149	4.42038	21
sat14_ACG-20-10p1.cnf.dual.hgr.random100	reduce13	1632906	381708	10.06	1037403	368559	5.63	13149	3.49113	21
sat14_ACG-20-10p1.cnf.dual.hgr.random100	reduce1	1632906	381708	10.06	1632906	381708	10.06	0	0.20027	203
sat14_ACG-20-10p1.cnf.dual.hgr.random100	reduce15	1632906	381708	10.06	1037498	368559	5.63	13149	2.63703	21
sat14_ACG-20-10p1.cnf.dual.hgr.random100	reduce14	1632906	381708	10.06	1037403	368559	5.63	13149	3.98016	21
sat14_ACG-20-10p1.cnf.dual.hgr.random100	reduce2	1632906	381708	10.06	1442767	368559	9.36	13149	0.25697	203
sat14_ACG-20-10p1.cnf.dual.hgr.random100	reduce12	1632906	381708	10.06	1037403	368559	5.63	13149	6.31395	21
sat14_ACG-20-10p1.cnf.dual.hgr.random100	reduce3	1632906	381708	10.06	1632906	381708	10.06	0	0.24283	203
sat14_ACG-20-10p1.cnf.dual.hgr.random100	reduce4	1632906	381708	10.06	1037498	368559	5.63	13149	0.87291	203
sat14_ACG-20-10p1.cnf.dual.hgr.random100	reduce6	1632906	381708	10.06	1442767	368559	9.36	13149	3.31957	203
sat14_ACG-20-10p1.cnf.dual.hgr.random100	reduce5	1632906	381708	10.06	1063796	381708	5.54	0	4.63116	203
sat14_ACG-20-10p1.cnf.dual.hgr.random100	reduce8	1632906	381708	10.06	1037403	368559	5.63	13149	4.54022	203
sat14_ACG-20-10p1.cnf.dual.hgr.random100	reduce7	1632906	381708	10.06	1050552	368559	5.63	0	5.86695	203
sat14_ACG-20-10p1.cnf.dual.hgr.random100	reduce9	1632906	381708	10.06	1037403	368559	5.63	13149	4.50850	203
sat14_ACG-20-10p1.cnf.dual.hgr.random100	reduce10	1632906	381708	10.06	1037403	368559	5.63	13149	4.73866	203
sat14_ACG-20-10p1.cnf.dual.hgr.random100	reduce11	1632906	381708	10.06	1037403	368559	5.63	13149	4.42910	203
sat14_ACG-20-10p1.cnf.dual.hgr.random100	reduce1	1632906	381708	10.06	1632906	381708	10.06	0	0.20516	1002
sat14_ACG-20-10p1.cnf.dual.hgr.random100	reduce13	1632906	381708	10.06	1037403	368559	5.63	13149	3.53994	203
sat14_ACG-20-10p1.cnf.dual.hgr.random100	reduce2	1632906	381708	10.06	1442767	368559	9.36	13149	0.24952	1002
sat14_ACG-20-10p1.cnf.dual.hgr.random100	reduce15	1632906	381708	10.06	1037498	368559	5.63	13149	2.66457	203
sat14_ACG-20-10p1.cnf.dual.hgr.random100	reduce14	1632906	381708	10.06	1037403	368559	5.63	13149	4.00997	203
sat14_ACG-20-10p1.cnf.dual.hgr.random100	reduce3	1632906	381708	10.06	1632906	381708	10.06	0	0.24402	1002
sat14_ACG-20-10p1.cnf.dual.hgr.random100	reduce12	1632906	381708	10.06	1037403	368559	5.63	13149	6.35696	203
sat14_ACG-20-10p1.cnf.dual.hgr.random100	reduce4	1632906	381708	10.06	1037498	368559	5.63	13149	0.87856	1002
sat14_ACG-20-10p1.cnf.dual.hgr.random100	reduce5	1632906	381708	10.06	1063796	381708	5.54	0	4.60436	1002
sat14_ACG-20-10p1.cnf.dual.hgr.random100	reduce6	1632906	381708	10.06	1442767	368559	9.36	13149	3.27774	1002
sat14_ACG-20-10p1.cnf.dual.hgr.random100	reduce8	1632906	381708	10.06	1037403	368559	5.63	13149	4.56933	1002
sat14_ACG-20-10p1.cnf.dual.hgr.random100	reduce7	1632906	381708	10.06	1050552	368559	5.63	0	5.82734	1002
sat14_ACG-20-10p1.cnf.dual.hgr.random100	reduce9	1632906	381708	10.06	1037403	368559	5.63	13149	4.49789	1002
sat14_ACG-20-10p1.cnf.dual.hgr.random100	reduce10	1632906	381708	10.06	1037403	368559	5.63	13149	4.74900	1002
sat14_ACG-20-10p1.cnf.dual.hgr.random100	reduce11	1632906	381708	10.06	1037403	368559	5.63	13149	4.42952	1002
sat14_ACG-20-10p1.cnf.dual.hgr.random100	reduce13	1632906	381708	10.06	1037403	368559	5.63	13149	3.52046	1002
sat14_AProVE07-27.cnf.dual.hgr.random100	reduce1	29194	7729	9.98	29194	7729	9.98	0	0.00686	1
sat14_AProVE07-27.cnf.dual.hgr.random100	reduce2	29194	7729	9.98	28992	7728	9.90	1	0.00698	1
sat14_ACG-20-10p1.cnf.dual.hgr.random100	reduce14	1632906	381708	10.06	1037403	368559	5.63	13149	3.96675	1002
sat14_ACG-20-10p1.cnf.dual.hgr.random100	reduce12	1632906	381708	10.06	1037403	368559	5.63	13149	6.29557	1002
sat14_AProVE07-27.cnf.dual.hgr.random100	reduce3	29194	7729	9.98	29194	7729	9.98	0	0.00760	1
sat14_ACG-20-10p1.cnf.dual.hgr.random100	reduce15	1632906	381708	10.06	1037498	368559	5.63	13149	2.63747	1002
sat14_AProVE07-27.cnf.dual.hgr.random100	reduce4	29194	7729	9.98	16509	7690	4.60	18	0.02992	1
sat14_AProVE07-27.cnf.dual.hgr.random100	reduce6	29194	7729	9.98	29194	7729	9.98	0	0.45246	1
sat14_AProVE07-27.cnf.dual.hgr.random100	reduce5	29194	7729	9.98	16542	7705	4.60	0	1.92707	1
sat14_AProVE07-27.cnf.dual.hgr.random100	reduce8	29194	7729	9.98	4497	3843	2.41	1305	2.76415	1
sat14_AProVE07-27.cnf.dual.hgr.random100	reduce9	29194	7729	9.98	4497	3843	2.41	1305	2.74799	1
sat14_AProVE07-27.cnf.dual.hgr.random100	reduce10	29194	7729	9.98	4479	3825	2.41	1314	3.01572	1
sat14_AProVE07-27.cnf.dual.hgr.random100	reduce11	29194	7729	9.98	4497	3843	2.41	1305	2.75686	1
sat14_AProVE07-27.cnf.dual.hgr.random100	reduce15	29194	7729	9.98	16501	7686	4.60	18	0.19917	1
sat14_AProVE07-27.cnf.dual.hgr.random100	reduce13	29194	7729	9.98	4497	3843	2.41	1305	2.76276	1
sat14_AProVE07-27.cnf.dual.hgr.random100	reduce1	29194	7729	9.98	29194	7729	9.98	0	0.00616	21
sat14_AProVE07-27.cnf.dual.hgr.random100	reduce14	29194	7729	9.98	4497	3843	2.41	1305	2.75860	1
sat14_AProVE07-27.cnf.dual.hgr.random100	reduce12	29194	7729	9.98	4497	3843	2.41	1305	4.79997	1
sat14_AProVE07-27.cnf.dual.hgr.random100	reduce2	29194	7729	9.98	28992	7728	9.90	1	0.00675	21
sat14_AProVE07-27.cnf.dual.hgr.random100	reduce3	29194	7729	9.98	29194	7729	9.98	0	0.01431	21
sat14_AProVE07-27.cnf.dual.hgr.random100	reduce7	29194	7729	9.98	5390	2884	2.56	0	12.27349	1
sat14_AProVE07-27.cnf.dual.hgr.random100	reduce4	29194	7729	9.98	16509	7690	4.60	18	0.03642	21
sat14_AProVE07-27.cnf.dual.hgr.random100	reduce6	29194	7729	9.98	29194	7729	9.98	0	0.44620	21
sat14_AProVE07-27.cnf.dual.hgr.random100	reduce5	29194	7729	9.98	16542	7705	4.60	0	1.98876	21
sat14_AProVE07-27.cnf.dual.hgr.random100	reduce8	29194	7729	9.98	4497	3843	2.41	1305	2.75673	21
sat14_AProVE07-27.cnf.dual.hgr.random100	reduce9	29194	7729	9.98	4497	3843	2.41	1305	2.74172	21
sat14_AProVE07-27.cnf.dual.hgr.random100	reduce10	29194	7729	9.98	4479	3825	2.41	1314	2.93996	21
sat14_AProVE07-27.cnf.dual.hgr.random100	reduce11	29194	7729	9.98	4497	3843	2.41	1305	2.76169	21
sat14_AProVE07-27.cnf.dual.hgr.random100	reduce13	29194	7729	9.98	4497	3843	2.41	1305	2.71179	21
sat14_AProVE07-27.cnf.dual.hgr.random100	reduce15	29194	7729	9.98	16501	7686	4.60	18	0.20164	21
sat14_AProVE07-27.cnf.dual.hgr.random100	reduce12	29194	7729	9.98	4497	3843	2.41	1305	4.49602	21
sat14_AProVE07-27.cnf.dual.hgr.random100	reduce14	29194	7729	9.98	4497	3843	2.41	1305	2.75656	21
sat14_AProVE07-27.cnf.dual.hgr.random100	reduce1	29194	7729	9.98	29194	7729	9.98	0	0.00647	203
sat14_AProVE07-27.cnf.dual.hgr.random100	reduce2	29194	7729	9.98	28992	7728	9.90	1	0.00710	203
sat14_AProVE07-27.cnf.dual.hgr.random100	reduce3	29194	7729	9.98	29194	7729	9.98	0	0.01208	203
sat14_AProVE07-27.cnf.dual.hgr.random100	reduce7	29194	7729	9.98	5390	2884	2.56	0	12.31715	21
sat14_AProVE07-27.cnf.dual.hgr.random100	reduce4	29194	7729	9.98	16509	7690	4.60	18	0.02995	203
sat14_AProVE07-27.cnf.dual.hgr.random100	reduce6	29194	7729	9.98	29194	7729	9.98	0	0.45040	203
sat14_AProVE07-27.cnf.dual.hgr.random100	reduce5	29194	7729	9.98	16542	7705	4.60	0	2.07329	203
sat14_AProVE07-27.cnf.dual.hgr.random100	reduce8	29194	7729	9.98	4497	3843	2.41	1305	2.96191	203
sat14_AProVE07-27.cnf.dual.hgr.random100	reduce9	29194	7729	9.98	4497	3843	2.41	1305	2.74142	203
sat14_AProVE07-27.cnf.dual.hgr.random100	reduce10	29194	7729	9.98	4479	3825	2.41	1314	2.73754	203
sat14_AProVE07-27.cnf.dual.hgr.random100	reduce11	29194	7729	9.98	4497	3843	2.41	1305	2.74865	203
sat14_AProVE07-27.cnf.dual.hgr.random100	reduce15	29194	7729	9.98	16501	7686	4.60	18	0.19627	203
sat14_AProVE07-27.cnf.dual.hgr.random100	reduce13	29194	7729	9.98	4497	3843	2.41	1305	2.75338	203
sat14_AProVE07-27.cnf.dual.hgr.random100	reduce1	29194	7729	9.98	29194	7729	9.98	0	0.00620	1002
sat14_AProVE07-27.cnf.dual.hgr.random100	reduce12	29194	7729	9.98	4497	3843	2.41	1305	4.54614	203
sat14_AProVE07-27.cnf.dual.hgr.random100	reduce14	29194	7729	9.98	4497	3843	2.41	1305	2.72785	203
sat14_AProVE07-27.cnf.dual.hgr.random100	reduce2	29194	7729	9.98	28992	7728	9.90	1	0.00672	1002
sat14_AProVE07-27.cnf.dual.hgr.random100	reduce3	29194	7729	9.98	29194	7729	9.98	0	0.01441	1002
sat14_AProVE07-27.cnf.dual.hgr.random100	reduce7	29194	7729	9.98	5390	2884	2.56	0	12.36276	203
sat14_AProVE07-27.cnf.dual.hgr.random100	reduce4	29194	7729	9.98	16509	7690	4.60	18	0.03702	1002
sat14_AProVE07-27.cnf.dual.hgr.random100	reduce6	29194	7729	9.98	29194	7729	9.98	0	0.46152	1002
sat14_AProVE07-27.cnf.dual.hgr.random100	reduce5	29194	7729	9.98	16542	7705	4.60	0	2.17565	1002
sat14_AProVE07-27.cnf.dual.hgr.random100	reduce8	29194	7729	9.98	4497	3843	2.41	1305	2.76892	1002
sat14_AProVE07-27.cnf.dual.hgr.random100	reduce9	29194	7729	9.98	4497	3843	2.41	1305	2.74342	1002
sat14_AProVE07-27.cnf.dual.hgr.random100	reduce10	29194	7729	9.98	4479	3825	2.41	1314	3.03297	1002
sat14_AProVE07-27.cnf.dual.hgr.random100	reduce11	29194	7729	9.98	4497	3843	2.41	1305	2.75342	1002
sat14_AProVE07-27.cnf.dual.hgr.random100	reduce13	29194	7729	9.98	4497	3843	2.41	1305	2.71846	1002
sat14_AProVE07-27.cnf.dual.hgr.random100	reduce15	29194	7729	9.98	16501	7686	4.60	18	0.19340	1002
sat14_AProVE07-27.cnf.dual.hgr.random100	reduce12	29194	7729	9.98	4497	3843	2.41	1305	4.65774	1002
sat14_AProVE07-27.cnf.dual.hgr.random100	reduce14	29194	7729	9.98	4497	3843	2.41	1305	2.80646	1002
sat14_atco_enc1_opt2_05_4.cnf.dual.hgr.random100	reduce1	386163	14636	112.93	386163	14618	113.06	0	0.05577	1
sat14_atco_enc1_opt2_05_4.cnf.dual.hgr.random100	reduce2	386163	14636	112.93	385886	14482	114.05	99	0.05717	1
sat14_atco_enc1_opt2_05_4.cnf.dual.hgr.random100	reduce3	386163	14636	112.93	386163	14599	113.21	0	0.05868	1
sat14_AProVE07-27.cnf.dual.hgr.random100	reduce7	29194	7729	9.98	5390	2884	2.56	0	12.33956	1002
sat14_atco_enc1_opt2_05_4.cnf.dual.hgr.random100	reduce4	386163	14636	112.93	304674	13351	91.50	663	2.43975	1
sat14_atco_enc1_opt2_05_4.cnf.dual.hgr.random100	reduce1	386163	14636	112.93	386163	14618	113.06	0	0.05317	21
sat14_atco_enc1_opt2_05_4.cnf.dual.hgr.random100	reduce2	386163	14636	112.93	385886	14482	114.05	99	0.05750	21
sat14_atco_enc1_opt2_05_4.cnf.dual.hgr.random100	reduce3	386163	14636	112.93	386163	14599	113.21	0	0.05676	21
sat14_atco_enc1_opt2_05_4.cnf.dual.hgr.random100	reduce4	386163	14636	112.93	304674	13351	91.50	663	2.43320	21
sat14_atco_enc1_opt2_05_4.cnf.dual.hgr.random100	reduce5	386163	14636	112.93	379948	14271	114.40	2	19.38771	1
sat14_atco_enc1_opt2_05_4.cnf.dual.hgr.random100	reduce6	386163	14636	112.93	385934	14498	113.93	83	24.56247	1
sat14_atco_enc1_opt2_05_4.cnf.dual.hgr.random100	reduce15	386163	14636	112.93	303592	13351	91.33	664	16.12097	1
sat14_atco_enc1_opt2_05_4.cnf.dual.hgr.random100	reduce5	386163	14636	112.93	379948	14271	114.40	2	19.60098	21
sat14_atco_enc1_opt2_05_4.cnf.dual.hgr.random100	reduce6	386163	14636	112.93	385934	14498	113.93	83	23.85297	21
sat14_atco_enc1_opt2_05_4.cnf.dual.hgr.random100	reduce8	386163	14636	112.93	126654	10519	42.66	1958	69.12941	1
sat14_atco_enc1_opt2_05_4.cnf.dual.hgr.random100	reduce9	386163	14636	112.93	126654	10519	42.66	1958	68.57112	1
sat14_atco_enc1_opt2_05_4.cnf.dual.hgr.random100	reduce10	386163	14636	112.93	126654	10519	42.66	1958	67.74021	1
sat14_atco_enc1_opt2_05_4.cnf.dual.hgr.random100	reduce1	386163	14636	112.93	386163	14618	113.06	0	0.05838	203
sat14_atco_enc1_opt2_05_4.cnf.dual.hgr.random100	reduce11	386163	14636	112.93	126654	10519	42.66	1958	68.09400	1
sat14_atco_enc1_opt2_05_4.cnf.dual.hgr.random100	reduce2	386163	14636	112.93	385886	14482	114.05	99	0.06132	203
sat14_atco_enc1_opt2_05_4.cnf.dual.hgr.random100	reduce3	386163	14636	112.93	386163	14599	113.21	0	0.05918	203
sat14_atco_enc1_opt2_05_4.cnf.dual.hgr.random100	reduce14	386163	14636	112.93	126654	10519	42.66	1958	67.38627	1
sat14_atco_enc1_opt2_05_4.cnf.dual.hgr.random100	reduce13	386163	14636	112.93	126654	10519	42.66	1958	68.47859	1
sat14_atco_enc1_opt2_05_4.cnf.dual.hgr.random100	reduce4	386163	14636	112.93	304674	13351	91.50	663	2.45745	203
sat14_atco_enc1_opt2_05_4.cnf.dual.hgr.random100	reduce8	386163	14636	112.93	126654	10519	42.66	1958	69.34344	21
sat14_atco_enc1_opt2_05_4.cnf.dual.hgr.random100	reduce9	386163	14636	112.93	126654	10519	42.66	1958	69.14928	21
sat14_atco_enc1_opt2_05_4.cnf.dual.hgr.random100	reduce10	386163	14636	112.93	126654	10519	42.66	1958	68.33565	21
sat14_atco_enc1_opt2_05_4.cnf.dual.hgr.random100	reduce15	386163	14636	112.93	303592	13351	91.33	664	16.26778	21
sat14_atco_enc1_opt2_05_4.cnf.dual.hgr.random100	reduce11	386163	14636	112.93	126654	10519	42.66	1958	68.80108	21
sat14_atco_enc1_opt2_05_4.cnf.dual.hgr.random100	reduce5	386163	14636	112.93	379948	14271	114.40	2	19.70994	203
sat14_atco_enc1_opt2_05_4.cnf.dual.hgr.random100	reduce6	386163	14636	112.93	385934	14498	113.93	83	23.83098	203
sat14_atco_enc1_opt2_05_4.cnf.dual.hgr.random100	reduce1	386163	14636	112.93	386163	14618	113.06	0	0.05454	1002
sat14_atco_enc1_opt2_05_4.cnf.dual.hgr.random100	reduce13	386163	14636	112.93	126654	10519	42.66	1958	68.54371	21
sat14_atco_enc1_opt2_05_4.cnf.dual.hgr.random100	reduce2	386163	14636	112.93	385886	14482	114.05	99	0.06062	1002
sat14_atco_enc1_opt2_05_4.cnf.dual.hgr.random100	reduce3	386163	14636	112.93	386163	14599	113.21	0	0.05962	1002
sat14_atco_enc1_opt2_05_4.cnf.dual.hgr.random100	reduce14	386163	14636	112.93	126654	10519	42.66	1958	66.09907	21
sat14_atco_enc1_opt2_05_4.cnf.dual.hgr.random100	reduce4	386163	14636	112.93	304674	13351	91.50	663	2.48193	1002
sat14_atco_enc1_opt2_05_4.cnf.dual.hgr.random100	reduce15	386163	14636	112.93	303592	13351	91.33	664	16.36111	203
sat14_atco_enc1_opt2_05_4.cnf.dual.hgr.random100	reduce5	386163	14636	112.93	379948	14271	114.40	2	19.75944	1002
sat14_atco_enc1_opt2_05_4.cnf.dual.hgr.random100	reduce6	386163	14636	112.93	385934	14498	113.93	83	24.89523	1002
sat14_atco_enc1_opt2_05_4.cnf.dual.hgr.random100	reduce8	386163	14636	112.93	126654	10519	42.66	1958	70.29611	203
sat14_atco_enc1_opt2_05_4.cnf.dual.hgr.random100	reduce9	386163	14636	112.93	126654	10519	42.66	1958	70.33828	203
sat14_atco_enc1_opt2_05_4.cnf.dual.hgr.random100	reduce10	386163	14636	112.93	126654	10519	42.66	1958	70.39614	203
sat14_atco_enc1_opt2_05_4.cnf.dual.hgr.random100	reduce11	386163	14636	112.93	126654	10519	42.66	1958	70.38825	203
sat14_atco_enc1_opt2_05_4.cnf.dual.hgr.random100	reduce14	386163	14636	112.93	126654	10519	42.66	1958	70.01721	203
sat14_atco_enc1_opt2_05_4.cnf.dual.hgr.random100	reduce13	386163	14636	112.93	126654	10519	42.66	1958	71.71045	203
sat14_atco_enc1_opt2_10_12.cnf.dual.hgr.random100	reduce1	147853	9495	65.15	147853	9493	65.16	0	0.02021	1
sat14_atco_enc1_opt2_10_12.cnf.dual.hgr.random100	reduce2	147853	9495	65.15	146566	9329	65.62	134	0.02184	1
sat14_atco_enc1_opt2_10_12.cnf.dual.hgr.random100	reduce3	147853	9495	65.15	147853	9493	65.16	0	0.02146	1
sat14_atco_enc1_opt2_10_12.cnf.dual.hgr.random100	reduce4	147853	9495	65.15	110206	9039	46.29	276	0.63460	1
sat14_atco_enc1_opt2_10_12.cnf.dual.hgr.random100	reduce5	147853	9495	65.15	122963	9467	52.04	4	6.45531	1
sat14_atco_enc1_opt2_10_12.cnf.dual.hgr.random100	reduce6	147853	9495	65.15	147316	9365	65.71	101	4.52512	1
sat14_atco_enc1_opt2_05_4.cnf.dual.hgr.random100	reduce15	386163	14636	112.93	303592	13351	91.33	664	17.49715	1002
sat14_atco_enc1_opt2_05_4.cnf.dual.hgr.random100	reduce8	386163	14636	112.93	126654	10519	42.66	1958	70.95348	1002
sat14_atco_enc1_opt2_10_12.cnf.dual.hgr.random100	reduce8	147853	9495	65.15	58119	6362	34.92	1502	6.77643	1
sat14_atco_enc1_opt2_10_12.cnf.dual.hgr.random100	reduce9	147853	9495	65.15	58119	6362	34.92	1502	6.65296	1
sat14_atco_enc1_opt2_10_12.cnf.dual.hgr.random100	reduce10	147853	9495	65.15	58119	6362	34.92	1502	6.66235	1
sat14_atco_enc1_opt2_10_12.cnf.dual.hgr.random100	reduce11	147853	9495	65.15	58119	6362	34.92	1502	6.68514	1
sat14_atco_enc1_opt2_05_4.cnf.dual.hgr.random100	reduce9	386163	14636	112.93	126654	10519	42.66	1958	71.51157	1002
sat14_atco_enc1_opt2_05_4.cnf.dual.hgr.random100	reduce10	386163	14636	112.93	126654	10519	42.66	1958	70.00428	1002
sat14_atco_enc1_opt2_10_12.cnf.dual.hgr.random100	reduce13	147853	9495	65.15	58119	6362	34.92	1502	6.54376	1
sat14_atco_enc1_opt2_10_12.cnf.dual.hgr.random100	reduce1	147853	9495	65.15	147853	9493	65.16	0	0.01993	21
sat14_atco_enc1_opt2_10_12.cnf.dual.hgr.random100	reduce14	147853	9495	65.15	58119	6362	34.92	1502	6.41680	1
sat14_atco_enc1_opt2_10_12.cnf.dual.hgr.random100	reduce2	147853	9495	65.15	146566	9329	65.62	134	0.02235	21
sat14_atco_enc1_opt2_10_12.cnf.dual.hgr.random100	reduce15	147853	9495	65.15	109517	9037	46.08	277	3.28209	1
sat14_atco_enc1_opt2_10_12.cnf.dual.hgr.random100	reduce3	147853	9495	65.15	147853	9493	65.16	0	0.02129	21
sat14_atco_enc1_opt2_10_12.cnf.dual.hgr.random100	reduce4	147853	9495	65.15	110206	9039	46.29	276	0.62241	21
sat14_atco_enc1_opt2_10_12.cnf.dual.hgr.random100	reduce6	147853	9495	65.15	147316	9365	65.71	101	4.53880	21
sat14_atco_enc1_opt2_10_12.cnf.dual.hgr.random100	reduce7	147853	9495	65.15	59625	6362	34.93	0	34.72557	1
sat14_atco_enc1_opt2_10_12.cnf.dual.hgr.random100	reduce5	147853	9495	65.15	122963	9467	52.04	4	6.33920	21
sat14_atco_enc1_opt2_05_4.cnf.dual.hgr.random100	reduce11	386163	14636	112.93	126654	10519	42.66	1958	70.90410	1002
sat14_atco_enc1_opt2_10_12.cnf.dual.hgr.random100	reduce8	147853	9495	65.15	58119	6362	34.92	1502	6.69318	21
sat14_atco_enc1_opt2_10_12.cnf.dual.hgr.random100	reduce9	147853	9495	65.15	58119	6362	34.92	1502	6.79228	21
sat14_atco_enc1_opt2_10_12.cnf.dual.hgr.random100	reduce10	147853	9495	65.15	58119	6362	34.92	1502	6.66278	21
sat14_atco_enc1_opt2_10_12.cnf.dual.hgr.random100	reduce11	147853	9495	65.15	58119	6362	34.92	1502	6.81668	21
sat14_atco_enc1_opt2_05_4.cnf.dual.hgr.random100	reduce13	386163	14636	112.93	126654	10519	42.66	1958	71.00397	1002
sat14_atco_enc1_opt2_05_4.cnf.dual.hgr.random100	reduce14	386163	14636	112.93	126654	10519	42.66	1958	69.96686	1002
sat14_atco_enc1_opt2_10_12.cnf.dual.hgr.random100	reduce1	147853	9495	65.15	147853	9493	65.16	0	0.02080	203
sat14_atco_enc1_opt2_10_12.cnf.dual.hgr.random100	reduce13	147853	9495	65.15	58119	6362	34.92	1502	6.50631	21
sat14_atco_enc1_opt2_10_12.cnf.dual.hgr.random100	reduce2	147853	9495	65.15	146566	9329	65.62	134	0.02313	203
sat14_atco_enc1_opt2_10_12.cnf.dual.hgr.random100	reduce14	147853	9495	65.15	58119	6362	34.92	1502	6.30636	21
sat14_atco_enc1_opt2_10_12.cnf.dual.hgr.random100	reduce3	147853	9495	65.15	147853	9493	65.16	0	0.02322	203
sat14_atco_enc1_opt2_10_12.cnf.dual.hgr.random100	reduce12	147853	9495	65.15	58119	6362	34.92	1502	35.57503	1
sat14_atco_enc1_opt2_10_12.cnf.dual.hgr.random100	reduce15	147853	9495	65.15	109517	9037	46.08	277	3.24186	21
sat14_atco_enc1_opt2_10_12.cnf.dual.hgr.random100	reduce4	147853	9495	65.15	110206	9039	46.29	276	0.63014	203
sat14_atco_enc1_opt2_10_12.cnf.dual.hgr.random100	reduce6	147853	9495	65.15	147316	9365	65.71	101	4.65106	203
sat14_atco_enc1_opt2_10_12.cnf.dual.hgr.random100	reduce5	147853	9495	65.15	122963	9467	52.04	4	6.34004	203
sat14_atco_enc1_opt2_10_12.cnf.dual.hgr.random100	reduce8	147853	9495	65.15	58119	6362	34.92	1502	6.74102	203
sat14_atco_enc1_opt2_10_12.cnf.dual.hgr.random100	reduce7	147853	9495	65.15	59625	6362	34.93	0	33.52170	21
sat14_atco_enc1_opt2_10_12.cnf.dual.hgr.random100	reduce9	147853	9495	65.15	58119	6362	34.92	1502	6.68292	203
sat14_atco_enc1_opt2_10_12.cnf.dual.hgr.random100	reduce10	147853	9495	65.15	58119	6362	34.92	1502	6.71510	203
sat14_atco_enc1_opt2_10_12.cnf.dual.hgr.random100	reduce1	147853	9495	65.15	147853	9493	65.16	0	0.02011	1002
sat14_atco_enc1_opt2_10_12.cnf.dual.hgr.random100	reduce11	147853	9495	65.15	58119	6362	34.92	1502	6.58909	203
sat14_atco_enc1_opt2_10_12.cnf.dual.hgr.random100	reduce2	147853	9495	65.15	146566	9329	65.62	134	0.02320	1002
sat14_atco_enc1_opt2_10_12.cnf.dual.hgr.random100	reduce3	147853	9495	65.15	147853	9493	65.16	0	0.02131	1002
sat14_atco_enc1_opt2_10_12.cnf.dual.hgr.random100	reduce15	147853	9495	65.15	109517	9037	46.08	277	3.26000	203
sat14_atco_enc1_opt2_10_12.cnf.dual.hgr.random100	reduce13	147853	9495	65.15	58119	6362	34.92	1502	6.38136	203
sat14_atco_enc1_opt2_10_12.cnf.dual.hgr.random100	reduce14	147853	9495	65.15	58119	6362	34.92	1502	6.30283	203
sat14_atco_enc1_opt2_10_12.cnf.dual.hgr.random100	reduce4	147853	9495	65.15	110206	9039	46.29	276	0.62749	1002
sat14_atco_enc1_opt2_10_12.cnf.dual.hgr.random100	reduce12	147853	9495	65.15	58119	6362	34.92	1502	34.85067	21
sat14_atco_enc1_opt2_10_12.cnf.dual.hgr.random100	reduce6	147853	9495	65.15	147316	9365	65.71	101	4.49033	1002
sat14_atco_enc1_opt2_10_12.cnf.dual.hgr.random100	reduce5	147853	9495	65.15	122963	9467	52.04	4	6.33882	1002
sat14_atco_enc1_opt2_10_12.cnf.dual.hgr.random100	reduce8	147853	9495	65.15	58119	6362	34.92	1502	6.78068	1002
sat14_atco_enc1_opt2_10_12.cnf.dual.hgr.random100	reduce9	147853	9495	65.15	58119	6362	34.92	1502	6.76262	1002
sat14_atco_enc1_opt2_10_12.cnf.dual.hgr.random100	reduce10	147853	9495	65.15	58119	6362	34.92	1502	6.67870	1002
sat14_atco_enc1_opt2_10_12.cnf.dual.hgr.random100	reduce11	147853	9495	65.15	58119	6362	34.92	1502	6.72070	1002
sat14_bob12m09-opt.cnf.dual.hgr.random100	reduce1	152446	51144	6.95	152446	51144	6.95	0	0.01972	1
sat14_bob12m09-opt.cnf.dual.hgr.random100	reduce2	152446	51144	6.95	152442	51143	6.95	1	0.02129	1
sat14_bob12m09-opt.cnf.dual.hgr.random100	reduce3	152446	51144	6.95	152446	51144	6.95	0	0.03441	1
sat14_atco_enc1_opt2_10_12.cnf.dual.hgr.random100	reduce15	147853	9495	65.15	109517	9037	46.08	277	3.29165	1002
sat14_bob12m09-opt.cnf.dual.hgr.random100	reduce4	152446	51144	6.95	101628	51143	3.97	1	0.08544	1
sat14_atco_enc1_opt2_10_12.cnf.dual.hgr.random100	reduce13	147853	9495	65.15	58119	6362	34.92	1502	6.53276	1002
sat14_atco_enc1_opt2_10_12.cnf.dual.hgr.random100	reduce7	147853	9495	65.15	59625	6362	34.93	0	33.96768	203
sat14_atco_enc1_opt2_10_12.cnf.dual.hgr.random100	reduce14	147853	9495	65.15	58119	6362	34.92	1502	6.40388	1002
sat14_bob12m09-opt.cnf.dual.hgr.random100	reduce6	152446	51144	6.95	152442	51143	6.95	1	0.70798	1
sat14_bob12m09-opt.cnf.dual.hgr.random100	reduce5	152446	51144	6.95	101630	51144	3.97	0	2.82400	1
sat14_atco_enc1_opt2_10_12.cnf.dual.hgr.random100	reduce12	147853	9495	65.15	58119	6362	34.92	1502	35.03561	203
sat14_bob12m09-opt.cnf.dual.hgr.random100	reduce8	152446	51144	6.95	101583	51141	3.97	2	3.13895	1
sat14_bob12m09-opt.cnf.dual.hgr.random100	reduce7	152446	51144	6.95	101585	51141	3.97	0	5.61587	1
sat14_bob12m09-opt.cnf.dual.hgr.random100	reduce9	152446	51144	6.95	101583	51141	3.97	2	3.17872	1
sat14_bob12m09-opt.cnf.dual.hgr.random100	reduce10	152446	51144	6.95	101583	51141	3.97	2	3.15288	1
sat14_bob12m09-opt.cnf.dual.hgr.random100	reduce11	152446	51144	6.95	101583	51141	3.97	2	3.11754	1
sat14_bob12m09-opt.cnf.dual.hgr.random100	reduce13	152446	51144	6.95	101583	51141	3.97	2	2.20057	1
sat14_bob12m09-opt.cnf.dual.hgr.random100	reduce1	152446	51144	6.95	152446	51144	6.95	0	0.01985	21
sat14_bob12m09-opt.cnf.dual.hgr.random100	reduce15	152446	51144	6.95	101628	51143	3.97	1	1.31502	1
sat14_bob12m09-opt.cnf.dual.hgr.random100	reduce12	152446	51144	6.95	101583	51141	3.97	2	4.97130	1
sat14_bob12m09-opt.cnf.dual.hgr.random100	reduce14	152446	51144	6.95	101583	51141	3.97	2	2.99947	1
sat14_bob12m09-opt.cnf.dual.hgr.random100	reduce2	152446	51144	6.95	152442	51143	6.95	1	0.02184	21
sat14_bob12m09-opt.cnf.dual.hgr.random100	reduce3	152446	51144	6.95	152446	51144	6.95	0	0.03452	21
sat14_bob12m09-opt.cnf.dual.hgr.random100	reduce4	152446	51144	6.95	101628	51143	3.97	1	0.08066	21
sat14_atco_enc1_opt2_10_12.cnf.dual.hgr.random100	reduce7	147853	9495	65.15	59625	6362	34.93	0	33.68273	1002
sat14_bob12m09-opt.cnf.dual.hgr.random100	reduce6	152446	51144	6.95	152442	51143	6.95	1	0.72426	21
sat14_bob12m09-opt.cnf.dual.hgr.random100	reduce5	152446	51144	6.95	101630	51144	3.97	0	2.83043	21
sat14_bob12m09-opt.cnf.dual.hgr.random100	reduce8	152446	51144	6.95	101583	51141	3.97	2	3.16828	21
sat14_atco_enc1_opt2_10_12.cnf.dual.hgr.random100	reduce12	147853	9495	65.15	58119	6362	34.92	1502	34.57100	1002
sat14_bob12m09-opt.cnf.dual.hgr.random100	reduce9	152446	51144	6.95	101583	51141	3.97	2	3.17241	21
sat14_bob12m09-opt.cnf.dual.hgr.random100	reduce7	152446	51144	6.95	101585	51141	3.97	0	5.62298	21
sat14_bob12m09-opt.cnf.dual.hgr.random100	reduce10	152446	51144	6.95	101583	51141	3.97	2	3.10807	21
sat14_bob12m09-opt.cnf.dual.hgr.random100	reduce11	152446	51144	6.95	101583	51141	3.97	2	3.16034	21
sat14_bob12m09-opt.cnf.dual.hgr.random100	reduce13	152446	51144	6.95	101583	51141	3.97	2	2.17455	21
sat14_bob12m09-opt.cnf.dual.hgr.random100	reduce1	152446	51144	6.95	152446	51144	6.95	0	0.02002	203
sat14_bob12m09-opt.cnf.dual.hgr.random100	reduce12	152446	51144	6.95	101583	51141	3.97	2	5.25452	21
sat14_bob12m09-opt.cnf.dual.hgr.random100	reduce15	152446	51144	6.95	101628	51143	3.97	1	1.28735	21
sat14_bob12m09-opt.cnf.dual.hgr.random100	reduce14	152446	51144	6.95	101583	51141	3.97	2	3.03444	21
sat14_bob12m09-opt.cnf.dual.hgr.random100	reduce2	152446	51144	6.95	152442	51143	6.95	1	0.02166	203
sat14_bob12m09-opt.cnf.dual.hgr.random100	reduce3	152446	51144	6.95	152446	51144	6.95	0	0.03252	203
sat14_bob12m09-opt.cnf.dual.hgr.random100	reduce4	152446	51144	6.95	101628	51143	3.97	1	0.08241	203
sat14_bob12m09-opt.cnf.dual.hgr.random100	reduce6	152446	51144	6.95	152442	51143	6.95	1	0.69722	203
sat14_bob12m09-opt.cnf.dual.hgr.random100	reduce5	152446	51144	6.95	101630	51144	3.97	0	2.81511	203
sat14_bob12m09-opt.cnf.dual.hgr.random100	reduce8	152446	51144	6.95	101583	51141	3.97	2	3.14364	203
sat14_bob12m09-opt.cnf.dual.hgr.random100	reduce9	152446	51144	6.95	101583	51141	3.97	2	3.13808	203
sat14_bob12m09-opt.cnf.dual.hgr.random100	reduce7	152446	51144	6.95	101585	51141	3.97	0	5.62998	203
sat14_bob12m09-opt.cnf.dual.hgr.random100	reduce10	152446	51144	6.95	101583	51141	3.97	2	3.17733	203
sat14_bob12m09-opt.cnf.dual.hgr.random100	reduce11	152446	51144	6.95	101583	51141	3.97	2	3.12333	203
sat14_bob12m09-opt.cnf.dual.hgr.random100	reduce13	152446	51144	6.95	101583	51141	3.97	2	2.17161	203
sat14_bob12m09-opt.cnf.dual.hgr.random100	reduce1	152446	51144	6.95	152446	51144	6.95	0	0.02013	1002
sat14_bob12m09-opt.cnf.dual.hgr.random100	reduce15	152446	51144	6.95	101628	51143	3.97	1	1.30065	203
sat14_bob12m09-opt.cnf.dual.hgr.random100	reduce12	152446	51144	6.95	101583	51141	3.97	2	5.01198	203
sat14_bob12m09-opt.cnf.dual.hgr.random100	reduce14	152446	51144	6.95	101583	51141	3.97	2	3.03971	203
sat14_bob12m09-opt.cnf.dual.hgr.random100	reduce2	152446	51144	6.95	152442	51143	6.95	1	0.02082	1002
sat14_bob12m09-opt.cnf.dual.hgr.random100	reduce3	152446	51144	6.95	152446	51144	6.95	0	0.03388	1002
sat14_bob12m09-opt.cnf.dual.hgr.random100	reduce4	152446	51144	6.95	101628	51143	3.97	1	0.08080	1002
sat14_bob12m09-opt.cnf.dual.hgr.random100	reduce6	152446	51144	6.95	152442	51143	6.95	1	0.69480	1002
sat14_bob12m09-opt.cnf.dual.hgr.random100	reduce5	152446	51144	6.95	101630	51144	3.97	0	2.76951	1002
sat14_bob12m09-opt.cnf.dual.hgr.random100	reduce8	152446	51144	6.95	101583	51141	3.97	2	3.13889	1002
sat14_bob12m09-opt.cnf.dual.hgr.random100	reduce7	152446	51144	6.95	101585	51141	3.97	0	5.60594	1002
sat14_bob12m09-opt.cnf.dual.hgr.random100	reduce9	152446	51144	6.95	101583	51141	3.97	2	3.12506	1002
sat14_bob12m09-opt.cnf.dual.hgr.random100	reduce10	152446	51144	6.95	101583	51141	3.97	2	3.18963	1002
sat14_bob12m09-opt.cnf.dual.hgr.random100	reduce11	152446	51144	6.95	101583	51141	3.97	2	3.16079	1002
sat14_bob12m09-opt.cnf.dual.hgr.random100	reduce13	152446	51144	6.95	101583	51141	3.97	2	2.20844	1002
sat14_dated-10-11-u.cnf.hgr.random100	reduce1	283720	629461	2.27	283720	617431	2.30	0	0.08550	1
sat14_bob12m09-opt.cnf.dual.hgr.random100	reduce15	152446	51144	6.95	101628	51143	3.97	1	1.30620	1002
sat14_bob12m09-opt.cnf.dual.hgr.random100	reduce12	152446	51144	6.95	101583	51141	3.97	2	5.01139	1002
sat14_bob12m09-opt.cnf.dual.hgr.random100	reduce14	152446	51144	6.95	101583	51141	3.97	2	3.10007	1002
sat14_dated-10-11-u.cnf.hgr.random100	reduce2	283720	629461	2.27	217294	427802	2.39	33122	0.07872	1
sat14_dated-10-11-u.cnf.hgr.random100	reduce3	283720	629461	2.27	283720	617431	2.30	0	0.15189	1
sat14_dated-10-11-u.cnf.hgr.random100	reduce4	283720	629461	2.27	202341	427802	2.31	33122	0.11899	1
sat14_dated-10-11-u.cnf.hgr.random100	reduce5	283720	629461	2.27	259639	587148	2.24	0	0.26320	1
sat14_dated-10-11-u.cnf.hgr.random100	reduce6	283720	629461	2.27	193294	373882	2.45	45122	0.24408	1
sat14_dated-10-11-u.cnf.hgr.random100	reduce7	283720	629461	2.27	108018	89104	2.60	0	0.32252	1
sat14_dated-10-11-u.cnf.hgr.random100	reduce8	283720	629461	2.27	26977	89104	2.60	81041	0.35396	1
sat14_dated-10-11-u.cnf.hgr.random100	reduce9	283720	629461	2.27	26977	89104	2.60	81041	0.34138	1
sat14_dated-10-11-u.cnf.hgr.random100	reduce10	283720	629461	2.27	26977	89104	2.60	81041	0.40432	1
sat14_dated-10-11-u.cnf.hgr.random100	reduce11	283720	629461	2.27	26977	89104	2.60	81041	0.30129	1
sat14_dated-10-11-u.cnf.hgr.random100	reduce12	283720	629461	2.27	26977	89104	2.60	81041	0.35280	1
sat14_dated-10-11-u.cnf.hgr.random100	reduce13	283720	629461	2.27	26977	89104	2.60	81041	0.33355	1
sat14_dated-10-11-u.cnf.hgr.random100	reduce14	283720	629461	2.27	26977	89104	2.60	81041	0.31854	1
sat14_dated-10-11-u.cnf.hgr.random100	reduce15	283720	629461	2.27	80977	149104	2.58	69041	0.30810	1
sat14_dated-10-11-u.cnf.hgr.random100	reduce1	283720	629461	2.27	283720	617431	2.30	0	0.08092	21
sat14_dated-10-11-u.cnf.hgr.random100	reduce2	283720	629461	2.27	217294	427802	2.39	33122	0.07411	21
sat14_dated-10-11-u.cnf.hgr.random100	reduce3	283720	629461	2.27	283720	617431	2.30	0	0.14899	21
sat14_dated-10-11-u.cnf.hgr.random100	reduce4	283720	629461	2.27	202341	427802	2.31	33122	0.11748	21
sat14_dated-10-11-u.cnf.hgr.random100	reduce5	283720	629461	2.27	259639	587148	2.24	0	0.26065	21
sat14_dated-10-11-u.cnf.hgr.random100	reduce6	283720	629461	2.27	193294	373882	2.45	45122	0.24539	21
sat14_dated-10-11-u.cnf.hgr.random100	reduce7	283720	629461	2.27	108018	89104	2.60	0	0.29690	21
sat14_dated-10-11-u.cnf.hgr.random100	reduce8	283720	629461	2.27	26977	89104	2.60	81041	0.34652	21
sat14_dated-10-11-u.cnf.hgr.random100	reduce9	283720	629461	2.27	26977	89104	2.60	81041	0.33879	21
sat14_dated-10-11-u.cnf.hgr.random100	reduce10	283720	629461	2.27	26977	89104	2.60	81041	0.38175	21
sat14_dated-10-11-u.cnf.hgr.random100	reduce11	283720	629461	2.27	26977	89104	2.60	81041	0.30602	21
sat14_dated-10-11-u.cnf.hgr.random100	reduce12	283720	629461	2.27	26977	89104	2.60	81041	0.32879	21
sat14_dated-10-11-u.cnf.hgr.random100	reduce13	283720	629461	2.27	26977	89104	2.60	81041	0.31995	21
sat14_dated-10-11-u.cnf.hgr.random100	reduce14	283720	629461	2.27	26977	89104	2.60	81041	0.30825	21
sat14_dated-10-11-u.cnf.hgr.random100	reduce15	283720	629461	2.27	80977	149104	2.58	69041	0.30601	21
sat14_dated-10-11-u.cnf.hgr.random100	reduce1	283720	629461	2.27	283720	617431	2.30	0	0.08110	203
sat14_dated-10-11-u.cnf.hgr.random100	reduce2	283720	629461	2.27	217294	427802	2.39	33122	0.07243	203
sat14_dated-10-11-u.cnf.hgr.random100	reduce3	283720	629461	2.27	283720	617431	2.30	0	0.14969	203
sat14_atco_enc1_opt2_05_4.cnf.dual.hgr.random100	reduce7	386163	14636	112.93	128612	10519	42.66	0	369.73910	1
sat14_dated-10-11-u.cnf.hgr.random100	reduce4	283720	629461	2.27	202341	427802	2.31	33122	0.11734	203
sat14_dated-10-11-u.cnf.hgr.random100	reduce5	283720	629461	2.27	259639	587148	2.24	0	0.25871	203
sat14_dated-10-11-u.cnf.hgr.random100	reduce6	283720	629461	2.27	193294	373882	2.45	45122	0.23549	203
sat14_dated-10-11-u.cnf.hgr.random100	reduce7	283720	629461	2.27	108018	89104	2.60	0	0.29889	203
sat14_dated-10-11-u.cnf.hgr.random100	reduce8	283720	629461	2.27	26977	89104	2.60	81041	0.34607	203
sat14_atco_enc1_opt2_05_4.cnf.dual.hgr.random100	reduce12	386163	14636	112.93	126654	10519	42.66	1958	370.16807	1
sat14_dated-10-11-u.cnf.hgr.random100	reduce9	283720	629461	2.27	26977	89104	2.60	81041	0.33624	203
sat14_dated-10-11-u.cnf.hgr.random100	reduce10	283720	629461	2.27	26977	89104	2.60	81041	0.37646	203
sat14_dated-10-11-u.cnf.hgr.random100	reduce11	283720	629461	2.27	26977	89104	2.60	81041	0.29622	203
sat14_dated-10-11-u.cnf.hgr.random100	reduce12	283720	629461	2.27	26977	89104	2.60	81041	0.32968	203
sat14_dated-10-11-u.cnf.hgr.random100	reduce13	283720	629461	2.27	26977	89104	2.60	81041	0.32031	203
sat14_dated-10-11-u.cnf.hgr.random100	reduce14	283720	629461	2.27	26977	89104	2.60	81041	0.30954	203
sat14_dated-10-11-u.cnf.hgr.random100	reduce15	283720	629461	2.27	80977	149104	2.58	69041	0.30543	203
sat14_atco_enc1_opt2_05_4.cnf.dual.hgr.random100	reduce7	386163	14636	112.93	128612	10519	42.66	0	365.93045	21
sat14_dated-10-11-u.cnf.hgr.random100	reduce1	283720	629461	2.27	283720	617431	2.30	0	0.08089	1002
sat14_dated-10-11-u.cnf.hgr.random100	reduce2	283720	629461	2.27	217294	427802	2.39	33122	0.07418	1002
sat14_dated-10-11-u.cnf.hgr.random100	reduce3	283720	629461	2.27	283720	617431	2.30	0	0.14828	1002
sat14_dated-10-11-u.cnf.hgr.random100	reduce4	283720	629461	2.27	202341	427802	2.31	33122	0.11301	1002
sat14_dated-10-11-u.cnf.hgr.random100	reduce5	283720	629461	2.27	259639	587148	2.24	0	0.25682	1002
sat14_dated-10-11-u.cnf.hgr.random100	reduce6	283720	629461	2.27	193294	373882	2.45	45122	0.23853	1002
sat14_dated-10-11-u.cnf.hgr.random100	reduce7	283720	629461	2.27	108018	89104	2.60	0	0.29651	1002
sat14_dated-10-11-u.cnf.hgr.random100	reduce8	283720	629461	2.27	26977	89104	2.60	81041	0.34695	1002
sat14_dated-10-11-u.cnf.hgr.random100	reduce9	283720	629461	2.27	26977	89104	2.60	81041	0.33412	1002
sat14_dated-10-11-u.cnf.hgr.random100	reduce10	283720	629461	2.27	26977	89104	2.60	81041	0.37752	1002
sat14_dated-10-11-u.cnf.hgr.random100	reduce11	283720	629461	2.27	26977	89104	2.60	81041	0.29994	1002
sat14_dated-10-11-u.cnf.hgr.random100	reduce12	283720	629461	2.27	26977	89104	2.60	81041	0.32799	1002
sat14_dated-10-11-u.cnf.hgr.random100	reduce13	283720	629461	2.27	26977	89104	2.60	81041	0.31879	1002
sat14_dated-10-11-u.cnf.hgr.random100	reduce14	283720	629461	2.27	26977	89104	2.60	81041	0.30693	1002
sat14_atco_enc1_opt2_05_4.cnf.dual.hgr.random100	reduce12	386163	14636	112.93	126654	10519	42.66	1958	373.34776	21
sat14_dated-10-11-u.cnf.hgr.random100	reduce15	283720	629461	2.27	80977	149104	2.58	69041	0.30752	1002
sat14_dated-10-17-u.cnf.hgr.random100	reduce1	459088	1070757	2.31	459088	1051601	2.33	0	0.14085	1
sat14_dated-10-17-u.cnf.hgr.random100	reduce2	459088	1070757	2.31	353322	749712	2.43	52762	0.12616	1
sat14_dated-10-17-u.cnf.hgr.random100	reduce3	459088	1070757	2.31	459088	1051601	2.33	0	0.26914	1
sat14_dated-10-17-u.cnf.hgr.random100	reduce4	459088	1070757	2.31	329498	749712	2.36	52762	0.19693	1
sat14_dated-10-17-u.cnf.hgr.random100	reduce5	459088	1070757	2.31	420767	1003518	2.28	0	0.45448	1
sat14_dated-10-17-u.cnf.hgr.random100	reduce6	459088	1070757	2.31	315082	663752	2.49	71882	0.41780	1
sat14_dated-10-17-u.cnf.hgr.random100	reduce7	459088	1070757	2.31	179256	209994	2.68	0	0.50945	1
sat14_dated-10-17-u.cnf.hgr.random100	reduce8	459088	1070757	2.31	50155	209994	2.68	129101	0.63668	1
sat14_dated-10-17-u.cnf.hgr.random100	reduce9	459088	1070757	2.31	50155	209994	2.68	129101	0.62150	1
sat14_dated-10-17-u.cnf.hgr.random100	reduce10	459088	1070757	2.31	50155	209994	2.68	129101	0.69550	1
sat14_dated-10-17-u.cnf.hgr.random100	reduce11	459088	1070757	2.31	50155	209994	2.68	129101	0.53445	1
sat14_dated-10-17-u.cnf.hgr.random100	reduce12	459088	1070757	2.31	50155	209994	2.68	129101	0.60940	1
sat14_dated-10-17-u.cnf.hgr.random100	reduce13	459088	1070757	2.31	50155	209994	2.68	129101	0.57825	1
sat14_dated-10-17-u.cnf.hgr.random100	reduce14	459088	1070757	2.31	50155	209994	2.68	129101	0.56623	1
sat14_dated-10-17-u.cnf.hgr.random100	reduce15	459088	1070757	2.31	136195	305594	2.64	109981	0.56306	1
sat14_dated-10-17-u.cnf.hgr.random100	reduce1	459088	1070757	2.31	459088	1051601	2.33	0	0.13851	21
sat14_dated-10-17-u.cnf.hgr.random100	reduce2	459088	1070757	2.31	353322	749712	2.43	52762	0.12640	21
sat14_dated-10-17-u.cnf.hgr.random100	reduce3	459088	1070757	2.31	459088	1051601	2.33	0	0.26489	21
sat14_dated-10-17-u.cnf.hgr.random100	reduce4	459088	1070757	2.31	329498	749712	2.36	52762	0.19575	21
sat14_dated-10-17-u.cnf.hgr.random100	reduce5	459088	1070757	2.31	420767	1003518	2.28	0	0.45603	21
sat14_dated-10-17-u.cnf.hgr.random100	reduce6	459088	1070757	2.31	315082	663752	2.49	71882	0.41159	21
sat14_dated-10-17-u.cnf.hgr.random100	reduce7	459088	1070757	2.31	179256	209994	2.68	0	0.50800	21
sat14_dated-10-17-u.cnf.hgr.random100	reduce8	459088	1070757	2.31	50155	209994	2.68	129101	0.63385	21
sat14_dated-10-17-u.cnf.hgr.random100	reduce9	459088	1070757	2.31	50155	209994	2.68	129101	0.61815	21
sat14_dated-10-17-u.cnf.hgr.random100	reduce10	459088	1070757	2.31	50155	209994	2.68	129101	0.69133	21
sat14_dated-10-17-u.cnf.hgr.random100	reduce11	459088	1070757	2.31	50155	209994	2.68	129101	0.53461	21
sat14_dated-10-17-u.cnf.hgr.random100	reduce12	459088	1070757	2.31	50155	209994	2.68	129101	0.60969	21
sat14_dated-10-17-u.cnf.hgr.random100	reduce13	459088	1070757	2.31	50155	209994	2.68	129101	0.56913	21
sat14_dated-10-17-u.cnf.hgr.random100	reduce14	459088	1070757	2.31	50155	209994	2.68	129101	0.56731	21
sat14_dated-10-17-u.cnf.hgr.random100	reduce15	459088	1070757	2.31	136195	305594	2.64	109981	0.55880	21
sat14_dated-10-17-u.cnf.hgr.random100	reduce1	459088	1070757	2.31	459088	1051601	2.33	0	0.13757	203
sat14_dated-10-17-u.cnf.hgr.random100	reduce2	459088	1070757	2.31	353322	749712	2.43	52762	0.12402	203
sat14_dated-10-17-u.cnf.hgr.random100	reduce3	459088	1070757	2.31	459088	1051601	2.33	0	0.26614	203
sat14_dated-10-17-u.cnf.hgr.random100	reduce4	459088	1070757	2.31	329498	749712	2.36	52762	0.19847	203
sat14_dated-10-17-u.cnf.hgr.random100	reduce5	459088	1070757	2.31	420767	1003518	2.28	0	0.45185	203
sat14_dated-10-17-u.cnf.hgr.random100	reduce6	459088	1070757	2.31	315082	663752	2.49	71882	0.41757	203
sat14_dated-10-17-u.cnf.hgr.random100	reduce7	459088	1070757	2.31	179256	209994	2.68	0	0.51562	203
sat14_dated-10-17-u.cnf.hgr.random100	reduce8	459088	1070757	2.31	50155	209994	2.68	129101	0.62822	203
sat14_atco_enc1_opt2_05_4.cnf.dual.hgr.random100	reduce7	386163	14636	112.93	128612	10519	42.66	0	364.53180	203
sat14_dated-10-17-u.cnf.hgr.random100	reduce9	459088	1070757	2.31	50155	209994	2.68	129101	0.61941	203
sat14_dated-10-17-u.cnf.hgr.random100	reduce10	459088	1070757	2.31	50155	209994	2.68	129101	0.69039	203
sat14_dated-10-17-u.cnf.hgr.random100	reduce11	459088	1070757	2.31	50155	209994	2.68	129101	0.53949	203
sat14_dated-10-17-u.cnf.hgr.random100	reduce12	459088	1070757	2.31	50155	209994	2.68	129101	0.61352	203
sat14_dated-10-17-u.cnf.hgr.random100	reduce13	459088	1070757	2.31	50155	209994	2.68	129101	0.57735	203
sat14_dated-10-17-u.cnf.hgr.random100	reduce14	459088	1070757	2.31	50155	209994	2.68	129101	0.56899	203
sat14_dated-10-17-u.cnf.hgr.random100	reduce15	459088	1070757	2.31	136195	305594	2.64	109981	0.56471	203
sat14_dated-10-17-u.cnf.hgr.random100	reduce1	459088	1070757	2.31	459088	1051601	2.33	0	0.13836	1002
sat14_dated-10-17-u.cnf.hgr.random100	reduce2	459088	1070757	2.31	353322	749712	2.43	52762	0.12429	1002
sat14_dated-10-17-u.cnf.hgr.random100	reduce3	459088	1070757	2.31	459088	1051601	2.33	0	0.26783	1002
sat14_dated-10-17-u.cnf.hgr.random100	reduce4	459088	1070757	2.31	329498	749712	2.36	52762	0.19528	1002
sat14_dated-10-17-u.cnf.hgr.random100	reduce5	459088	1070757	2.31	420767	1003518	2.28	0	0.45185	1002
sat14_dated-10-17-u.cnf.hgr.random100	reduce6	459088	1070757	2.31	315082	663752	2.49	71882	0.42448	1002
sat14_dated-10-17-u.cnf.hgr.random100	reduce7	459088	1070757	2.31	179256	209994	2.68	0	0.51833	1002
sat14_atco_enc1_opt2_05_4.cnf.dual.hgr.random100	reduce12	386163	14636	112.93	126654	10519	42.66	1958	367.11282	203
sat14_dated-10-17-u.cnf.hgr.random100	reduce8	459088	1070757	2.31	50155	209994	2.68	129101	0.64055	1002
sat14_dated-10-17-u.cnf.hgr.random100	reduce9	459088	1070757	2.31	50155	209994	2.68	129101	0.62723	1002
sat14_dated-10-17-u.cnf.hgr.random100	reduce10	459088	1070757	2.31	50155	209994	2.68	129101	0.70917	1002
sat14_dated-10-17-u.cnf.hgr.random100	reduce11	459088	1070757	2.31	50155	209994	2.68	129101	0.54001	1002
sat14_dated-10-17-u.cnf.hgr.random100	reduce12	459088	1070757	2.31	50155	209994	2.68	129101	0.61798	1002
sat14_dated-10-17-u.cnf.hgr.random100	reduce13	459088	1070757	2.31	50155	209994	2.68	129101	0.58187	1002
sat14_dated-10-17-u.cnf.hgr.random100	reduce14	459088	1070757	2.31	50155	209994	2.68	129101	0.57017	1002
sat14_dated-10-17-u.cnf.hgr.random100	reduce15	459088	1070757	2.31	136195	305594	2.64	109981	0.56917	1002
sat14_E02F22.cnf.primal.hgr.random100	reduce1	13574	1301188	8.81	13574	1301155	8.81	0	0.24782	1
sat14_E02F22.cnf.primal.hgr.random100	reduce2	13574	1301188	8.81	13574	1301155	8.81	0	0.23778	1
sat14_E02F22.cnf.primal.hgr.random100	reduce4	13574	1301188	8.81	13574	1301155	8.81	0	0.27332	1
sat14_E02F22.cnf.primal.hgr.random100	reduce5	13574	1301188	8.81	13570	1301059	8.81	0	0.24303	1
sat14_atco_enc1_opt2_05_4.cnf.dual.hgr.random100	reduce7	386163	14636	112.93	128612	10519	42.66	0	363.06892	1002
sat14_E02F22.cnf.primal.hgr.random100	reduce3	13574	1301188	8.81	13574	71027	24.17	0	3.04083	1
sat14_E02F22.cnf.primal.hgr.random100	reduce6	13574	1301188	8.81	13574	1301155	8.81	0	0.35548	1
sat14_E02F22.cnf.primal.hgr.random100	reduce7	13574	1301188	8.81	13570	1301059	8.81	0	4.00144	1
sat14_E02F22.cnf.primal.hgr.random100	reduce8	13574	1301188	8.81	13450	70905	24.20	0	3.39995	1
sat14_E02F22.cnf.primal.hgr.random100	reduce9	13574	1301188	8.81	13450	70905	24.20	0	3.28094	1
sat14_E02F22.cnf.primal.hgr.random100	reduce11	13574	1301188	8.81	13570	1301059	8.81	0	2.18665	1
sat14_E02F22.cnf.primal.hgr.random100	reduce10	13574	1301188	8.81	13450	70905	24.20	0	3.30463	1
sat14_E02F22.cnf.primal.hgr.random100	reduce12	13574	1301188	8.81	13450	70905	24.20	0	3.29309	1
sat14_E02F22.cnf.primal.hgr.random100	reduce13	13574	1301188	8.81	13450	70905	24.20	0	3.31055	1
sat14_E02F22.cnf.primal.hgr.random100	reduce1	13574	1301188	8.81	13574	1301155	8.81	0	0.25053	21
sat14_E02F22.cnf.primal.hgr.random100	reduce14	13574	1301188	8.81	13450	70905	24.20	0	3.45308	1
sat14_E02F22.cnf.primal.hgr.random100	reduce15	13574	1301188	8.81	13570	71023	24.17	0	3.18681	1
sat14_E02F22.cnf.primal.hgr.random100	reduce2	13574	1301188	8.81	13574	1301155	8.81	0	0.23478	21
sat14_E02F22.cnf.primal.hgr.random100	reduce4	13574	1301188	8.81	13574	1301155	8.81	0	0.26415	21
sat14_E02F22.cnf.primal.hgr.random100	reduce5	13574	1301188	8.81	13570	1301059	8.81	0	0.24404	21
sat14_E02F22.cnf.primal.hgr.random100	reduce3	13574	1301188	8.81	13574	71027	24.17	0	3.06191	21
sat14_E02F22.cnf.primal.hgr.random100	reduce6	13574	1301188	8.81	13574	1301155	8.81	0	0.34838	21
sat14_E02F22.cnf.primal.hgr.random100	reduce7	13574	1301188	8.81	13570	1301059	8.81	0	3.97604	21
sat14_E02F22.cnf.primal.hgr.random100	reduce8	13574	1301188	8.81	13450	70905	24.20	0	3.34353	21
sat14_E02F22.cnf.primal.hgr.random100	reduce9	13574	1301188	8.81	13450	70905	24.20	0	3.21779	21
sat14_E02F22.cnf.primal.hgr.random100	reduce10	13574	1301188	8.81	13450	70905	24.20	0	3.29864	21
sat14_E02F22.cnf.primal.hgr.random100	reduce11	13574	1301188	8.81	13570	1301059	8.81	0	2.12008	21
sat14_E02F22.cnf.primal.hgr.random100	reduce12	13574	1301188	8.81	13450	70905	24.20	0	3.27865	21
sat14_E02F22.cnf.primal.hgr.random100	reduce1	13574	1301188	8.81	13574	1301155	8.81	0	0.25003	203
sat14_E02F22.cnf.primal.hgr.random100	reduce13	13574	1301188	8.81	13450	70905	24.20	0	3.33552	21
sat14_E02F22.cnf.primal.hgr.random100	reduce2	13574	1301188	8.81	13574	1301155	8.81	0	0.23275	203
sat14_E02F22.cnf.primal.hgr.random100	reduce14	13574	1301188	8.81	13450	70905	24.20	0	3.52070	21
sat14_E02F22.cnf.primal.hgr.random100	reduce15	13574	1301188	8.81	13570	71023	24.17	0	3.22652	21
sat14_E02F22.cnf.primal.hgr.random100	reduce4	13574	1301188	8.81	13574	1301155	8.81	0	0.26588	203
sat14_E02F22.cnf.primal.hgr.random100	reduce5	13574	1301188	8.81	13570	1301059	8.81	0	0.25171	203
sat14_E02F22.cnf.primal.hgr.random100	reduce3	13574	1301188	8.81	13574	71027	24.17	0	3.08827	203
sat14_E02F22.cnf.primal.hgr.random100	reduce6	13574	1301188	8.81	13574	1301155	8.81	0	0.35570	203
sat14_atco_enc1_opt2_05_4.cnf.dual.hgr.random100	reduce12	386163	14636	112.93	126654	10519	42.66	1958	355.13561	1002
sat14_E02F22.cnf.primal.hgr.random100	reduce7	13574	1301188	8.81	13570	1301059	8.81	0	4.07580	203
sat14_E02F22.cnf.primal.hgr.random100	reduce8	13574	1301188	8.81	13450	70905	24.20	0	3.33438	203
sat14_E02F22.cnf.primal.hgr.random100	reduce9	13574	1301188	8.81	13450	70905	24.20	0	3.27574	203
sat14_E02F22.cnf.primal.hgr.random100	reduce11	13574	1301188	8.81	13570	1301059	8.81	0	2.08888	203
sat14_E02F22.cnf.primal.hgr.random100	reduce10	13574	1301188	8.81	13450	70905	24.20	0	3.39505	203
sat14_E02F22.cnf.primal.hgr.random100	reduce12	13574	1301188	8.81	13450	70905	24.20	0	3.27625	203
sat14_E02F22.cnf.primal.hgr.random100	reduce13	13574	1301188	8.81	13450	70905	24.20	0	3.28323	203
sat14_E02F22.cnf.primal.hgr.random100	reduce1	13574	1301188	8.81	13574	1301155	8.81	0	0.24871	1002
sat14_E02F22.cnf.primal.hgr.random100	reduce14	13574	1301188	8.81	13450	70905	24.20	0	3.48028	203
sat14_E02F22.cnf.primal.hgr.random100	reduce2	13574	1301188	8.81	13574	1301155	8.81	0	0.23335	1002
sat14_E02F22.cnf.primal.hgr.random100	reduce15	13574	1301188	8.81	13570	71023	24.17	0	3.15864	203
sat14_E02F22.cnf.primal.hgr.random100	reduce4	13574	1301188	8.81	13574	1301155	8.81	0	0.27191	1002
sat14_E02F22.cnf.primal.hgr.random100	reduce5	13574	1301188	8.81	13570	1301059	8.81	0	0.24196	1002
sat14_E02F22.cnf.primal.hgr.random100	reduce3	13574	1301188	8.81	13574	71027	24.17	0	3.09001	1002
sat14_E02F22.cnf.primal.hgr.random100	reduce6	13574	1301188	8.81	13574	1301155	8.81	0	0.35027	1002
sat14_E02F22.cnf.primal.hgr.random100	reduce7	13574	1301188	8.81	13570	1301059	8.81	0	4.19904	1002
sat14_E02F22.cnf.primal.hgr.random100	reduce8	13574	1301188	8.81	13450	70905	24.20	0	3.32215	1002
sat14_E02F22.cnf.primal.hgr.random100	reduce9	13574	1301188	8.81	13450	70905	24.20	0	3.26723	1002
sat14_E02F22.cnf.primal.hgr.random100	reduce11	13574	1301188	8.81	13570	1301059	8.81	0	2.11149	1002
sat14_E02F22.cnf.primal.hgr.random100	reduce10	13574	1301188	8.81	13450	70905	24.20	0	3.27788	1002
sat14_E02F22.cnf.primal.hgr.random100	reduce12	13574	1301188	8.81	13450	70905	24.20	0	3.35477	1002
sat14_manol-pipe-c10nid_i.cnf.primal.hgr.random100	reduce1	252516	750877	2.33	252516	750876	2.33	0	0.08696	1
sat14_E02F22.cnf.primal.hgr.random100	reduce13	13574	1301188	8.81	13450	70905	24.20	0	3.28820	1002
sat14_manol-pipe-c10nid_i.cnf.primal.hgr.random100	reduce2	252516	750877	2.33	252516	750876	2.33	0	0.08115	1
sat14_E02F22.cnf.primal.hgr.random100	reduce14	13574	1301188	8.81	13450	70905	24.20	0	3.60108	1002
sat14_manol-pipe-c10nid_i.cnf.primal.hgr.random100	reduce3	252516	750877	2.33	252516	250292	3.00	0	0.11156	1
sat14_E02F22.cnf.primal.hgr.random100	reduce15	13574	1301188	8.81	13570	71023	24.17	0	3.16709	1002
sat14_manol-pipe-c10nid_i.cnf.primal.hgr.random100	reduce4	252516	750877	2.33	252292	750318	2.33	107	0.16104	1
sat14_manol-pipe-c10nid_i.cnf.primal.hgr.random100	reduce5	252516	750877	2.33	219645	644547	2.28	53	0.24241	1
sat14_manol-pipe-c10nid_i.cnf.primal.hgr.random100	reduce6	252516	750877	2.33	252516	750876	2.33	0	0.18647	1
sat14_manol-pipe-c10nid_i.cnf.primal.hgr.random100	reduce8	252516	750877	2.33	127694	131084	2.54	38295	2.89089	1
sat14_manol-pipe-c10nid_i.cnf.primal.hgr.random100	reduce9	252516	750877	2.33	127694	131084	2.54	38295	2.87800	1
sat14_manol-pipe-c10nid_i.cnf.primal.hgr.random100	reduce7	252516	750877	2.33	199485	482081	2.26	0	5.27480	1
sat14_manol-pipe-c10nid_i.cnf.primal.hgr.random100	reduce10	252516	750877	2.33	130040	133224	2.54	37321	2.90526	1
sat14_manol-pipe-c10nid_i.cnf.primal.hgr.random100	reduce11	252516	750877	2.33	129472	335229	2.22	37513	2.97405	1
sat14_manol-pipe-c10nid_i.cnf.primal.hgr.random100	reduce12	252516	750877	2.33	127705	131096	2.54	38289	2.82629	1
sat14_manol-pipe-c10nid_i.cnf.primal.hgr.random100	reduce13	252516	750877	2.33	132193	135130	2.55	36335	2.88594	1
sat14_manol-pipe-c10nid_i.cnf.primal.hgr.random100	reduce15	252516	750877	2.33	215878	214207	2.77	1551	0.40829	1
sat14_manol-pipe-c10nid_i.cnf.primal.hgr.random100	reduce14	252516	750877	2.33	127915	131336	2.54	38188	2.83400	1
sat14_manol-pipe-c10nid_i.cnf.primal.hgr.random100	reduce1	252516	750877	2.33	252516	750876	2.33	0	0.09047	21
sat14_manol-pipe-c10nid_i.cnf.primal.hgr.random100	reduce2	252516	750877	2.33	252516	750876	2.33	0	0.08378	21
sat14_manol-pipe-c10nid_i.cnf.primal.hgr.random100	reduce3	252516	750877	2.33	252516	250292	3.00	0	0.11137	21
sat14_manol-pipe-c10nid_i.cnf.primal.hgr.random100	reduce4	252516	750877	2.33	252292	750318	2.33	107	0.15863	21
sat14_manol-pipe-c10nid_i.cnf.primal.hgr.random100	reduce5	252516	750877	2.33	219645	644547	2.28	53	0.23657	21
sat14_manol-pipe-c10nid_i.cnf.primal.hgr.random100	reduce6	252516	750877	2.33	252516	750876	2.33	0	0.18010	21
sat14_manol-pipe-c10nid_i.cnf.primal.hgr.random100	reduce8	252516	750877	2.33	127694	131084	2.54	38295	2.86817	21
sat14_manol-pipe-c10nid_i.cnf.primal.hgr.random100	reduce9	252516	750877	2.33	127694	131084	2.54	38295	2.86863	21
sat14_manol-pipe-c10nid_i.cnf.primal.hgr.random100	reduce7	252516	750877	2.33	199485	482081	2.26	0	5.25081	21
sat14_manol-pipe-c10nid_i.cnf.primal.hgr.random100	reduce10	252516	750877	2.33	130040	133224	2.54	37321	2.90031	21
sat14_manol-pipe-c10nid_i.cnf.primal.hgr.random100	reduce11	252516	750877	2.33	129472	335229	2.22	37513	2.99839	21
sat14_manol-pipe-c10nid_i.cnf.primal.hgr.random100	reduce12	252516	750877	2.33	127705	131096	2.54	38289	2.84532	21
sat14_manol-pipe-c10nid_i.cnf.primal.hgr.random100	reduce15	252516	750877	2.33	215878	214207	2.77	1551	0.41318	21
sat14_manol-pipe-c10nid_i.cnf.primal.hgr.random100	reduce13	252516	750877	2.33	132193	135130	2.55	36335	2.88457	21
sat14_manol-pipe-c10nid_i.cnf.primal.hgr.random100	reduce1	252516	750877	2.33	252516	750876	2.33	0	0.08826	203
sat14_manol-pipe-c10nid_i.cnf.primal.hgr.random100	reduce14	252516	750877	2.33	127915	131336	2.54	38188	2.84919	21
sat14_manol-pipe-c10nid_i.cnf.primal.hgr.random100	reduce2	252516	750877	2.33	252516	750876	2.33	0	0.08214	203
sat14_manol-pipe-c10nid_i.cnf.primal.hgr.random100	reduce3	252516	750877	2.33	252516	250292	3.00	0	0.11348	203
sat14_manol-pipe-c10nid_i.cnf.primal.hgr.random100	reduce4	252516	750877	2.33	252292	750318	2.33	107	0.16011	203
sat14_manol-pipe-c10nid_i.cnf.primal.hgr.random100	reduce5	252516	750877	2.33	219645	644547	2.28	53	0.23988	203
sat14_manol-pipe-c10nid_i.cnf.primal.hgr.random100	reduce6	252516	750877	2.33	252516	750876	2.33	0	0.18413	203
sat14_manol-pipe-c10nid_i.cnf.primal.hgr.random100	reduce8	252516	750877	2.33	127694	131084	2.54	38295	2.87243	203
sat14_manol-pipe-c10nid_i.cnf.primal.hgr.random100	reduce9	252516	750877	2.33	127694	131084	2.54	38295	2.88125	203
sat14_manol-pipe-c10nid_i.cnf.primal.hgr.random100	reduce7	252516	750877	2.33	199485	482081	2.26	0	5.26805	203
sat14_manol-pipe-c10nid_i.cnf.primal.hgr.random100	reduce10	252516	750877	2.33	130040	133224	2.54	37321	2.90139	203
sat14_manol-pipe-c10nid_i.cnf.primal.hgr.random100	reduce11	252516	750877	2.33	129472	335229	2.22	37513	2.99829	203
sat14_manol-pipe-c10nid_i.cnf.primal.hgr.random100	reduce12	252516	750877	2.33	127705	131096	2.54	38289	2.85069	203
sat14_manol-pipe-c10nid_i.cnf.primal.hgr.random100	reduce13	252516	750877	2.33	132193	135130	2.55	36335	2.88612	203
sat14_manol-pipe-c10nid_i.cnf.primal.hgr.random100	reduce15	252516	750877	2.33	215878	214207	2.77	1551	0.41489	203
sat14_manol-pipe-c10nid_i.cnf.primal.hgr.random100	reduce14	252516	750877	2.33	127915	131336	2.54	38188	2.84771	203
sat14_manol-pipe-c10nid_i.cnf.primal.hgr.random100	reduce1	252516	750877	2.33	252516	750876	2.33	0	0.08684	1002
sat14_manol-pipe-c10nid_i.cnf.primal.hgr.random100	reduce2	252516	750877	2.33	252516	750876	2.33	0	0.08337	1002
sat14_manol-pipe-c10nid_i.cnf.primal.hgr.random100	reduce3	252516	750877	2.33	252516	250292	3.00	0	0.11366	1002
sat14_manol-pipe-c10nid_i.cnf.primal.hgr.random100	reduce4	252516	750877	2.33	252292	750318	2.33	107	0.16298	1002
sat14_manol-pipe-c10nid_i.cnf.primal.hgr.random100	reduce5	252516	750877	2.33	219645	644547	2.28	53	0.24008	1002
sat14_manol-pipe-c10nid_i.cnf.primal.hgr.random100	reduce6	252516	750877	2.33	252516	750876	2.33	0	0.18766	1002
sat14_manol-pipe-c10nid_i.cnf.primal.hgr.random100	reduce8	252516	750877	2.33	127694	131084	2.54	38295	2.89589	1002
sat14_manol-pipe-c10nid_i.cnf.primal.hgr.random100	reduce9	252516	750877	2.33	127694	131084	2.54	38295	2.87934	1002
sat14_manol-pipe-c10nid_i.cnf.primal.hgr.random100	reduce7	252516	750877	2.33	199485	482081	2.26	0	5.25035	1002
sat14_manol-pipe-c10nid_i.cnf.primal.hgr.random100	reduce10	252516	750877	2.33	130040	133224	2.54	37321	2.91092	1002
sat14_manol-pipe-c10nid_i.cnf.primal.hgr.random100	reduce11	252516	750877	2.33	129472	335229	2.22	37513	2.97770	1002
sat14_manol-pipe-c10nid_i.cnf.primal.hgr.random100	reduce12	252516	750877	2.33	127705	131096	2.54	38289	2.82869	1002
sat14_manol-pipe-c10nid_i.cnf.primal.hgr.random100	reduce15	252516	750877	2.33	215878	214207	2.77	1551	0.41011	1002
sat14_manol-pipe-c10nid_i.cnf.primal.hgr.random100	reduce13	252516	750877	2.33	132193	135130	2.55	36335	2.88024	1002
sat14_manol-pipe-c10nidw.cnf.dual.hgr.random100	reduce1	1291714	433601	6.95	1291714	433601	6.95	0	0.17977	1
sat14_manol-pipe-c10nid_i.cnf.primal.hgr.random100	reduce14	252516	750877	2.33	127915	131336	2.54	38188	2.84384	1002
sat14_manol-pipe-c10nidw.cnf.dual.hgr.random100	reduce2	1291714	433601	6.95	1291710	433600	6.95	1	0.19074	1
sat14_manol-pipe-c10nidw.cnf.dual.hgr.random100	reduce3	1291714	433601	6.95	1291714	433449	6.95	0	0.28624	1
sat14_manol-pipe-c10nidw.cnf.dual.hgr.random100	reduce4	1291714	433601	6.95	860684	433296	3.97	153	0.83993	1
sat14_manol-pipe-c10nidw.cnf.dual.hgr.random100	reduce6	1291714	433601	6.95	1291710	433600	6.95	1	7.95227	1
sat14_manol-pipe-c10nidw.cnf.dual.hgr.random100	reduce1	1291714	433601	6.95	1291714	433601	6.95	0	0.17601	21
sat14_manol-pipe-c10nidw.cnf.dual.hgr.random100	reduce2	1291714	433601	6.95	1291710	433600	6.95	1	0.18676	21
sat14_manol-pipe-c10nidw.cnf.dual.hgr.random100	reduce3	1291714	433601	6.95	1291714	433449	6.95	0	0.28781	21
sat14_manol-pipe-c10nidw.cnf.dual.hgr.random100	reduce4	1291714	433601	6.95	860684	433296	3.97	153	0.84534	21
sat14_manol-pipe-c10nidw.cnf.dual.hgr.random100	reduce15	1291714	433601	6.95	860684	433296	3.97	153	8.73024	1
sat14_manol-pipe-c10nidw.cnf.dual.hgr.random100	reduce6	1291714	433601	6.95	1291710	433600	6.95	1	7.37843	21
sat14_manol-pipe-c10nidw.cnf.dual.hgr.random100	reduce5	1291714	433601	6.95	860693	433297	3.97	152	25.99281	1
sat14_manol-pipe-c10nidw.cnf.dual.hgr.random100	reduce5	1291714	433601	6.95	860693	433297	3.97	152	26.55333	21
sat14_manol-pipe-c10nidw.cnf.dual.hgr.random100	reduce13	1291714	433601	6.95	860669	433296	3.97	153	58.61941	1
sat14_manol-pipe-c10nidw.cnf.dual.hgr.random100	reduce8	1291714	433601	6.95	860669	433296	3.97	153	64.27744	1
sat14_manol-pipe-c10nidw.cnf.dual.hgr.random100	reduce9	1291714	433601	6.95	860669	433296	3.97	153	63.97393	1
sat14_manol-pipe-c10nidw.cnf.dual.hgr.random100	reduce10	1291714	433601	6.95	860669	433296	3.97	153	64.23296	1
sat14_manol-pipe-c10nidw.cnf.dual.hgr.random100	reduce1	1291714	433601	6.95	1291714	433601	6.95	0	0.17804	203
sat14_manol-pipe-c10nidw.cnf.dual.hgr.random100	reduce11	1291714	433601	6.95	860669	433296	3.97	153	63.72311	1
sat14_manol-pipe-c10nidw.cnf.dual.hgr.random100	reduce2	1291714	433601	6.95	1291710	433600	6.95	1	0.19442	203
sat14_manol-pipe-c10nidw.cnf.dual.hgr.random100	reduce3	1291714	433601	6.95	1291714	433449	6.95	0	0.28537	203
sat14_manol-pipe-c10nidw.cnf.dual.hgr.random100	reduce14	1291714	433601	6.95	860669	433296	3.97	153	63.00281	1
sat14_manol-pipe-c10nidw.cnf.dual.hgr.random100	reduce4	1291714	433601	6.95	860684	433296	3.97	153	0.83502	203
sat14_manol-pipe-c10nidw.cnf.dual.hgr.random100	reduce15	1291714	433601	6.95	860684	433296	3.97	153	8.95083	21
sat14_manol-pipe-c10nidw.cnf.dual.hgr.random100	reduce6	1291714	433601	6.95	1291710	433600	6.95	1	7.61576	203
sat14_manol-pipe-c10nidw.cnf.dual.hgr.random100	reduce8	1291714	433601	6.95	860669	433296	3.97	153	63.86220	21
sat14_manol-pipe-c10nidw.cnf.dual.hgr.random100	reduce9	1291714	433601	6.95	860669	433296	3.97	153	63.50976	21
sat14_manol-pipe-c10nidw.cnf.dual.hgr.random100	reduce13	1291714	433601	6.95	860669	433296	3.97	153	58.87899	21
sat14_manol-pipe-c10nidw.cnf.dual.hgr.random100	reduce10	1291714	433601	6.95	860669	433296	3.97	153	64.09208	21
sat14_manol-pipe-c10nidw.cnf.dual.hgr.random100	reduce11	1291714	433601	6.95	860669	433296	3.97	153	64.73190	21
sat14_manol-pipe-c10nidw.cnf.dual.hgr.random100	reduce1	1291714	433601	6.95	1291714	433601	6.95	0	0.17515	1002
sat14_manol-pipe-c10nidw.cnf.dual.hgr.random100	reduce2	1291714	433601	6.95	1291710	433600	6.95	1	0.18808	1002
sat14_manol-pipe-c10nidw.cnf.dual.hgr.random100	reduce3	1291714	433601	6.95	1291714	433449	6.95	0	0.28561	1002
sat14_manol-pipe-c10nidw.cnf.dual.hgr.random100	reduce4	1291714	433601	6.95	860684	433296	3.97	153	0.85071	1002
sat14_manol-pipe-c10nidw.cnf.dual.hgr.random100	reduce15	1291714	433601	6.95	860684	433296	3.97	153	9.11360	203
sat14_manol-pipe-c10nidw.cnf.dual.hgr.random100	reduce5	1291714	433601	6.95	860693	433297	3.97	152	26.26190	203
sat14_manol-pipe-c10nidw.cnf.dual.hgr.random100	reduce6	1291714	433601	6.95	1291710	433600	6.95	1	8.08175	1002
sat14_manol-pipe-c10nidw.cnf.dual.hgr.random100	reduce14	1291714	433601	6.95	860669	433296	3.97	153	63.06322	21
sat14_manol-pipe-c10nidw.cnf.dual.hgr.random100	reduce12	1291714	433601	6.95	860669	433296	3.97	153	106.87442	1
sat14_manol-pipe-c10nidw.cnf.dual.hgr.random100	reduce5	1291714	433601	6.95	860693	433297	3.97	152	26.32640	1002
sat14_manol-pipe-c10nidw.cnf.dual.hgr.random100	reduce12	1291714	433601	6.95	860669	433296	3.97	153	105.85361	21
sat14_manol-pipe-c10nidw.cnf.dual.hgr.random100	reduce8	1291714	433601	6.95	860669	433296	3.97	153	63.81115	203
sat14_manol-pipe-c10nidw.cnf.dual.hgr.random100	reduce9	1291714	433601	6.95	860669	433296	3.97	153	64.14802	203
sat14_manol-pipe-c10nidw.cnf.dual.hgr.random100	reduce7	1291714	433601	6.95	860822	433296	3.97	0	140.76764	1
sat14_manol-pipe-c10nidw.cnf.dual.hgr.random100	reduce10	1291714	433601	6.95	860669	433296	3.97	153	63.82473	203
sat14_manol-pipe-c10nidw.cnf.dual.hgr.random100	reduce13	1291714	433601	6.95	860669	433296	3.97	153	59.87616	203
sat14_MD5-30-5.cnf.dual.hgr.random100	reduce1	68103	8905	29.88	68103	8905	29.88	0	0.00860	1
sat14_MD5-30-5.cnf.dual.hgr.random100	reduce2	68103	8905	29.88	67584	8894	29.65	11	0.01092	1
sat14_manol-pipe-c10nidw.cnf.dual.hgr.random100	reduce11	1291714	433601	6.95	860669	433296	3.97	153	64.03384	203
sat14_MD5-30-5.cnf.dual.hgr.random100	reduce3	68103	8905	29.88	68103	8903	29.89	0	0.01118	1
sat14_MD5-30-5.cnf.dual.hgr.random100	reduce4	68103	8905	29.88	19842	8881	7.68	11	0.05661	1
sat14_manol-pipe-c10nidw.cnf.dual.hgr.random100	reduce14	1291714	433601	6.95	860669	433296	3.97	153	62.79605	203
sat14_MD5-30-5.cnf.dual.hgr.random100	reduce5	68103	8905	29.88	16097	8886	5.70	4	0.41321	1
sat14_MD5-30-5.cnf.dual.hgr.random100	reduce6	68103	8905	29.88	67584	8894	29.65	11	0.29624	1
sat14_MD5-30-5.cnf.dual.hgr.random100	reduce7	68103	8905	29.88	12901	8812	4.41	0	0.48675	1
sat14_MD5-30-5.cnf.dual.hgr.random100	reduce8	68103	8905	29.88	12890	8812	4.41	11	0.16403	1
sat14_MD5-30-5.cnf.dual.hgr.random100	reduce9	68103	8905	29.88	12890	8812	4.41	11	0.15873	1
sat14_manol-pipe-c10nidw.cnf.dual.hgr.random100	reduce15	1291714	433601	6.95	860684	433296	3.97	153	8.91830	1002
sat14_MD5-30-5.cnf.dual.hgr.random100	reduce10	68103	8905	29.88	12890	8812	4.41	11	0.17011	1
sat14_MD5-30-5.cnf.dual.hgr.random100	reduce11	68103	8905	29.88	12890	8812	4.41	11	0.15528	1
sat14_MD5-30-5.cnf.dual.hgr.random100	reduce12	68103	8905	29.88	12890	8812	4.41	11	0.48194	1
sat14_manol-pipe-c10nidw.cnf.dual.hgr.random100	reduce7	1291714	433601	6.95	860822	433296	3.97	0	139.88969	21
sat14_MD5-30-5.cnf.dual.hgr.random100	reduce13	68103	8905	29.88	12890	8812	4.41	11	0.14445	1
sat14_MD5-30-5.cnf.dual.hgr.random100	reduce14	68103	8905	29.88	12890	8812	4.41	11	0.14614	1
sat14_MD5-30-5.cnf.dual.hgr.random100	reduce15	68103	8905	29.88	16083	8879	5.70	11	0.12553	1
sat14_MD5-30-5.cnf.dual.hgr.random100	reduce1	68103	8905	29.88	68103	8905	29.88	0	0.00976	21
sat14_MD5-30-5.cnf.dual.hgr.random100	reduce2	68103	8905	29.88	67584	8894	29.65	11	0.00948	21
sat14_MD5-30-5.cnf.dual.hgr.random100	reduce3	68103	8905	29.88	68103	8903	29.89	0	0.01174	21
sat14_MD5-30-5.cnf.dual.hgr.random100	reduce4	68103	8905	29.88	19842	8881	7.68	11	0.05519	21
sat14_MD5-30-5.cnf.dual.hgr.random100	reduce5	68103	8905	29.88	16097	8886	5.70	4	0.41318	21
sat14_MD5-30-5.cnf.dual.hgr.random100	reduce6	68103	8905	29.88	67584	8894	29.65	11	0.30782	21
sat14_MD5-30-5.cnf.dual.hgr.random100	reduce7	68103	8905	29.88	12901	8812	4.41	0	0.48859	21
sat14_manol-pipe-c10nidw.cnf.dual.hgr.random100	reduce8	1291714	433601	6.95	860669	433296	3.97	153	63.62648	1002
sat14_MD5-30-5.cnf.dual.hgr.random100	reduce8	68103	8905	29.88	12890	8812	4.41	11	0.16606	21
sat14_MD5-30-5.cnf.dual.hgr.random100	reduce9	68103	8905	29.88	12890	8812	4.41	11	0.15560	21
sat14_MD5-30-5.cnf.dual.hgr.random100	reduce10	68103	8905	29.88	12890	8812	4.41	11	0.16439	21
sat14_manol-pipe-c10nidw.cnf.dual.hgr.random100	reduce9	1291714	433601	6.95	860669	433296	3.97	153	63.84615	1002
sat14_MD5-30-5.cnf.dual.hgr.random100	reduce11	68103	8905	29.88	12890	8812	4.41	11	0.15349	21
sat14_MD5-30-5.cnf.dual.hgr.random100	reduce12	68103	8905	29.88	12890	8812	4.41	11	0.47513	21
sat14_MD5-30-5.cnf.dual.hgr.random100	reduce13	68103	8905	29.88	12890	8812	4.41	11	0.14975	21
sat14_MD5-30-5.cnf.dual.hgr.random100	reduce14	68103	8905	29.88	12890	8812	4.41	11	0.14419	21
sat14_MD5-30-5.cnf.dual.hgr.random100	reduce15	68103	8905	29.88	16083	8879	5.70	11	0.12678	21
sat14_MD5-30-5.cnf.dual.hgr.random100	reduce1	68103	8905	29.88	68103	8905	29.88	0	0.00891	203
sat14_manol-pipe-c10nidw.cnf.dual.hgr.random100	reduce10	1291714	433601	6.95	860669	433296	3.97	153	63.80892	1002
sat14_MD5-30-5.cnf.dual.hgr.random100	reduce2	68103	8905	29.88	67584	8894	29.65	11	0.01065	203
sat14_MD5-30-5.cnf.dual.hgr.random100	reduce3	68103	8905	29.88	68103	8903	29.89	0	0.01143	203
sat14_MD5-30-5.cnf.dual.hgr.random100	reduce4	68103	8905	29.88	19842	8881	7.68	11	0.05563	203
sat14_MD5-30-5.cnf.dual.hgr.random100	reduce5	68103	8905	29.88	16097	8886	5.70	4	0.40835	203
sat14_MD5-30-5.cnf.dual.hgr.random100	reduce6	68103	8905	29.88	67584	8894	29.65	11	0.29696	203
sat14_manol-pipe-c10nidw.cnf.dual.hgr.random100	reduce11	1291714	433601	6.95	860669	433296	3.97	153	63.58300	1002
sat14_MD5-30-5.cnf.dual.hgr.random100	reduce7	68103	8905	29.88	12901	8812	4.41	0	0.48491	203
sat14_MD5-30-5.cnf.dual.hgr.random100	reduce8	68103	8905	29.88	12890	8812	4.41	11	0.16447	203
sat14_MD5-30-5.cnf.dual.hgr.random100	reduce9	68103	8905	29.88	12890	8812	4.41	11	0.15730	203
sat14_MD5-30-5.cnf.dual.hgr.random100	reduce10	68103	8905	29.88	12890	8812	4.41	11	0.15974	203
sat14_MD5-30-5.cnf.dual.hgr.random100	reduce11	68103	8905	29.88	12890	8812	4.41	11	0.15451	203
sat14_manol-pipe-c10nidw.cnf.dual.hgr.random100	reduce12	1291714	433601	6.95	860669	433296	3.97	153	106.11236	203
sat14_MD5-30-5.cnf.dual.hgr.random100	reduce12	68103	8905	29.88	12890	8812	4.41	11	0.48022	203
sat14_MD5-30-5.cnf.dual.hgr.random100	reduce13	68103	8905	29.88	12890	8812	4.41	11	0.14438	203
sat14_MD5-30-5.cnf.dual.hgr.random100	reduce14	68103	8905	29.88	12890	8812	4.41	11	0.15025	203
sat14_MD5-30-5.cnf.dual.hgr.random100	reduce15	68103	8905	29.88	16083	8879	5.70	11	0.12660	203
sat14_MD5-30-5.cnf.dual.hgr.random100	reduce1	68103	8905	29.88	68103	8905	29.88	0	0.01069	1002
sat14_MD5-30-5.cnf.dual.hgr.random100	reduce2	68103	8905	29.88	67584	8894	29.65	11	0.01111	1002
sat14_MD5-30-5.cnf.dual.hgr.random100	reduce3	68103	8905	29.88	68103	8903	29.89	0	0.01151	1002
sat14_MD5-30-5.cnf.dual.hgr.random100	reduce4	68103	8905	29.88	19842	8881	7.68	11	0.05595	1002
sat14_manol-pipe-c10nidw.cnf.dual.hgr.random100	reduce13	1291714	433601	6.95	860669	433296	3.97	153	58.15910	1002
sat14_MD5-30-5.cnf.dual.hgr.random100	reduce5	68103	8905	29.88	16097	8886	5.70	4	0.41346	1002
sat14_MD5-30-5.cnf.dual.hgr.random100	reduce6	68103	8905	29.88	67584	8894	29.65	11	0.30862	1002
sat14_MD5-30-5.cnf.dual.hgr.random100	reduce7	68103	8905	29.88	12901	8812	4.41	0	0.48514	1002
sat14_MD5-30-5.cnf.dual.hgr.random100	reduce8	68103	8905	29.88	12890	8812	4.41	11	0.16353	1002
sat14_MD5-30-5.cnf.dual.hgr.random100	reduce9	68103	8905	29.88	12890	8812	4.41	11	0.15624	1002
sat14_MD5-30-5.cnf.dual.hgr.random100	reduce10	68103	8905	29.88	12890	8812	4.41	11	0.16880	1002
sat14_manol-pipe-c10nidw.cnf.dual.hgr.random100	reduce14	1291714	433601	6.95	860669	433296	3.97	153	63.24820	1002
sat14_MD5-30-5.cnf.dual.hgr.random100	reduce11	68103	8905	29.88	12890	8812	4.41	11	0.15331	1002
sat14_MD5-30-5.cnf.dual.hgr.random100	reduce12	68103	8905	29.88	12890	8812	4.41	11	0.47808	1002
sat14_MD5-30-5.cnf.dual.hgr.random100	reduce13	68103	8905	29.88	12890	8812	4.41	11	0.14885	1002
sat14_MD5-30-5.cnf.dual.hgr.random100	reduce14	68103	8905	29.88	12890	8812	4.41	11	0.14994	1002
sat14_MD5-30-5.cnf.dual.hgr.random100	reduce15	68103	8905	29.88	16083	8879	5.70	11	0.12767	1002
sat14_openstacks-p30_3.085-SAT.cnf.hgr.random100	reduce1	643132	1643601	2.38	643132	1643390	2.38	0	0.20811	1
sat14_openstacks-p30_3.085-SAT.cnf.hgr.random100	reduce2	643132	1643601	2.38	640159	1640679	2.37	121	0.19771	1
sat14_openstacks-p30_3.085-SAT.cnf.hgr.random100	reduce3	643132	1643601	2.38	643132	1643390	2.38	0	0.42530	1
sat14_openstacks-p30_3.085-SAT.cnf.hgr.random100	reduce4	643132	1643601	2.38	564559	1640679	2.19	121	0.44228	1
sat14_manol-pipe-c10nidw.cnf.dual.hgr.random100	reduce7	1291714	433601	6.95	860822	433296	3.97	0	140.44771	203
sat14_openstacks-p30_3.085-SAT.cnf.hgr.random100	reduce5	643132	1643601	2.38	378410	282008	2.60	90	1.36663	1
sat14_openstacks-p30_3.085-SAT.cnf.hgr.random100	reduce6	643132	1643601	2.38	640159	1640679	2.37	121	0.95548	1
sat14_openstacks-p30_3.085-SAT.cnf.hgr.random100	reduce15	643132	1643601	2.38	68056	84641	3.90	154653	1.18974	1
sat14_openstacks-p30_3.085-SAT.cnf.hgr.random100	reduce1	643132	1643601	2.38	643132	1643390	2.38	0	0.20037	21
sat14_openstacks-p30_3.085-SAT.cnf.hgr.random100	reduce2	643132	1643601	2.38	640159	1640679	2.37	121	0.19091	21
sat14_openstacks-p30_3.085-SAT.cnf.hgr.random100	reduce8	643132	1643601	2.38	67834	83836	3.92	154727	11.08792	1
sat14_openstacks-p30_3.085-SAT.cnf.hgr.random100	reduce3	643132	1643601	2.38	643132	1643390	2.38	0	0.42229	21
sat14_openstacks-p30_3.085-SAT.cnf.hgr.random100	reduce7	643132	1643601	2.38	222576	83881	3.92	0	13.65602	1
sat14_openstacks-p30_3.085-SAT.cnf.hgr.random100	reduce9	643132	1643601	2.38	67834	83836	3.92	154727	11.08712	1
sat14_openstacks-p30_3.085-SAT.cnf.hgr.random100	reduce4	643132	1643601	2.38	564559	1640679	2.19	121	0.44073	21
sat14_openstacks-p30_3.085-SAT.cnf.hgr.random100	reduce10	643132	1643601	2.38	67834	83836	3.92	154727	11.16569	1
sat14_openstacks-p30_3.085-SAT.cnf.hgr.random100	reduce11	643132	1643601	2.38	67834	83836	3.92	154727	10.95800	1
sat14_openstacks-p30_3.085-SAT.cnf.hgr.random100	reduce13	643132	1643601	2.38	67834	83836	3.92	154727	8.99067	1
sat14_openstacks-p30_3.085-SAT.cnf.hgr.random100	reduce5	643132	1643601	2.38	378410	282008	2.60	90	1.36516	21
sat14_openstacks-p30_3.085-SAT.cnf.hgr.random100	reduce6	643132	1643601	2.38	640159	1640679	2.37	121	0.97953	21
sat14_openstacks-p30_3.085-SAT.cnf.hgr.random100	reduce12	643132	1643601	2.38	67834	83836	3.92	154727	11.36319	1
sat14_openstacks-p30_3.085-SAT.cnf.hgr.random100	reduce14	643132	1643601	2.38	67834	83836	3.92	154727	10.94736	1
sat14_manol-pipe-c10nidw.cnf.dual.hgr.random100	reduce12	1291714	433601	6.95	860669	433296	3.97	153	106.15102	1002
sat14_manol-pipe-c10nidw.cnf.dual.hgr.random100	reduce7	1291714	433601	6.95	860822	433296	3.97	0	137.68533	1002
sat14_openstacks-p30_3.085-SAT.cnf.hgr.random100	reduce15	643132	1643601	2.38	68056	84641	3.90	154653	1.20116	21
sat14_openstacks-p30_3.085-SAT.cnf.hgr.random100	reduce1	643132	1643601	2.38	643132	1643390	2.38	0	0.20252	203
sat14_openstacks-p30_3.085-SAT.cnf.hgr.random100	reduce2	643132	1643601	2.38	640159	1640679	2.37	121	0.19511	203
sat14_openstacks-p30_3.085-SAT.cnf.hgr.random100	reduce8	643132	1643601	2.38	67834	83836	3.92	154727	11.05097	21
sat14_openstacks-p30_3.085-SAT.cnf.hgr.random100	reduce3	643132	1643601	2.38	643132	1643390	2.38	0	0.42646	203
sat14_openstacks-p30_3.085-SAT.cnf.hgr.random100	reduce9	643132	1643601	2.38	67834	83836	3.92	154727	11.03765	21
sat14_openstacks-p30_3.085-SAT.cnf.hgr.random100	reduce4	643132	1643601	2.38	564559	1640679	2.19	121	0.44363	203
sat14_openstacks-p30_3.085-SAT.cnf.hgr.random100	reduce7	643132	1643601	2.38	222576	83881	3.92	0	13.61119	21
sat14_openstacks-p30_3.085-SAT.cnf.hgr.random100	reduce10	643132	1643601	2.38	67834	83836	3.92	154727	11.18650	21
sat14_openstacks-p30_3.085-SAT.cnf.hgr.random100	reduce11	643132	1643601	2.38	67834	83836	3.92	154727	10.88150	21
sat14_openstacks-p30_3.085-SAT.cnf.hgr.random100	reduce13	643132	1643601	2.38	67834	83836	3.92	154727	9.03903	21
sat14_openstacks-p30_3.085-SAT.cnf.hgr.random100	reduce5	643132	1643601	2.38	378410	282008	2.60	90	1.37138	203
sat14_openstacks-p30_3.085-SAT.cnf.hgr.random100	reduce6	643132	1643601	2.38	640159	1640679	2.37	121	0.96469	203
sat14_openstacks-p30_3.085-SAT.cnf.hgr.random100	reduce12	643132	1643601	2.38	67834	83836	3.92	154727	11.35818	21
sat14_openstacks-p30_3.085-SAT.cnf.hgr.random100	reduce14	643132	1643601	2.38	67834	83836	3.92	154727	11.00336	21
sat14_openstacks-p30_3.085-SAT.cnf.hgr.random100	reduce15	643132	1643601	2.38	68056	84641	3.90	154653	1.19151	203
sat14_openstacks-p30_3.085-SAT.cnf.hgr.random100	reduce1	643132	1643601	2.38	643132	1643390	2.38	0	0.20207	1002
sat14_openstacks-p30_3.085-SAT.cnf.hgr.random100	reduce2	643132	1643601	2.38	640159	1640679	2.37	121	0.19293	1002
sat14_openstacks-p30_3.085-SAT.cnf.hgr.random100	reduce8	643132	1643601	2.38	67834	83836	3.92	154727	11.09833	203
sat14_openstacks-p30_3.085-SAT.cnf.hgr.random100	reduce3	643132	1643601	2.38	643132	1643390	2.38	0	0.42428	1002
sat14_openstacks-p30_3.085-SAT.cnf.hgr.random100	reduce7	643132	1643601	2.38	222576	83881	3.92	0	13.77237	203
sat14_openstacks-p30_3.085-SAT.cnf.hgr.random100	reduce9	643132	1643601	2.38	67834	83836	3.92	154727	11.05791	203
sat14_openstacks-p30_3.085-SAT.cnf.hgr.random100	reduce4	643132	1643601	2.38	564559	1640679	2.19	121	0.43966	1002
sat14_openstacks-p30_3.085-SAT.cnf.hgr.random100	reduce10	643132	1643601	2.38	67834	83836	3.92	154727	11.15361	203
sat14_openstacks-p30_3.085-SAT.cnf.hgr.random100	reduce11	643132	1643601	2.38	67834	83836	3.92	154727	10.93272	203
sat14_openstacks-p30_3.085-SAT.cnf.hgr.random100	reduce13	643132	1643601	2.38	67834	83836	3.92	154727	9.05431	203
sat14_openstacks-p30_3.085-SAT.cnf.hgr.random100	reduce5	643132	1643601	2.38	378410	282008	2.60	90	1.35756	1002
sat14_openstacks-p30_3.085-SAT.cnf.hgr.random100	reduce6	643132	1643601	2.38	640159	1640679	2.37	121	0.98248	1002
sat14_openstacks-p30_3.085-SAT.cnf.hgr.random100	reduce12	643132	1643601	2.38	67834	83836	3.92	154727	11.39797	203
sat14_openstacks-p30_3.085-SAT.cnf.hgr.random100	reduce14	643132	1643601	2.38	67834	83836	3.92	154727	10.92412	203
sat14_openstacks-p30_3.085-SAT.cnf.hgr.random100	reduce15	643132	1643601	2.38	68056	84641	3.90	154653	1.17606	1002
sat14_post-cbmc-aes-d-r2-noholes.cnf.dual.hgr.random100	reduce1	1607567	276895	15.61	1607567	276696	15.62	0	0.22038	1
sat14_post-cbmc-aes-d-r2-noholes.cnf.dual.hgr.random100	reduce2	1607567	276895	15.61	1388011	222736	17.26	45487	0.25159	1
sat14_openstacks-p30_3.085-SAT.cnf.hgr.random100	reduce8	643132	1643601	2.38	67834	83836	3.92	154727	11.01851	1002
sat14_post-cbmc-aes-d-r2-noholes.cnf.dual.hgr.random100	reduce3	1607567	276895	15.61	1607567	275910	15.65	0	0.33449	1
sat14_openstacks-p30_3.085-SAT.cnf.hgr.random100	reduce9	643132	1643601	2.38	67834	83836	3.92	154727	11.08524	1002
sat14_openstacks-p30_3.085-SAT.cnf.hgr.random100	reduce7	643132	1643601	2.38	222576	83881	3.92	0	13.70040	1002
sat14_openstacks-p30_3.085-SAT.cnf.hgr.random100	reduce10	643132	1643601	2.38	67834	83836	3.92	154727	11.17856	1002
sat14_openstacks-p30_3.085-SAT.cnf.hgr.random100	reduce11	643132	1643601	2.38	67834	83836	3.92	154727	10.94180	1002
sat14_openstacks-p30_3.085-SAT.cnf.hgr.random100	reduce13	643132	1643601	2.38	67834	83836	3.92	154727	9.00039	1002
sat14_post-cbmc-aes-d-r2-noholes.cnf.dual.hgr.random100	reduce4	1607567	276895	15.61	1051239	205632	10.42	49352	2.72506	1
sat14_openstacks-p30_3.085-SAT.cnf.hgr.random100	reduce12	643132	1643601	2.38	67834	83836	3.92	154727	11.46409	1002
sat14_openstacks-p30_3.085-SAT.cnf.hgr.random100	reduce14	643132	1643601	2.38	67834	83836	3.92	154727	10.93721	1002
sat14_post-cbmc-aes-d-r2-noholes.cnf.dual.hgr.random100	reduce1	1607567	276895	15.61	1607567	276696	15.62	0	0.21482	21
sat14_post-cbmc-aes-d-r2-noholes.cnf.dual.hgr.random100	reduce2	1607567	276895	15.61	1388011	222736	17.26	45487	0.24885	21
sat14_post-cbmc-aes-d-r2-noholes.cnf.dual.hgr.random100	reduce3	1607567	276895	15.61	1607567	275910	15.65	0	0.33154	21
sat14_post-cbmc-aes-d-r2-noholes.cnf.dual.hgr.random100	reduce4	1607567	276895	15.61	1051239	205632	10.42	49352	2.73321	21
sat14_post-cbmc-aes-d-r2-noholes.cnf.dual.hgr.random100	reduce6	1607567	276895	15.61	1411595	228112	17.11	43151	33.76368	1
sat14_post-cbmc-aes-d-r2-noholes.cnf.dual.hgr.random100	reduce6	1607567	276895	15.61	1411595	228112	17.11	43151	32.33453	21
sat14_post-cbmc-aes-d-r2-noholes.cnf.dual.hgr.random100	reduce15	1607567	276895	15.61	722416	163488	9.01	63423	71.91752	1
sat14_post-cbmc-aes-d-r2-noholes.cnf.dual.hgr.random100	reduce13	1607567	276895	15.61	665216	125529	10.77	76814	154.38581	1
sat14_post-cbmc-aes-d-r2-noholes.cnf.dual.hgr.random100	reduce5	1607567	276895	15.61	1134084	252449	9.28	3769	198.80584	1
sat14_post-cbmc-aes-d-r2-noholes.cnf.dual.hgr.random100	reduce9	1607567	276895	15.61	664448	124761	10.82	77182	202.38399	1
sat14_post-cbmc-aes-d-r2-noholes.cnf.dual.hgr.random100	reduce14	1607567	276895	15.61	664448	124761	10.82	77182	202.04147	1
sat14_post-cbmc-aes-d-r2-noholes.cnf.dual.hgr.random100	reduce8	1607567	276895	15.61	664448	124761	10.82	77182	209.23406	1
sat14_post-cbmc-aes-d-r2-noholes.cnf.dual.hgr.random100	reduce1	1607567	276895	15.61	1607567	276696	15.62	0	0.21476	203
sat14_post-cbmc-aes-d-r2-noholes.cnf.dual.hgr.random100	reduce11	1607567	276895	15.61	664448	124889	10.81	77182	207.25619	1
sat14_post-cbmc-aes-d-r2-noholes.cnf.dual.hgr.random100	reduce2	1607567	276895	15.61	1388011	222736	17.26	45487	0.24703	203
sat14_post-cbmc-aes-d-r2-noholes.cnf.dual.hgr.random100	reduce3	1607567	276895	15.61	1607567	275910	15.65	0	0.32564	203
sat14_post-cbmc-aes-d-r2-noholes.cnf.dual.hgr.random100	reduce10	1607567	276895	15.61	664448	124761	10.82	77182	211.70687	1
sat14_post-cbmc-aes-d-r2-noholes.cnf.dual.hgr.random100	reduce4	1607567	276895	15.61	1051239	205632	10.42	49352	2.74585	203
sat14_post-cbmc-aes-d-r2-noholes.cnf.dual.hgr.random100	reduce5	1607567	276895	15.61	1134084	252449	9.28	3769	211.66309	21
sat14_post-cbmc-aes-d-r2-noholes.cnf.dual.hgr.random100	reduce9	1607567	276895	15.61	664448	124761	10.82	77182	208.16495	21
sat14_post-cbmc-aes-d-r2-noholes.cnf.dual.hgr.random100	reduce8	1607567	276895	15.61	664448	124761	10.82	77182	214.85657	21
sat14_post-cbmc-aes-d-r2-noholes.cnf.dual.hgr.random100	reduce10	1607567	276895	15.61	664448	124761	10.82	77182	211.07091	21
sat14_post-cbmc-aes-d-r2-noholes.cnf.dual.hgr.random100	reduce6	1607567	276895	15.61	1411595	228112	17.11	43151	34.04733	203
sat14_post-cbmc-aes-d-r2-noholes.cnf.dual.hgr.random100	reduce11	1607567	276895	15.61	664448	124889	10.81	77182	217.51245	21
sat14_post-cbmc-aes-d-r2-noholes.cnf.dual.hgr.random100	reduce15	1607567	276895	15.61	722416	163488	9.01	63423	72.57407	21
sat14_post-cbmc-aes-d-r2-noholes.cnf.dual.hgr.random100	reduce13	1607567	276895	15.61	665216	125529	10.77	76814	153.34293	21
sat14_post-cbmc-aes-d-r2-noholes.cnf.dual.hgr.random100	reduce1	1607567	276895	15.61	1607567	276696	15.62	0	0.22432	1002
sat14_post-cbmc-aes-d-r2-noholes.cnf.dual.hgr.random100	reduce2	1607567	276895	15.61	1388011	222736	17.26	45487	0.25754	1002
sat14_post-cbmc-aes-d-r2-noholes.cnf.dual.hgr.random100	reduce3	1607567	276895	15.61	1607567	275910	15.65	0	0.33812	1002
sat14_post-cbmc-aes-d-r2-noholes.cnf.dual.hgr.random100	reduce4	1607567	276895	15.61	1051239	205632	10.42	49352	2.74450	1002
sat14_post-cbmc-aes-d-r2-noholes.cnf.dual.hgr.random100	reduce15	1607567	276895	15.61	722416	163488	9.01	63423	71.54371	203
sat14_post-cbmc-aes-d-r2-noholes.cnf.dual.hgr.random100	reduce6	1607567	276895	15.61	1411595	228112	17.11	43151	34.19102	1002
sat14_post-cbmc-aes-d-r2-noholes.cnf.dual.hgr.random100	reduce13	1607567	276895	15.61	665216	125529	10.77	76814	153.93039	203
sat14_post-cbmc-aes-d-r2-noholes.cnf.dual.hgr.random100	reduce14	1607567	276895	15.61	664448	124761	10.82	77182	207.10025	21
sat14_post-cbmc-aes-d-r2-noholes.cnf.dual.hgr.random100	reduce12	1607567	276895	15.61	664448	124761	10.82	77182	403.25760	1
sat14_post-cbmc-aes-d-r2-noholes.cnf.dual.hgr.random100	reduce5	1607567	276895	15.61	1134084	252449	9.28	3769	198.44127	203
sat14_post-cbmc-aes-d-r2-noholes.cnf.dual.hgr.random100	reduce8	1607567	276895	15.61	664448	124761	10.82	77182	208.26394	203
sat14_post-cbmc-aes-d-r2-noholes.cnf.dual.hgr.random100	reduce7	1607567	276895	15.61	742606	126649	10.69	0	429.20082	1
sat14_post-cbmc-aes-d-r2-noholes.cnf.dual.hgr.random100	reduce9	1607567	276895	15.61	664448	124761	10.82	77182	203.74328	203
sat14_post-cbmc-aes-d-r2-noholes.cnf.dual.hgr.random100	reduce11	1607567	276895	15.61	664448	124889	10.81	77182	201.63574	203
sat14_post-cbmc-aes-d-r2-noholes.cnf.dual.hgr.random100	reduce10	1607567	276895	15.61	664448	124761	10.82	77182	210.20791	203
sat14_post-cbmc-aes-ee-r2-noholes.cnf.dual.hgr.random100	reduce1	1575975	266199	15.93	1575975	266003	15.94	0	0.21306	1
sat14_post-cbmc-aes-ee-r2-noholes.cnf.dual.hgr.random100	reduce2	1575975	266199	15.93	1358469	212746	17.71	44999	0.24843	1
sat14_post-cbmc-aes-ee-r2-noholes.cnf.dual.hgr.random100	reduce3	1575975	266199	15.93	1575975	265774	15.95	0	0.32365	1
sat14_post-cbmc-aes-d-r2-noholes.cnf.dual.hgr.random100	reduce7	1607567	276895	15.61	742606	126649	10.69	0	426.75534	21
sat14_post-cbmc-aes-ee-r2-noholes.cnf.dual.hgr.random100	reduce4	1575975	266199	15.93	1037989	197904	10.68	48008	2.73772	1
sat14_post-cbmc-aes-d-r2-noholes.cnf.dual.hgr.random100	reduce14	1607567	276895	15.61	664448	124761	10.82	77182	210.81768	203
sat14_post-cbmc-aes-ee-r2-noholes.cnf.dual.hgr.random100	reduce6	1575975	266199	15.93	1382053	218122	17.55	42663	32.18112	1
sat14_post-cbmc-aes-d-r2-noholes.cnf.dual.hgr.random100	reduce12	1607567	276895	15.61	664448	124761	10.82	77182	406.31624	21
sat14_post-cbmc-aes-d-r2-noholes.cnf.dual.hgr.random100	reduce15	1607567	276895	15.61	722416	163488	9.01	63423	72.17003	1002
sat14_post-cbmc-aes-d-r2-noholes.cnf.dual.hgr.random100	reduce5	1607567	276895	15.61	1134084	252449	9.28	3769	218.27855	1002
sat14_post-cbmc-aes-d-r2-noholes.cnf.dual.hgr.random100	reduce13	1607567	276895	15.61	665216	125529	10.77	76814	163.55032	1002
sat14_post-cbmc-aes-d-r2-noholes.cnf.dual.hgr.random100	reduce9	1607567	276895	15.61	664448	124761	10.82	77182	205.12073	1002
sat14_post-cbmc-aes-d-r2-noholes.cnf.dual.hgr.random100	reduce11	1607567	276895	15.61	664448	124889	10.81	77182	205.20215	1002
sat14_post-cbmc-aes-d-r2-noholes.cnf.dual.hgr.random100	reduce8	1607567	276895	15.61	664448	124761	10.82	77182	214.68724	1002
sat14_post-cbmc-aes-d-r2-noholes.cnf.dual.hgr.random100	reduce10	1607567	276895	15.61	664448	124761	10.82	77182	213.91048	1002
sat14_post-cbmc-aes-ee-r2-noholes.cnf.dual.hgr.random100	reduce1	1575975	266199	15.93	1575975	266003	15.94	0	0.21650	21
sat14_post-cbmc-aes-ee-r2-noholes.cnf.dual.hgr.random100	reduce2	1575975	266199	15.93	1358469	212746	17.71	44999	0.25099	21
sat14_post-cbmc-aes-ee-r2-noholes.cnf.dual.hgr.random100	reduce3	1575975	266199	15.93	1575975	265774	15.95	0	0.32892	21
sat14_post-cbmc-aes-ee-r2-noholes.cnf.dual.hgr.random100	reduce4	1575975	266199	15.93	1037989	197904	10.68	48008	2.72772	21
sat14_post-cbmc-aes-d-r2-noholes.cnf.dual.hgr.random100	reduce14	1607567	276895	15.61	664448	124761	10.82	77182	205.93192	1002
sat14_post-cbmc-aes-d-r2-noholes.cnf.dual.hgr.random100	reduce7	1607567	276895	15.61	742606	126649	10.69	0	424.43967	203
sat14_post-cbmc-aes-d-r2-noholes.cnf.dual.hgr.random100	reduce12	1607567	276895	15.61	664448	124761	10.82	77182	408.38711	203
sat14_post-cbmc-aes-ee-r2-noholes.cnf.dual.hgr.random100	reduce5	1575975	266199	15.93	1118198	242481	9.53	3763	214.30389	1
sat14_post-cbmc-aes-ee-r2-noholes.cnf.dual.hgr.random100	reduce6	1575975	266199	15.93	1382053	218122	17.55	42663	33.84093	21
sat14_post-cbmc-aes-ee-r2-noholes.cnf.dual.hgr.random100	reduce8	1575975	266199	15.93	661681	122512	10.96	73900	193.07807	1
sat14_post-cbmc-aes-ee-r2-noholes.cnf.dual.hgr.random100	reduce9	1575975	266199	15.93	661681	122512	10.96	73900	198.15770	1
sat14_post-cbmc-aes-ee-r2-noholes.cnf.dual.hgr.random100	reduce15	1575975	266199	15.93	718321	160432	9.12	60252	72.92058	1
sat14_post-cbmc-aes-ee-r2-noholes.cnf.dual.hgr.random100	reduce10	1575975	266199	15.93	661681	122512	10.96	73900	205.52420	1
sat14_post-cbmc-aes-ee-r2-noholes.cnf.dual.hgr.random100	reduce11	1575975	266199	15.93	661681	122640	10.95	73900	198.12723	1
sat14_post-cbmc-aes-ee-r2-noholes.cnf.dual.hgr.random100	reduce13	1575975	266199	15.93	662449	123280	10.91	73532	152.73667	1
sat14_post-cbmc-aes-ee-r2-noholes.cnf.dual.hgr.random100	reduce1	1575975	266199	15.93	1575975	266003	15.94	0	0.21796	203
sat14_post-cbmc-aes-ee-r2-noholes.cnf.dual.hgr.random100	reduce2	1575975	266199	15.93	1358469	212746	17.71	44999	0.25284	203
sat14_post-cbmc-aes-ee-r2-noholes.cnf.dual.hgr.random100	reduce3	1575975	266199	15.93	1575975	265774	15.95	0	0.32163	203
sat14_post-cbmc-aes-ee-r2-noholes.cnf.dual.hgr.random100	reduce4	1575975	266199	15.93	1037989	197904	10.68	48008	2.71602	203
sat14_post-cbmc-aes-d-r2-noholes.cnf.dual.hgr.random100	reduce7	1607567	276895	15.61	742606	126649	10.69	0	426.02397	1002
sat14_post-cbmc-aes-ee-r2-noholes.cnf.dual.hgr.random100	reduce14	1575975	266199	15.93	661681	122512	10.96	73900	196.24501	1
sat14_post-cbmc-aes-ee-r2-noholes.cnf.dual.hgr.random100	reduce15	1575975	266199	15.93	718321	160432	9.12	60252	72.73232	21
sat14_post-cbmc-aes-d-r2-noholes.cnf.dual.hgr.random100	reduce12	1607567	276895	15.61	664448	124761	10.82	77182	403.92666	1002
sat14_post-cbmc-aes-ee-r2-noholes.cnf.dual.hgr.random100	reduce5	1575975	266199	15.93	1118198	242481	9.53	3763	213.69618	21
sat14_post-cbmc-aes-ee-r2-noholes.cnf.dual.hgr.random100	reduce13	1575975	266199	15.93	662449	123280	10.91	73532	154.76089	21
sat14_post-cbmc-aes-ee-r2-noholes.cnf.dual.hgr.random100	reduce6	1575975	266199	15.93	1382053	218122	17.55	42663	33.53376	203
sat14_post-cbmc-aes-ee-r2-noholes.cnf.dual.hgr.random100	reduce8	1575975	266199	15.93	661681	122512	10.96	73900	199.17535	21
sat14_post-cbmc-aes-ee-r2-noholes.cnf.dual.hgr.random100	reduce9	1575975	266199	15.93	661681	122512	10.96	73900	198.10481	21
sat14_post-cbmc-aes-ee-r2-noholes.cnf.dual.hgr.random100	reduce11	1575975	266199	15.93	661681	122640	10.95	73900	200.42548	21
sat14_post-cbmc-aes-ee-r2-noholes.cnf.dual.hgr.random100	reduce10	1575975	266199	15.93	661681	122512	10.96	73900	204.73386	21
sat14_post-cbmc-aes-ee-r2-noholes.cnf.dual.hgr.random100	reduce1	1575975	266199	15.93	1575975	266003	15.94	0	0.22375	1002
sat14_post-cbmc-aes-ee-r2-noholes.cnf.dual.hgr.random100	reduce2	1575975	266199	15.93	1358469	212746	17.71	44999	0.24766	1002
sat14_post-cbmc-aes-ee-r2-noholes.cnf.dual.hgr.random100	reduce3	1575975	266199	15.93	1575975	265774	15.95	0	0.32714	1002
sat14_post-cbmc-aes-ee-r2-noholes.cnf.dual.hgr.random100	reduce4	1575975	266199	15.93	1037989	197904	10.68	48008	2.74013	1002
sat14_post-cbmc-aes-ee-r2-noholes.cnf.dual.hgr.random100	reduce7	1575975	266199	15.93	736557	124400	10.83	0	415.00898	1
sat14_post-cbmc-aes-ee-r2-noholes.cnf.dual.hgr.random100	reduce14	1575975	266199	15.93	661681	122512	10.96	73900	196.79311	21
sat14_post-cbmc-aes-ee-r2-noholes.cnf.dual.hgr.random100	reduce6	1575975	266199	15.93	1382053	218122	17.55	42663	34.67097	1002
sat14_post-cbmc-aes-ee-r2-noholes.cnf.dual.hgr.random100	reduce15	1575975	266199	15.93	718321	160432	9.12	60252	72.67927	203
sat14_post-cbmc-aes-ee-r2-noholes.cnf.dual.hgr.random100	reduce5	1575975	266199	15.93	1118198	242481	9.53	3763	195.98269	203
sat14_post-cbmc-aes-ee-r2-noholes.cnf.dual.hgr.random100	reduce12	1575975	266199	15.93	661681	122512	10.96	73900	396.26681	1
sat14_post-cbmc-aes-ee-r2-noholes.cnf.dual.hgr.random100	reduce13	1575975	266199	15.93	662449	123280	10.91	73532	151.33592	203
sat14_post-cbmc-aes-ee-r2-noholes.cnf.dual.hgr.random100	reduce8	1575975	266199	15.93	661681	122512	10.96	73900	198.56840	203
sat14_post-cbmc-aes-ee-r2-noholes.cnf.dual.hgr.random100	reduce9	1575975	266199	15.93	661681	122512	10.96	73900	198.23103	203
sat14_post-cbmc-aes-ee-r2-noholes.cnf.dual.hgr.random100	reduce11	1575975	266199	15.93	661681	122640	10.95	73900	198.02361	203
sat14_post-cbmc-aes-ee-r2-noholes.cnf.dual.hgr.random100	reduce14	1575975	266199	15.93	661681	122512	10.96	73900	194.49387	203
sat14_q_query_3_L100_coli.sat.cnf.primal.hgr.random100	reduce1	315617	1522583	2.89	315617	1490506	2.94	0	0.17823	1
sat14_post-cbmc-aes-ee-r2-noholes.cnf.dual.hgr.random100	reduce10	1575975	266199	15.93	661681	122512	10.96	73900	207.63368	203
sat14_q_query_3_L100_coli.sat.cnf.primal.hgr.random100	reduce2	315617	1522583	2.89	315617	1490506	2.94	0	0.16665	1
sat14_post-cbmc-aes-ee-r2-noholes.cnf.dual.hgr.random100	reduce7	1575975	266199	15.93	736557	124400	10.83	0	413.35746	21
sat14_q_query_3_L100_coli.sat.cnf.primal.hgr.random100	reduce3	315617	1522583	2.89	315617	813765	3.37	0	0.33071	1
sat14_q_query_3_L100_coli.sat.cnf.primal.hgr.random100	reduce4	315617	1522583	2.89	315615	1490502	2.91	1	0.25241	1
sat14_q_query_3_L100_coli.sat.cnf.primal.hgr.random100	reduce5	315617	1522583	2.89	284515	1395108	2.81	130	0.41727	1
sat14_q_query_3_L100_coli.sat.cnf.primal.hgr.random100	reduce6	315617	1522583	2.89	315617	1490506	2.94	0	0.33364	1
sat14_q_query_3_L100_coli.sat.cnf.primal.hgr.random100	reduce7	315617	1522583	2.89	255594	1334694	2.87	0	0.69353	1
sat14_q_query_3_L100_coli.sat.cnf.primal.hgr.random100	reduce8	315617	1522583	2.89	222727	589405	3.10	31653	1.11269	1
sat14_q_query_3_L100_coli.sat.cnf.primal.hgr.random100	reduce9	315617	1522583	2.89	222727	589405	3.10	31653	1.08694	1
sat14_q_query_3_L100_coli.sat.cnf.primal.hgr.random100	reduce10	315617	1522583	2.89	222746	590937	3.09	31647	1.26607	1
sat14_q_query_3_L100_coli.sat.cnf.primal.hgr.random100	reduce11	315617	1522583	2.89	222729	1306939	2.74	31653	0.77751	1
sat14_q_query_3_L100_coli.sat.cnf.primal.hgr.random100	reduce12	315617	1522583	2.89	222727	589405	3.10	31653	0.92688	1
sat14_q_query_3_L100_coli.sat.cnf.primal.hgr.random100	reduce13	315617	1522583	2.89	223927	653354	3.21	31653	0.90352	1
sat14_q_query_3_L100_coli.sat.cnf.primal.hgr.random100	reduce14	315617	1522583	2.89	222727	589405	3.10	31653	1.08532	1
sat14_q_query_3_L100_coli.sat.cnf.primal.hgr.random100	reduce15	315617	1522583	2.89	222727	589405	3.10	31653	0.98958	1
sat14_q_query_3_L100_coli.sat.cnf.primal.hgr.random100	reduce1	315617	1522583	2.89	315617	1490506	2.94	0	0.17712	21
sat14_q_query_3_L100_coli.sat.cnf.primal.hgr.random100	reduce2	315617	1522583	2.89	315617	1490506	2.94	0	0.16124	21
sat14_q_query_3_L100_coli.sat.cnf.primal.hgr.random100	reduce3	315617	1522583	2.89	315617	813765	3.37	0	0.31275	21
sat14_q_query_3_L100_coli.sat.cnf.primal.hgr.random100	reduce4	315617	1522583	2.89	315615	1490502	2.91	1	0.24632	21
sat14_q_query_3_L100_coli.sat.cnf.primal.hgr.random100	reduce5	315617	1522583	2.89	284515	1395108	2.81	130	0.41383	21
sat14_q_query_3_L100_coli.sat.cnf.primal.hgr.random100	reduce6	315617	1522583	2.89	315617	1490506	2.94	0	0.33423	21
sat14_q_query_3_L100_coli.sat.cnf.primal.hgr.random100	reduce7	315617	1522583	2.89	255594	1334694	2.87	0	0.68877	21
sat14_q_query_3_L100_coli.sat.cnf.primal.hgr.random100	reduce8	315617	1522583	2.89	222727	589405	3.10	31653	1.09791	21
sat14_q_query_3_L100_coli.sat.cnf.primal.hgr.random100	reduce9	315617	1522583	2.89	222727	589405	3.10	31653	1.08888	21
sat14_q_query_3_L100_coli.sat.cnf.primal.hgr.random100	reduce10	315617	1522583	2.89	222746	590937	3.09	31647	1.25673	21
sat14_q_query_3_L100_coli.sat.cnf.primal.hgr.random100	reduce11	315617	1522583	2.89	222729	1306939	2.74	31653	0.78319	21
sat14_q_query_3_L100_coli.sat.cnf.primal.hgr.random100	reduce12	315617	1522583	2.89	222727	589405	3.10	31653	0.92325	21
sat14_q_query_3_L100_coli.sat.cnf.primal.hgr.random100	reduce13	315617	1522583	2.89	223927	653354	3.21	31653	0.90127	21
sat14_q_query_3_L100_coli.sat.cnf.primal.hgr.random100	reduce14	315617	1522583	2.89	222727	589405	3.10	31653	1.09655	21
sat14_post-cbmc-aes-ee-r2-noholes.cnf.dual.hgr.random100	reduce12	1575975	266199	15.93	661681	122512	10.96	73900	397.34297	21
sat14_q_query_3_L100_coli.sat.cnf.primal.hgr.random100	reduce15	315617	1522583	2.89	222727	589405	3.10	31653	0.98508	21
sat14_q_query_3_L100_coli.sat.cnf.primal.hgr.random100	reduce1	315617	1522583	2.89	315617	1490506	2.94	0	0.18305	203
sat14_q_query_3_L100_coli.sat.cnf.primal.hgr.random100	reduce2	315617	1522583	2.89	315617	1490506	2.94	0	0.15962	203
sat14_q_query_3_L100_coli.sat.cnf.primal.hgr.random100	reduce3	315617	1522583	2.89	315617	813765	3.37	0	0.31034	203
sat14_q_query_3_L100_coli.sat.cnf.primal.hgr.random100	reduce4	315617	1522583	2.89	315615	1490502	2.91	1	0.24732	203
sat14_q_query_3_L100_coli.sat.cnf.primal.hgr.random100	reduce5	315617	1522583	2.89	284515	1395108	2.81	130	0.41584	203
sat14_q_query_3_L100_coli.sat.cnf.primal.hgr.random100	reduce6	315617	1522583	2.89	315617	1490506	2.94	0	0.33569	203
sat14_q_query_3_L100_coli.sat.cnf.primal.hgr.random100	reduce7	315617	1522583	2.89	255594	1334694	2.87	0	0.67032	203
sat14_q_query_3_L100_coli.sat.cnf.primal.hgr.random100	reduce8	315617	1522583	2.89	222727	589405	3.10	31653	1.10539	203
sat14_q_query_3_L100_coli.sat.cnf.primal.hgr.random100	reduce9	315617	1522583	2.89	222727	589405	3.10	31653	1.09646	203
sat14_q_query_3_L100_coli.sat.cnf.primal.hgr.random100	reduce10	315617	1522583	2.89	222746	590937	3.09	31647	1.27691	203
sat14_q_query_3_L100_coli.sat.cnf.primal.hgr.random100	reduce11	315617	1522583	2.89	222729	1306939	2.74	31653	0.77700	203
sat14_q_query_3_L100_coli.sat.cnf.primal.hgr.random100	reduce12	315617	1522583	2.89	222727	589405	3.10	31653	0.92743	203
sat14_q_query_3_L100_coli.sat.cnf.primal.hgr.random100	reduce13	315617	1522583	2.89	223927	653354	3.21	31653	0.90135	203
sat14_q_query_3_L100_coli.sat.cnf.primal.hgr.random100	reduce14	315617	1522583	2.89	222727	589405	3.10	31653	1.10698	203
sat14_q_query_3_L100_coli.sat.cnf.primal.hgr.random100	reduce15	315617	1522583	2.89	222727	589405	3.10	31653	0.98955	203
sat14_q_query_3_L100_coli.sat.cnf.primal.hgr.random100	reduce1	315617	1522583	2.89	315617	1490506	2.94	0	0.18192	1002
sat14_post-cbmc-aes-ee-r2-noholes.cnf.dual.hgr.random100	reduce5	1575975	266199	15.93	1118198	242481	9.53	3763	215.72236	1002
sat14_q_query_3_L100_coli.sat.cnf.primal.hgr.random100	reduce2	315617	1522583	2.89	315617	1490506	2.94	0	0.16019	1002
sat14_q_query_3_L100_coli.sat.cnf.primal.hgr.random100	reduce3	315617	1522583	2.89	315617	813765	3.37	0	0.31844	1002
sat14_q_query_3_L100_coli.sat.cnf.primal.hgr.random100	reduce4	315617	1522583	2.89	315615	1490502	2.91	1	0.25205	1002
sat14_q_query_3_L100_coli.sat.cnf.primal.hgr.random100	reduce5	315617	1522583	2.89	284515	1395108	2.81	130	0.41947	1002
sat14_q_query_3_L100_coli.sat.cnf.primal.hgr.random100	reduce6	315617	1522583	2.89	315617	1490506	2.94	0	0.33788	1002
sat14_q_query_3_L100_coli.sat.cnf.primal.hgr.random100	reduce7	315617	1522583	2.89	255594	1334694	2.87	0	0.69880	1002
sat14_q_query_3_L100_coli.sat.cnf.primal.hgr.random100	reduce8	315617	1522583	2.89	222727	589405	3.10	31653	1.13183	1002
sat14_q_query_3_L100_coli.sat.cnf.primal.hgr.random100	reduce9	315617	1522583	2.89	222727	589405	3.10	31653	1.09864	1002
sat14_q_query_3_L100_coli.sat.cnf.primal.hgr.random100	reduce10	315617	1522583	2.89	222746	590937	3.09	31647	1.25167	1002
sat14_q_query_3_L100_coli.sat.cnf.primal.hgr.random100	reduce11	315617	1522583	2.89	222729	1306939	2.74	31653	0.78173	1002
sat14_q_query_3_L100_coli.sat.cnf.primal.hgr.random100	reduce12	315617	1522583	2.89	222727	589405	3.10	31653	0.93910	1002
sat14_q_query_3_L100_coli.sat.cnf.primal.hgr.random100	reduce13	315617	1522583	2.89	223927	653354	3.21	31653	0.90435	1002
sat14_q_query_3_L100_coli.sat.cnf.primal.hgr.random100	reduce14	315617	1522583	2.89	222727	589405	3.10	31653	1.08495	1002
sat14_q_query_3_L100_coli.sat.cnf.primal.hgr.random100	reduce15	315617	1522583	2.89	222727	589405	3.10	31653	0.99527	1002
sat14_q_query_3_L150_coli.sat.cnf.hgr.random100	reduce1	973984	2456708	2.91	973984	2411131	2.95	0	0.32027	1
sat14_q_query_3_L150_coli.sat.cnf.hgr.random100	reduce2	973984	2456708	2.91	582296	2002194	2.92	138944	0.33377	1
sat14_post-cbmc-aes-ee-r2-noholes.cnf.dual.hgr.random100	reduce15	1575975	266199	15.93	718321	160432	9.12	60252	72.35678	1002
sat14_q_query_3_L150_coli.sat.cnf.hgr.random100	reduce3	973984	2456708	2.91	973984	2410315	2.95	0	0.68094	1
sat14_q_query_3_L150_coli.sat.cnf.hgr.random100	reduce4	973984	2456708	2.91	590356	1968120	2.74	129232	2.33114	1
sat14_q_query_3_L150_coli.sat.cnf.hgr.random100	reduce5	973984	2456708	2.91	883646	2297482	2.81	3718	1.34925	1
sat14_q_query_3_L150_coli.sat.cnf.hgr.random100	reduce7	973984	2456708	2.91	639440	1795310	2.90	0	1.80713	1
sat14_q_query_3_L150_coli.sat.cnf.hgr.random100	reduce6	973984	2456708	2.91	408939	1482770	2.75	246645	4.33247	1
sat14_post-cbmc-aes-ee-r2-noholes.cnf.dual.hgr.random100	reduce8	1575975	266199	15.93	661681	122512	10.96	73900	200.31604	1002
sat14_q_query_3_L150_coli.sat.cnf.hgr.random100	reduce8	973984	2456708	2.91	122810	404702	2.22	439447	8.64870	1
sat14_q_query_3_L150_coli.sat.cnf.hgr.random100	reduce9	973984	2456708	2.91	122810	404702	2.22	439447	8.63166	1
sat14_q_query_3_L150_coli.sat.cnf.hgr.random100	reduce13	973984	2456708	2.91	223144	1006784	2.43	353109	5.26900	1
sat14_q_query_3_L150_coli.sat.cnf.hgr.random100	reduce10	973984	2456708	2.91	130002	419972	2.25	435850	8.84641	1
sat14_q_query_3_L150_coli.sat.cnf.hgr.random100	reduce11	973984	2456708	2.91	122810	407619	2.22	439447	8.28005	1
sat14_q_query_3_L150_coli.sat.cnf.hgr.random100	reduce12	973984	2456708	2.91	122810	404702	2.22	439447	7.60968	1
sat14_q_query_3_L150_coli.sat.cnf.hgr.random100	reduce1	973984	2456708	2.91	973984	2411131	2.95	0	0.32424	21
sat14_q_query_3_L150_coli.sat.cnf.hgr.random100	reduce2	973984	2456708	2.91	582296	2002194	2.92	138944	0.33730	21
sat14_q_query_3_L150_coli.sat.cnf.hgr.random100	reduce15	973984	2456708	2.91	168233	504029	2.19	397199	3.54347	1
sat14_q_query_3_L150_coli.sat.cnf.hgr.random100	reduce3	973984	2456708	2.91	973984	2410315	2.95	0	0.66197	21
sat14_q_query_3_L150_coli.sat.cnf.hgr.random100	reduce14	973984	2456708	2.91	130089	426533	2.21	432171	7.63708	1
sat14_q_query_3_L150_coli.sat.cnf.hgr.random100	reduce4	973984	2456708	2.91	590356	1968120	2.74	129232	2.29803	21
sat14_q_query_3_L150_coli.sat.cnf.hgr.random100	reduce5	973984	2456708	2.91	883646	2297482	2.81	3718	1.32648	21
sat14_post-cbmc-aes-ee-r2-noholes.cnf.dual.hgr.random100	reduce9	1575975	266199	15.93	661681	122512	10.96	73900	193.23929	1002
sat14_q_query_3_L150_coli.sat.cnf.hgr.random100	reduce7	973984	2456708	2.91	639440	1795310	2.90	0	1.78275	21
sat14_q_query_3_L150_coli.sat.cnf.hgr.random100	reduce6	973984	2456708	2.91	408939	1482770	2.75	246645	4.52396	21
sat14_q_query_3_L150_coli.sat.cnf.hgr.random100	reduce8	973984	2456708	2.91	122810	404702	2.22	439447	8.70928	21
sat14_q_query_3_L150_coli.sat.cnf.hgr.random100	reduce9	973984	2456708	2.91	122810	404702	2.22	439447	8.62808	21
sat14_q_query_3_L150_coli.sat.cnf.hgr.random100	reduce1	973984	2456708	2.91	973984	2411131	2.95	0	0.32013	203
sat14_q_query_3_L150_coli.sat.cnf.hgr.random100	reduce2	973984	2456708	2.91	582296	2002194	2.92	138944	0.33197	203
sat14_q_query_3_L150_coli.sat.cnf.hgr.random100	reduce13	973984	2456708	2.91	223144	1006784	2.43	353109	5.28705	21
sat14_q_query_3_L150_coli.sat.cnf.hgr.random100	reduce15	973984	2456708	2.91	168233	504029	2.19	397199	3.53963	21
sat14_q_query_3_L150_coli.sat.cnf.hgr.random100	reduce10	973984	2456708	2.91	130002	419972	2.25	435850	8.84288	21
sat14_q_query_3_L150_coli.sat.cnf.hgr.random100	reduce3	973984	2456708	2.91	973984	2410315	2.95	0	0.65623	203
sat14_q_query_3_L150_coli.sat.cnf.hgr.random100	reduce11	973984	2456708	2.91	122810	407619	2.22	439447	8.20169	21
sat14_q_query_3_L150_coli.sat.cnf.hgr.random100	reduce12	973984	2456708	2.91	122810	404702	2.22	439447	7.60224	21
sat14_q_query_3_L150_coli.sat.cnf.hgr.random100	reduce4	973984	2456708	2.91	590356	1968120	2.74	129232	2.20810	203
sat14_q_query_3_L150_coli.sat.cnf.hgr.random100	reduce14	973984	2456708	2.91	130089	426533	2.21	432171	7.64207	21
sat14_q_query_3_L150_coli.sat.cnf.hgr.random100	reduce5	973984	2456708	2.91	883646	2297482	2.81	3718	1.32214	203
sat14_q_query_3_L150_coli.sat.cnf.hgr.random100	reduce7	973984	2456708	2.91	639440	1795310	2.90	0	1.77978	203
sat14_q_query_3_L150_coli.sat.cnf.hgr.random100	reduce6	973984	2456708	2.91	408939	1482770	2.75	246645	4.46342	203
sat14_post-cbmc-aes-ee-r2-noholes.cnf.dual.hgr.random100	reduce13	1575975	266199	15.93	662449	123280	10.91	73532	150.11442	1002
sat14_q_query_3_L150_coli.sat.cnf.hgr.random100	reduce8	973984	2456708	2.91	122810	404702	2.22	439447	8.60139	203
sat14_q_query_3_L150_coli.sat.cnf.hgr.random100	reduce1	973984	2456708	2.91	973984	2411131	2.95	0	0.31391	1002
sat14_q_query_3_L150_coli.sat.cnf.hgr.random100	reduce9	973984	2456708	2.91	122810	404702	2.22	439447	8.61393	203
sat14_q_query_3_L150_coli.sat.cnf.hgr.random100	reduce13	973984	2456708	2.91	223144	1006784	2.43	353109	5.28122	203
sat14_q_query_3_L150_coli.sat.cnf.hgr.random100	reduce2	973984	2456708	2.91	582296	2002194	2.92	138944	0.33245	1002
sat14_q_query_3_L150_coli.sat.cnf.hgr.random100	reduce10	973984	2456708	2.91	130002	419972	2.25	435850	8.86186	203
sat14_q_query_3_L150_coli.sat.cnf.hgr.random100	reduce11	973984	2456708	2.91	122810	407619	2.22	439447	8.27708	203
sat14_q_query_3_L150_coli.sat.cnf.hgr.random100	reduce15	973984	2456708	2.91	168233	504029	2.19	397199	3.54614	203
sat14_q_query_3_L150_coli.sat.cnf.hgr.random100	reduce12	973984	2456708	2.91	122810	404702	2.22	439447	7.60964	203
sat14_q_query_3_L150_coli.sat.cnf.hgr.random100	reduce3	973984	2456708	2.91	973984	2410315	2.95	0	0.67228	1002
sat14_q_query_3_L150_coli.sat.cnf.hgr.random100	reduce14	973984	2456708	2.91	130089	426533	2.21	432171	7.59927	203
sat14_post-cbmc-aes-ee-r2-noholes.cnf.dual.hgr.random100	reduce10	1575975	266199	15.93	661681	122512	10.96	73900	205.35849	1002
sat14_q_query_3_L150_coli.sat.cnf.hgr.random100	reduce4	973984	2456708	2.91	590356	1968120	2.74	129232	2.21836	1002
sat14_q_query_3_L150_coli.sat.cnf.hgr.random100	reduce5	973984	2456708	2.91	883646	2297482	2.81	3718	1.33525	1002
sat14_q_query_3_L150_coli.sat.cnf.hgr.random100	reduce7	973984	2456708	2.91	639440	1795310	2.90	0	1.79408	1002
sat14_q_query_3_L150_coli.sat.cnf.hgr.random100	reduce6	973984	2456708	2.91	408939	1482770	2.75	246645	4.44611	1002
sat14_q_query_3_L150_coli.sat.cnf.hgr.random100	reduce8	973984	2456708	2.91	122810	404702	2.22	439447	8.57513	1002
sat14_q_query_3_L150_coli.sat.cnf.hgr.random100	reduce9	973984	2456708	2.91	122810	404702	2.22	439447	8.55596	1002
sat14_SAT_dat.k75-24_1_rule_3.cnf.primal.hgr.random100	reduce1	1213331	4754042	2.51	1213331	4716225	2.52	0	0.60218	1
sat14_SAT_dat.k75-24_1_rule_3.cnf.primal.hgr.random100	reduce2	1213331	4754042	2.51	1177457	4716225	2.52	35874	0.55010	1
sat14_q_query_3_L150_coli.sat.cnf.hgr.random100	reduce13	973984	2456708	2.91	223144	1006784	2.43	353109	5.21911	1002
sat14_post-cbmc-aes-ee-r2-noholes.cnf.dual.hgr.random100	reduce11	1575975	266199	15.93	661681	122640	10.95	73900	199.51340	1002
sat14_q_query_3_L150_coli.sat.cnf.hgr.random100	reduce10	973984	2456708	2.91	130002	419972	2.25	435850	8.68226	1002
sat14_q_query_3_L150_coli.sat.cnf.hgr.random100	reduce11	973984	2456708	2.91	122810	407619	2.22	439447	8.16139	1002
sat14_q_query_3_L150_coli.sat.cnf.hgr.random100	reduce12	973984	2456708	2.91	122810	404702	2.22	439447	7.40940	1002
sat14_q_query_3_L150_coli.sat.cnf.hgr.random100	reduce15	973984	2456708	2.91	168233	504029	2.19	397199	3.52562	1002
sat14_SAT_dat.k75-24_1_rule_3.cnf.primal.hgr.random100	reduce3	1213331	4754042	2.51	1213331	1143986	3.96	0	0.93835	1
sat14_q_query_3_L150_coli.sat.cnf.hgr.random100	reduce14	973984	2456708	2.91	130089	426533	2.21	432171	7.51618	1002
sat14_SAT_dat.k75-24_1_rule_3.cnf.primal.hgr.random100	reduce4	1213331	4754042	2.51	1048305	3570170	2.45	69901	1.17745	1
sat14_SAT_dat.k75-24_1_rule_3.cnf.primal.hgr.random100	reduce5	1213331	4754042	2.51	1078976	3219691	2.36	45092	2.09060	1
sat14_SAT_dat.k75-24_1_rule_3.cnf.primal.hgr.random100	reduce6	1213331	4754042	2.51	1177457	4716225	2.52	35874	1.38646	1
sat14_SAT_dat.k75-24_1_rule_3.cnf.primal.hgr.random100	reduce7	1213331	4754042	2.51	845154	1930945	2.38	0	3.81258	1
sat14_SAT_dat.k75-24_1_rule_3.cnf.primal.hgr.random100	reduce8	1213331	4754042	2.51	378400	394676	2.47	317228	4.63575	1
sat14_SAT_dat.k75-24_1_rule_3.cnf.primal.hgr.random100	reduce9	1213331	4754042	2.51	378400	394676	2.47	317228	4.53798	1
sat14_SAT_dat.k75-24_1_rule_3.cnf.primal.hgr.random100	reduce10	1213331	4754042	2.51	378400	394676	2.47	317228	4.98974	1
sat14_SAT_dat.k75-24_1_rule_3.cnf.primal.hgr.random100	reduce11	1213331	4754042	2.51	460802	1229484	2.24	288989	4.58410	1
sat14_SAT_dat.k75-24_1_rule_3.cnf.primal.hgr.random100	reduce12	1213331	4754042	2.51	378400	394676	2.47	317228	4.46769	1
sat14_SAT_dat.k75-24_1_rule_3.cnf.primal.hgr.random100	reduce13	1213331	4754042	2.51	378725	394919	2.47	317108	4.53040	1
sat14_SAT_dat.k75-24_1_rule_3.cnf.primal.hgr.random100	reduce1	1213331	4754042	2.51	1213331	4716225	2.52	0	0.58822	21
sat14_SAT_dat.k75-24_1_rule_3.cnf.primal.hgr.random100	reduce2	1213331	4754042	2.51	1177457	4716225	2.52	35874	0.55736	21
sat14_SAT_dat.k75-24_1_rule_3.cnf.primal.hgr.random100	reduce15	1213331	4754042	2.51	725140	721407	2.98	203200	2.70277	1
sat14_SAT_dat.k75-24_1_rule_3.cnf.primal.hgr.random100	reduce14	1213331	4754042	2.51	378400	394676	2.47	317228	4.29298	1
sat14_SAT_dat.k75-24_1_rule_3.cnf.primal.hgr.random100	reduce3	1213331	4754042	2.51	1213331	1143986	3.96	0	0.92955	21
sat14_SAT_dat.k75-24_1_rule_3.cnf.primal.hgr.random100	reduce4	1213331	4754042	2.51	1048305	3570170	2.45	69901	1.18144	21
sat14_SAT_dat.k75-24_1_rule_3.cnf.primal.hgr.random100	reduce5	1213331	4754042	2.51	1078976	3219691	2.36	45092	2.09778	21
sat14_SAT_dat.k75-24_1_rule_3.cnf.primal.hgr.random100	reduce6	1213331	4754042	2.51	1177457	4716225	2.52	35874	1.39946	21
sat14_SAT_dat.k75-24_1_rule_3.cnf.primal.hgr.random100	reduce7	1213331	4754042	2.51	845154	1930945	2.38	0	3.81751	21
sat14_SAT_dat.k75-24_1_rule_3.cnf.primal.hgr.random100	reduce8	1213331	4754042	2.51	378400	394676	2.47	317228	4.61826	21
sat14_SAT_dat.k75-24_1_rule_3.cnf.primal.hgr.random100	reduce9	1213331	4754042	2.51	378400	394676	2.47	317228	4.50045	21
sat14_SAT_dat.k75-24_1_rule_3.cnf.primal.hgr.random100	reduce10	1213331	4754042	2.51	378400	394676	2.47	317228	5.00127	21
sat14_SAT_dat.k75-24_1_rule_3.cnf.primal.hgr.random100	reduce11	1213331	4754042	2.51	460802	1229484	2.24	288989	4.58871	21
sat14_SAT_dat.k75-24_1_rule_3.cnf.primal.hgr.random100	reduce12	1213331	4754042	2.51	378400	394676	2.47	317228	4.46914	21
sat14_SAT_dat.k75-24_1_rule_3.cnf.primal.hgr.random100	reduce1	1213331	4754042	2.51	1213331	4716225	2.52	0	0.59118	203
sat14_SAT_dat.k75-24_1_rule_3.cnf.primal.hgr.random100	reduce13	1213331	4754042	2.51	378725	394919	2.47	317108	4.52077	21
sat14_SAT_dat.k75-24_1_rule_3.cnf.primal.hgr.random100	reduce2	1213331	4754042	2.51	1177457	4716225	2.52	35874	0.55879	203
sat14_SAT_dat.k75-24_1_rule_3.cnf.primal.hgr.random100	reduce15	1213331	4754042	2.51	725140	721407	2.98	203200	2.71385	21
sat14_SAT_dat.k75-24_1_rule_3.cnf.primal.hgr.random100	reduce14	1213331	4754042	2.51	378400	394676	2.47	317228	4.29149	21
sat14_SAT_dat.k75-24_1_rule_3.cnf.primal.hgr.random100	reduce3	1213331	4754042	2.51	1213331	1143986	3.96	0	0.93356	203
sat14_SAT_dat.k75-24_1_rule_3.cnf.primal.hgr.random100	reduce4	1213331	4754042	2.51	1048305	3570170	2.45	69901	1.19141	203
sat14_post-cbmc-aes-ee-r2-noholes.cnf.dual.hgr.random100	reduce14	1575975	266199	15.93	661681	122512	10.96	73900	196.13886	1002
sat14_SAT_dat.k75-24_1_rule_3.cnf.primal.hgr.random100	reduce5	1213331	4754042	2.51	1078976	3219691	2.36	45092	2.11035	203
sat14_SAT_dat.k75-24_1_rule_3.cnf.primal.hgr.random100	reduce6	1213331	4754042	2.51	1177457	4716225	2.52	35874	1.40500	203
sat14_post-cbmc-aes-ee-r2-noholes.cnf.dual.hgr.random100	reduce7	1575975	266199	15.93	736557	124400	10.83	0	413.47684	203
sat14_SAT_dat.k75-24_1_rule_3.cnf.primal.hgr.random100	reduce7	1213331	4754042	2.51	845154	1930945	2.38	0	3.82816	203
sat14_SAT_dat.k75-24_1_rule_3.cnf.primal.hgr.random100	reduce8	1213331	4754042	2.51	378400	394676	2.47	317228	4.61088	203
sat14_SAT_dat.k75-24_1_rule_3.cnf.primal.hgr.random100	reduce9	1213331	4754042	2.51	378400	394676	2.47	317228	4.49973	203
sat14_SAT_dat.k75-24_1_rule_3.cnf.primal.hgr.random100	reduce10	1213331	4754042	2.51	378400	394676	2.47	317228	4.98053	203
sat14_SAT_dat.k75-24_1_rule_3.cnf.primal.hgr.random100	reduce11	1213331	4754042	2.51	460802	1229484	2.24	288989	4.55184	203
sat14_SAT_dat.k75-24_1_rule_3.cnf.primal.hgr.random100	reduce12	1213331	4754042	2.51	378400	394676	2.47	317228	4.44505	203
sat14_SAT_dat.k75-24_1_rule_3.cnf.primal.hgr.random100	reduce13	1213331	4754042	2.51	378725	394919	2.47	317108	4.47938	203
sat14_SAT_dat.k75-24_1_rule_3.cnf.primal.hgr.random100	reduce1	1213331	4754042	2.51	1213331	4716225	2.52	0	0.60066	1002
sat14_SAT_dat.k75-24_1_rule_3.cnf.primal.hgr.random100	reduce2	1213331	4754042	2.51	1177457	4716225	2.52	35874	0.56087	1002
sat14_SAT_dat.k75-24_1_rule_3.cnf.primal.hgr.random100	reduce15	1213331	4754042	2.51	725140	721407	2.98	203200	2.72159	203
sat14_SAT_dat.k75-24_1_rule_3.cnf.primal.hgr.random100	reduce14	1213331	4754042	2.51	378400	394676	2.47	317228	4.29773	203
sat14_post-cbmc-aes-ee-r2-noholes.cnf.dual.hgr.random100	reduce12	1575975	266199	15.93	661681	122512	10.96	73900	390.88661	203
sat14_SAT_dat.k75-24_1_rule_3.cnf.primal.hgr.random100	reduce3	1213331	4754042	2.51	1213331	1143986	3.96	0	0.93540	1002
sat14_SAT_dat.k75-24_1_rule_3.cnf.primal.hgr.random100	reduce4	1213331	4754042	2.51	1048305	3570170	2.45	69901	1.17752	1002
sat14_SAT_dat.k75-24_1_rule_3.cnf.primal.hgr.random100	reduce5	1213331	4754042	2.51	1078976	3219691	2.36	45092	2.09501	1002
sat14_SAT_dat.k75-24_1_rule_3.cnf.primal.hgr.random100	reduce6	1213331	4754042	2.51	1177457	4716225	2.52	35874	1.40757	1002
sat14_SAT_dat.k75-24_1_rule_3.cnf.primal.hgr.random100	reduce7	1213331	4754042	2.51	845154	1930945	2.38	0	3.78214	1002
sat14_SAT_dat.k75-24_1_rule_3.cnf.primal.hgr.random100	reduce8	1213331	4754042	2.51	378400	394676	2.47	317228	4.59293	1002
sat14_SAT_dat.k75-24_1_rule_3.cnf.primal.hgr.random100	reduce9	1213331	4754042	2.51	378400	394676	2.47	317228	4.49176	1002
sat14_SAT_dat.k75-24_1_rule_3.cnf.primal.hgr.random100	reduce10	1213331	4754042	2.51	378400	394676	2.47	317228	4.98126	1002
sat14_SAT_dat.k75-24_1_rule_3.cnf.primal.hgr.random100	reduce11	1213331	4754042	2.51	460802	1229484	2.24	288989	4.56404	1002
sat14_SAT_dat.k75-24_1_rule_3.cnf.primal.hgr.random100	reduce12	1213331	4754042	2.51	378400	394676	2.47	317228	4.44115	1002
sat14_SAT_dat.k85-24_1_rule_3.cnf.hgr.random100	reduce1	2712808	5395102	2.51	2712808	5352375	2.52	0	0.76909	1
sat14_SAT_dat.k75-24_1_rule_3.cnf.primal.hgr.random100	reduce13	1213331	4754042	2.51	378725	394919	2.47	317108	4.48714	1002
sat14_SAT_dat.k75-24_1_rule_3.cnf.primal.hgr.random100	reduce15	1213331	4754042	2.51	725140	721407	2.98	203200	2.73271	1002
sat14_SAT_dat.k75-24_1_rule_3.cnf.primal.hgr.random100	reduce14	1213331	4754042	2.51	378400	394676	2.47	317228	4.28666	1002
sat14_SAT_dat.k85-24_1_rule_3.cnf.hgr.random100	reduce2	2712808	5395102	2.51	2397441	4763530	2.41	160340	0.89144	1
sat14_SAT_dat.k85-24_1_rule_3.cnf.hgr.random100	reduce3	2712808	5395102	2.51	2712808	5252685	2.53	0	1.56655	1
sat14_SAT_dat.k85-24_1_rule_3.cnf.hgr.random100	reduce4	2712808	5395102	2.51	2386363	4452969	2.36	136748	1.75960	1
sat14_SAT_dat.k85-24_1_rule_3.cnf.hgr.random100	reduce5	2712808	5395102	2.51	2600357	4816089	2.34	49081	3.26115	1
sat14_SAT_dat.k85-24_1_rule_3.cnf.hgr.random100	reduce6	2712808	5395102	2.51	2345735	4645021	2.39	180447	2.73424	1
sat14_SAT_dat.k85-24_1_rule_3.cnf.hgr.random100	reduce7	2712808	5395102	2.51	2252287	3663932	2.30	0	8.71732	1
sat14_SAT_dat.k85-24_1_rule_3.cnf.hgr.random100	reduce1	2712808	5395102	2.51	2712808	5352375	2.52	0	0.74870	21
sat14_SAT_dat.k85-24_1_rule_3.cnf.hgr.random100	reduce8	2712808	5395102	2.51	1462872	2666468	2.19	528770	10.00682	1
sat14_SAT_dat.k85-24_1_rule_3.cnf.hgr.random100	reduce2	2712808	5395102	2.51	2397441	4763530	2.41	160340	0.88495	21
sat14_SAT_dat.k85-24_1_rule_3.cnf.hgr.random100	reduce9	2712808	5395102	2.51	1462872	2666468	2.19	528770	9.81014	1
sat14_SAT_dat.k85-24_1_rule_3.cnf.hgr.random100	reduce11	2712808	5395102	2.51	1462934	2720882	2.19	528740	8.97530	1
sat14_SAT_dat.k85-24_1_rule_3.cnf.hgr.random100	reduce3	2712808	5395102	2.51	2712808	5252685	2.53	0	1.56813	21
sat14_SAT_dat.k85-24_1_rule_3.cnf.hgr.random100	reduce10	2712808	5395102	2.51	1463192	2666788	2.19	528610	10.59112	1
sat14_SAT_dat.k85-24_1_rule_3.cnf.hgr.random100	reduce15	2712808	5395102	2.51	2270801	4152540	2.34	203097	4.90067	1
sat14_SAT_dat.k85-24_1_rule_3.cnf.hgr.random100	reduce13	2712808	5395102	2.51	1535150	2874954	2.18	492600	8.64205	1
sat14_SAT_dat.k85-24_1_rule_3.cnf.hgr.random100	reduce4	2712808	5395102	2.51	2386363	4452969	2.36	136748	1.74576	21
sat14_SAT_dat.k85-24_1_rule_3.cnf.hgr.random100	reduce12	2712808	5395102	2.51	1463200	2666632	2.19	528606	9.67528	1
sat14_SAT_dat.k85-24_1_rule_3.cnf.hgr.random100	reduce14	2712808	5395102	2.51	1777841	3269383	2.20	382121	8.50742	1
sat14_SAT_dat.k85-24_1_rule_3.cnf.hgr.random100	reduce5	2712808	5395102	2.51	2600357	4816089	2.34	49081	3.30916	21
sat14_SAT_dat.k85-24_1_rule_3.cnf.hgr.random100	reduce6	2712808	5395102	2.51	2345735	4645021	2.39	180447	2.77486	21
sat14_SAT_dat.k85-24_1_rule_3.cnf.hgr.random100	reduce7	2712808	5395102	2.51	2252287	3663932	2.30	0	8.77832	21
sat14_SAT_dat.k85-24_1_rule_3.cnf.hgr.random100	reduce8	2712808	5395102	2.51	1462872	2666468	2.19	528770	9.97677	21
sat14_SAT_dat.k85-24_1_rule_3.cnf.hgr.random100	reduce1	2712808	5395102	2.51	2712808	5352375	2.52	0	0.75952	203
sat14_SAT_dat.k85-24_1_rule_3.cnf.hgr.random100	reduce2	2712808	5395102	2.51	2397441	4763530	2.41	160340	0.89568	203
sat14_SAT_dat.k85-24_1_rule_3.cnf.hgr.random100	reduce9	2712808	5395102	2.51	1462872	2666468	2.19	528770	9.83941	21
sat14_SAT_dat.k85-24_1_rule_3.cnf.hgr.random100	reduce15	2712808	5395102	2.51	2270801	4152540	2.34	203097	4.92533	21
sat14_SAT_dat.k85-24_1_rule_3.cnf.hgr.random100	reduce11	2712808	5395102	2.51	1462934	2720882	2.19	528740	9.05615	21
sat14_SAT_dat.k85-24_1_rule_3.cnf.hgr.random100	reduce3	2712808	5395102	2.51	2712808	5252685	2.53	0	1.56679	203
sat14_SAT_dat.k85-24_1_rule_3.cnf.hgr.random100	reduce10	2712808	5395102	2.51	1463192	2666788	2.19	528610	10.57774	21
sat14_SAT_dat.k85-24_1_rule_3.cnf.hgr.random100	reduce13	2712808	5395102	2.51	1535150	2874954	2.18	492600	8.70465	21
sat14_SAT_dat.k85-24_1_rule_3.cnf.hgr.random100	reduce4	2712808	5395102	2.51	2386363	4452969	2.36	136748	1.76273	203
sat14_SAT_dat.k85-24_1_rule_3.cnf.hgr.random100	reduce12	2712808	5395102	2.51	1463200	2666632	2.19	528606	9.75519	21
sat14_SAT_dat.k85-24_1_rule_3.cnf.hgr.random100	reduce14	2712808	5395102	2.51	1777841	3269383	2.20	382121	8.51559	21
sat14_SAT_dat.k85-24_1_rule_3.cnf.hgr.random100	reduce5	2712808	5395102	2.51	2600357	4816089	2.34	49081	3.29673	203
sat14_SAT_dat.k85-24_1_rule_3.cnf.hgr.random100	reduce6	2712808	5395102	2.51	2345735	4645021	2.39	180447	2.74967	203
sat14_SAT_dat.k85-24_1_rule_3.cnf.hgr.random100	reduce7	2712808	5395102	2.51	2252287	3663932	2.30	0	8.77262	203
sat14_SAT_dat.k85-24_1_rule_3.cnf.hgr.random100	reduce1	2712808	5395102	2.51	2712808	5352375	2.52	0	0.73079	1002
sat14_SAT_dat.k85-24_1_rule_3.cnf.hgr.random100	reduce8	2712808	5395102	2.51	1462872	2666468	2.19	528770	9.97309	203
sat14_SAT_dat.k85-24_1_rule_3.cnf.hgr.random100	reduce2	2712808	5395102	2.51	2397441	4763530	2.41	160340	0.91176	1002
sat14_SAT_dat.k85-24_1_rule_3.cnf.hgr.random100	reduce9	2712808	5395102	2.51	1462872	2666468	2.19	528770	9.84878	203
sat14_SAT_dat.k85-24_1_rule_3.cnf.hgr.random100	reduce11	2712808	5395102	2.51	1462934	2720882	2.19	528740	8.92526	203
sat14_SAT_dat.k85-24_1_rule_3.cnf.hgr.random100	reduce3	2712808	5395102	2.51	2712808	5252685	2.53	0	1.60283	1002
sat14_SAT_dat.k85-24_1_rule_3.cnf.hgr.random100	reduce10	2712808	5395102	2.51	1463192	2666788	2.19	528610	10.62803	203
sat14_SAT_dat.k85-24_1_rule_3.cnf.hgr.random100	reduce15	2712808	5395102	2.51	2270801	4152540	2.34	203097	4.92387	203
sat14_SAT_dat.k85-24_1_rule_3.cnf.hgr.random100	reduce4	2712808	5395102	2.51	2386363	4452969	2.36	136748	1.75210	1002
sat14_SAT_dat.k85-24_1_rule_3.cnf.hgr.random100	reduce12	2712808	5395102	2.51	1463200	2666632	2.19	528606	9.90969	203
sat14_SAT_dat.k85-24_1_rule_3.cnf.hgr.random100	reduce13	2712808	5395102	2.51	1535150	2874954	2.18	492600	8.71794	203
sat14_SAT_dat.k85-24_1_rule_3.cnf.hgr.random100	reduce14	2712808	5395102	2.51	1777841	3269383	2.20	382121	8.48290	203
sat14_SAT_dat.k85-24_1_rule_3.cnf.hgr.random100	reduce5	2712808	5395102	2.51	2600357	4816089	2.34	49081	3.26879	1002
sat14_SAT_dat.k85-24_1_rule_3.cnf.hgr.random100	reduce6	2712808	5395102	2.51	2345735	4645021	2.39	180447	2.77158	1002
sat14_SAT_dat.k85-24_1_rule_3.cnf.hgr.random100	reduce7	2712808	5395102	2.51	2252287	3663932	2.30	0	8.74576	1002
sat14_post-cbmc-aes-ee-r2-noholes.cnf.dual.hgr.random100	reduce7	1575975	266199	15.93	736557	124400	10.83	0	410.59401	1002
sat14_SAT_dat.k95-24_1_rule_3.cnf.primal.hgr.random100	reduce1	1540071	6036162	2.51	1540071	5988525	2.52	0	0.75784	1
sat14_SAT_dat.k95-24_1_rule_3.cnf.primal.hgr.random100	reduce2	1540071	6036162	2.51	1494757	5988525	2.52	45314	0.73709	1
sat14_SAT_dat.k85-24_1_rule_3.cnf.hgr.random100	reduce8	2712808	5395102	2.51	1462872	2666468	2.19	528770	9.97136	1002
sat14_SAT_dat.k85-24_1_rule_3.cnf.hgr.random100	reduce9	2712808	5395102	2.51	1462872	2666468	2.19	528770	9.90147	1002
sat14_SAT_dat.k85-24_1_rule_3.cnf.hgr.random100	reduce11	2712808	5395102	2.51	1462934	2720882	2.19	528740	8.92702	1002
sat14_SAT_dat.k85-24_1_rule_3.cnf.hgr.random100	reduce15	2712808	5395102	2.51	2270801	4152540	2.34	203097	4.97144	1002
sat14_SAT_dat.k95-24_1_rule_3.cnf.primal.hgr.random100	reduce3	1540071	6036162	2.51	1540071	1452486	3.96	0	1.17519	1
sat14_SAT_dat.k85-24_1_rule_3.cnf.hgr.random100	reduce10	2712808	5395102	2.51	1463192	2666788	2.19	528610	10.64237	1002
sat14_SAT_dat.k95-24_1_rule_3.cnf.primal.hgr.random100	reduce4	1540071	6036162	2.51	1330965	4534390	2.45	88581	1.51049	1
sat14_SAT_dat.k85-24_1_rule_3.cnf.hgr.random100	reduce13	2712808	5395102	2.51	1535150	2874954	2.18	492600	8.66882	1002
sat14_SAT_dat.k85-24_1_rule_3.cnf.hgr.random100	reduce12	2712808	5395102	2.51	1463200	2666632	2.19	528606	9.71757	1002
sat14_SAT_dat.k85-24_1_rule_3.cnf.hgr.random100	reduce14	2712808	5395102	2.51	1777841	3269383	2.20	382121	8.49866	1002
sat14_SAT_dat.k95-24_1_rule_3.cnf.primal.hgr.random100	reduce5	1540071	6036162	2.51	1369996	4089491	2.36	56932	2.68279	1
sat14_SAT_dat.k95-24_1_rule_3.cnf.primal.hgr.random100	reduce6	1540071	6036162	2.51	1494757	5988525	2.52	45314	1.79807	1
sat14_SAT_dat.k95-24_1_rule_3.cnf.primal.hgr.random100	reduce7	1540071	6036162	2.51	1073734	2456905	2.38	0	4.85053	1
sat14_SAT_dat.k95-24_1_rule_3.cnf.primal.hgr.random100	reduce8	1540071	6036162	2.51	481040	501756	2.47	402188	5.93374	1
sat14_SAT_dat.k95-24_1_rule_3.cnf.primal.hgr.random100	reduce9	1540071	6036162	2.51	481040	501756	2.47	402188	5.77219	1
sat14_SAT_dat.k95-24_1_rule_3.cnf.primal.hgr.random100	reduce10	1540071	6036162	2.51	481040	501756	2.47	402188	6.35528	1
sat14_SAT_dat.k95-24_1_rule_3.cnf.primal.hgr.random100	reduce11	1540071	6036162	2.51	586322	1564564	2.24	366109	5.84091	1
sat14_SAT_dat.k95-24_1_rule_3.cnf.primal.hgr.random100	reduce12	1540071	6036162	2.51	481040	501756	2.47	402188	5.67239	1
sat14_SAT_dat.k95-24_1_rule_3.cnf.primal.hgr.random100	reduce1	1540071	6036162	2.51	1540071	5988525	2.52	0	0.76777	21
sat14_SAT_dat.k95-24_1_rule_3.cnf.primal.hgr.random100	reduce2	1540071	6036162	2.51	1494757	5988525	2.52	45314	0.72581	21
sat14_SAT_dat.k95-24_1_rule_3.cnf.primal.hgr.random100	reduce15	1540071	6036162	2.51	921300	916567	2.98	257460	3.44978	1
sat14_SAT_dat.k95-24_1_rule_3.cnf.primal.hgr.random100	reduce13	1540071	6036162	2.51	481425	502039	2.47	402048	5.76759	1
sat14_SAT_dat.k95-24_1_rule_3.cnf.primal.hgr.random100	reduce3	1540071	6036162	2.51	1540071	1452486	3.96	0	1.18141	21
sat14_SAT_dat.k95-24_1_rule_3.cnf.primal.hgr.random100	reduce14	1540071	6036162	2.51	481040	501756	2.47	402188	5.49947	1
sat14_SAT_dat.k95-24_1_rule_3.cnf.primal.hgr.random100	reduce4	1540071	6036162	2.51	1330965	4534390	2.45	88581	1.50365	21
sat14_SAT_dat.k95-24_1_rule_3.cnf.primal.hgr.random100	reduce5	1540071	6036162	2.51	1369996	4089491	2.36	56932	2.67842	21
sat14_SAT_dat.k95-24_1_rule_3.cnf.primal.hgr.random100	reduce6	1540071	6036162	2.51	1494757	5988525	2.52	45314	1.78279	21
sat14_SAT_dat.k95-24_1_rule_3.cnf.primal.hgr.random100	reduce7	1540071	6036162	2.51	1073734	2456905	2.38	0	4.84880	21
sat14_SAT_dat.k95-24_1_rule_3.cnf.primal.hgr.random100	reduce8	1540071	6036162	2.51	481040	501756	2.47	402188	5.88534	21
sat14_SAT_dat.k95-24_1_rule_3.cnf.primal.hgr.random100	reduce9	1540071	6036162	2.51	481040	501756	2.47	402188	5.77052	21
sat14_SAT_dat.k95-24_1_rule_3.cnf.primal.hgr.random100	reduce10	1540071	6036162	2.51	481040	501756	2.47	402188	6.40382	21
sat14_SAT_dat.k95-24_1_rule_3.cnf.primal.hgr.random100	reduce11	1540071	6036162	2.51	586322	1564564	2.24	366109	5.85113	21
sat14_SAT_dat.k95-24_1_rule_3.cnf.primal.hgr.random100	reduce12	1540071	6036162	2.51	481040	501756	2.47	402188	5.69516	21
sat14_SAT_dat.k95-24_1_rule_3.cnf.primal.hgr.random100	reduce1	1540071	6036162	2.51	1540071	5988525	2.52	0	0.77471	203
sat14_SAT_dat.k95-24_1_rule_3.cnf.primal.hgr.random100	reduce2	1540071	6036162	2.51	1494757	5988525	2.52	45314	0.73258	203
sat14_SAT_dat.k95-24_1_rule_3.cnf.primal.hgr.random100	reduce15	1540071	6036162	2.51	921300	916567	2.98	257460	3.47473	21
sat14_SAT_dat.k95-24_1_rule_3.cnf.primal.hgr.random100	reduce13	1540071	6036162	2.51	481425	502039	2.47	402048	5.75234	21
sat14_SAT_dat.k95-24_1_rule_3.cnf.primal.hgr.random100	reduce14	1540071	6036162	2.51	481040	501756	2.47	402188	5.47453	21
sat14_SAT_dat.k95-24_1_rule_3.cnf.primal.hgr.random100	reduce3	1540071	6036162	2.51	1540071	1452486	3.96	0	1.18556	203
sat14_SAT_dat.k95-24_1_rule_3.cnf.primal.hgr.random100	reduce4	1540071	6036162	2.51	1330965	4534390	2.45	88581	1.50512	203
sat14_SAT_dat.k95-24_1_rule_3.cnf.primal.hgr.random100	reduce5	1540071	6036162	2.51	1369996	4089491	2.36	56932	2.67070	203
sat14_SAT_dat.k95-24_1_rule_3.cnf.primal.hgr.random100	reduce6	1540071	6036162	2.51	1494757	5988525	2.52	45314	1.79392	203
sat14_SAT_dat.k95-24_1_rule_3.cnf.primal.hgr.random100	reduce7	1540071	6036162	2.51	1073734	2456905	2.38	0	4.84249	203
sat14_SAT_dat.k95-24_1_rule_3.cnf.primal.hgr.random100	reduce8	1540071	6036162	2.51	481040	501756	2.47	402188	5.90045	203
sat14_SAT_dat.k95-24_1_rule_3.cnf.primal.hgr.random100	reduce9	1540071	6036162	2.51	481040	501756	2.47	402188	5.75864	203
sat14_SAT_dat.k95-24_1_rule_3.cnf.primal.hgr.random100	reduce10	1540071	6036162	2.51	481040	501756	2.47	402188	6.37850	203
sat14_SAT_dat.k95-24_1_rule_3.cnf.primal.hgr.random100	reduce11	1540071	6036162	2.51	586322	1564564	2.24	366109	5.81965	203
sat14_SAT_dat.k95-24_1_rule_3.cnf.primal.hgr.random100	reduce12	1540071	6036162	2.51	481040	501756	2.47	402188	5.67504	203
sat14_SAT_dat.k95-24_1_rule_3.cnf.primal.hgr.random100	reduce1	1540071	6036162	2.51	1540071	5988525	2.52	0	0.77087	1002
sat14_SAT_dat.k95-24_1_rule_3.cnf.primal.hgr.random100	reduce2	1540071	6036162	2.51	1494757	5988525	2.52	45314	0.73813	1002
sat14_SAT_dat.k95-24_1_rule_3.cnf.primal.hgr.random100	reduce15	1540071	6036162	2.51	921300	916567	2.98	257460	3.46196	203
sat14_SAT_dat.k95-24_1_rule_3.cnf.primal.hgr.random100	reduce13	1540071	6036162	2.51	481425	502039	2.47	402048	5.76880	203
sat14_SAT_dat.k95-24_1_rule_3.cnf.primal.hgr.random100	reduce3	1540071	6036162	2.51	1540071	1452486	3.96	0	1.17853	1002
sat14_SAT_dat.k95-24_1_rule_3.cnf.primal.hgr.random100	reduce14	1540071	6036162	2.51	481040	501756	2.47	402188	5.47182	203
sat14_SAT_dat.k95-24_1_rule_3.cnf.primal.hgr.random100	reduce4	1540071	6036162	2.51	1330965	4534390	2.45	88581	1.48952	1002
sat14_SAT_dat.k95-24_1_rule_3.cnf.primal.hgr.random100	reduce5	1540071	6036162	2.51	1369996	4089491	2.36	56932	2.68106	1002
sat14_SAT_dat.k95-24_1_rule_3.cnf.primal.hgr.random100	reduce6	1540071	6036162	2.51	1494757	5988525	2.52	45314	1.78942	1002
sat14_SAT_dat.k95-24_1_rule_3.cnf.primal.hgr.random100	reduce7	1540071	6036162	2.51	1073734	2456905	2.38	0	4.83914	1002
sat14_SAT_dat.k95-24_1_rule_3.cnf.primal.hgr.random100	reduce8	1540071	6036162	2.51	481040	501756	2.47	402188	5.89184	1002
sat14_SAT_dat.k95-24_1_rule_3.cnf.primal.hgr.random100	reduce9	1540071	6036162	2.51	481040	501756	2.47	402188	5.76037	1002
sat14_slp-synthesis-aes-top29.cnf.primal.hgr.random100	reduce1	94998	302862	2.45	94998	302861	2.45	0	0.03418	1
sat14_SAT_dat.k95-24_1_rule_3.cnf.primal.hgr.random100	reduce10	1540071	6036162	2.51	481040	501756	2.47	402188	6.37821	1002
sat14_slp-synthesis-aes-top29.cnf.primal.hgr.random100	reduce2	94998	302862	2.45	94998	302861	2.45	0	0.03190	1
sat14_SAT_dat.k95-24_1_rule_3.cnf.primal.hgr.random100	reduce11	1540071	6036162	2.51	586322	1564564	2.24	366109	5.85019	1002
sat14_SAT_dat.k95-24_1_rule_3.cnf.primal.hgr.random100	reduce12	1540071	6036162	2.51	481040	501756	2.47	402188	5.68709	1002
sat14_slp-synthesis-aes-top29.cnf.primal.hgr.random100	reduce3	94998	302862	2.45	94998	93258	3.15	0	0.08978	1
sat14_SAT_dat.k95-24_1_rule_3.cnf.primal.hgr.random100	reduce15	1540071	6036162	2.51	921300	916567	2.98	257460	3.46985	1002
sat14_SAT_dat.k95-24_1_rule_3.cnf.primal.hgr.random100	reduce13	1540071	6036162	2.51	481425	502039	2.47	402048	5.77660	1002
sat14_slp-synthesis-aes-top29.cnf.primal.hgr.random100	reduce4	94998	302862	2.45	94998	302861	2.45	0	0.06584	1
sat14_SAT_dat.k95-24_1_rule_3.cnf.primal.hgr.random100	reduce14	1540071	6036162	2.51	481040	501756	2.47	402188	5.48014	1002
sat14_slp-synthesis-aes-top29.cnf.primal.hgr.random100	reduce5	94998	302862	2.45	94996	302773	2.45	0	0.33733	1
sat14_slp-synthesis-aes-top29.cnf.primal.hgr.random100	reduce6	94998	302862	2.45	94998	302861	2.45	0	0.31054	1
sat14_slp-synthesis-aes-top29.cnf.primal.hgr.random100	reduce8	94998	302862	2.45	0	0	0.00	32017	0.87349	1
sat14_slp-synthesis-aes-top29.cnf.primal.hgr.random100	reduce9	94998	302862	2.45	0	0	0.00	32017	0.86557	1
sat14_slp-synthesis-aes-top29.cnf.primal.hgr.random100	reduce10	94998	302862	2.45	0	0	0.00	32017	0.93545	1
sat14_post-cbmc-aes-ee-r2-noholes.cnf.dual.hgr.random100	reduce12	1575975	266199	15.93	661681	122512	10.96	73900	391.56602	1002
sat14_slp-synthesis-aes-top29.cnf.primal.hgr.random100	reduce12	94998	302862	2.45	0	0	0.00	32017	0.86427	1
sat14_slp-synthesis-aes-top29.cnf.primal.hgr.random100	reduce13	94998	302862	2.45	0	0	0.00	32017	0.85559	1
sat14_slp-synthesis-aes-top29.cnf.primal.hgr.random100	reduce14	94998	302862	2.45	0	0	0.00	32017	0.85638	1
sat14_slp-synthesis-aes-top29.cnf.primal.hgr.random100	reduce15	94998	302862	2.45	91404	93166	3.06	31	0.17523	1
sat14_slp-synthesis-aes-top29.cnf.primal.hgr.random100	reduce1	94998	302862	2.45	94998	302861	2.45	0	0.03527	21
sat14_slp-synthesis-aes-top29.cnf.primal.hgr.random100	reduce2	94998	302862	2.45	94998	302861	2.45	0	0.03152	21
sat14_slp-synthesis-aes-top29.cnf.primal.hgr.random100	reduce3	94998	302862	2.45	94998	93258	3.15	0	0.08994	21
sat14_slp-synthesis-aes-top29.cnf.primal.hgr.random100	reduce4	94998	302862	2.45	94998	302861	2.45	0	0.06365	21
sat14_slp-synthesis-aes-top29.cnf.primal.hgr.random100	reduce5	94998	302862	2.45	94996	302773	2.45	0	0.33811	21
sat14_slp-synthesis-aes-top29.cnf.primal.hgr.random100	reduce6	94998	302862	2.45	94998	302861	2.45	0	0.31188	21
sat14_slp-synthesis-aes-top29.cnf.primal.hgr.random100	reduce8	94998	302862	2.45	0	0	0.00	32017	0.87082	21
sat14_slp-synthesis-aes-top29.cnf.primal.hgr.random100	reduce9	94998	302862	2.45	0	0	0.00	32017	0.86597	21
sat14_slp-synthesis-aes-top29.cnf.primal.hgr.random100	reduce10	94998	302862	2.45	0	0	0.00	32017	0.94023	21
sat14_slp-synthesis-aes-top29.cnf.primal.hgr.random100	reduce12	94998	302862	2.45	0	0	0.00	32017	0.86081	21
sat14_slp-synthesis-aes-top29.cnf.primal.hgr.random100	reduce13	94998	302862	2.45	0	0	0.00	32017	0.85088	21
sat14_slp-synthesis-aes-top29.cnf.primal.hgr.random100	reduce14	94998	302862	2.45	0	0	0.00	32017	0.85345	21
sat14_slp-synthesis-aes-top29.cnf.primal.hgr.random100	reduce15	94998	302862	2.45	91404	93166	3.06	31	0.16913	21
sat14_slp-synthesis-aes-top29.cnf.primal.hgr.random100	reduce1	94998	302862	2.45	94998	302861	2.45	0	0.03397	203
sat14_slp-synthesis-aes-top29.cnf.primal.hgr.random100	reduce2	94998	302862	2.45	94998	302861	2.45	0	0.03136	203
sat14_slp-synthesis-aes-top29.cnf.primal.hgr.random100	reduce3	94998	302862	2.45	94998	93258	3.15	0	0.08876	203
sat14_slp-synthesis-aes-top29.cnf.primal.hgr.random100	reduce4	94998	302862	2.45	94998	302861	2.45	0	0.06322	203
sat14_slp-synthesis-aes-top29.cnf.primal.hgr.random100	reduce5	94998	302862	2.45	94996	302773	2.45	0	0.33628	203
sat14_slp-synthesis-aes-top29.cnf.primal.hgr.random100	reduce6	94998	302862	2.45	94998	302861	2.45	0	0.30613	203
sat14_slp-synthesis-aes-top29.cnf.primal.hgr.random100	reduce8	94998	302862	2.45	0	0	0.00	32017	0.87406	203
sat14_slp-synthesis-aes-top29.cnf.primal.hgr.random100	reduce9	94998	302862	2.45	0	0	0.00	32017	0.86602	203
sat14_slp-synthesis-aes-top29.cnf.primal.hgr.random100	reduce10	94998	302862	2.45	0	0	0.00	32017	0.93560	203
sat14_slp-synthesis-aes-top29.cnf.primal.hgr.random100	reduce12	94998	302862	2.45	0	0	0.00	32017	0.86172	203
sat14_slp-synthesis-aes-top29.cnf.primal.hgr.random100	reduce13	94998	302862	2.45	0	0	0.00	32017	0.85036	203
sat14_slp-synthesis-aes-top29.cnf.primal.hgr.random100	reduce14	94998	302862	2.45	0	0	0.00	32017	0.85459	203
sat14_slp-synthesis-aes-top29.cnf.primal.hgr.random100	reduce15	94998	302862	2.45	91404	93166	3.06	31	0.17141	203
sat14_slp-synthesis-aes-top29.cnf.primal.hgr.random100	reduce1	94998	302862	2.45	94998	302861	2.45	0	0.03380	1002
sat14_slp-synthesis-aes-top29.cnf.primal.hgr.random100	reduce2	94998	302862	2.45	94998	302861	2.45	0	0.03104	1002
sat14_slp-synthesis-aes-top29.cnf.primal.hgr.random100	reduce3	94998	302862	2.45	94998	93258	3.15	0	0.08996	1002
sat14_slp-synthesis-aes-top29.cnf.primal.hgr.random100	reduce4	94998	302862	2.45	94998	302861	2.45	0	0.06424	1002
sat14_slp-synthesis-aes-top29.cnf.primal.hgr.random100	reduce5	94998	302862	2.45	94996	302773	2.45	0	0.33901	1002
sat14_slp-synthesis-aes-top29.cnf.primal.hgr.random100	reduce6	94998	302862	2.45	94998	302861	2.45	0	0.30576	1002
sat14_slp-synthesis-aes-top29.cnf.primal.hgr.random100	reduce8	94998	302862	2.45	0	0	0.00	32017	0.87411	1002
sat14_slp-synthesis-aes-top29.cnf.primal.hgr.random100	reduce9	94998	302862	2.45	0	0	0.00	32017	0.87048	1002
sat14_slp-synthesis-aes-top29.cnf.primal.hgr.random100	reduce10	94998	302862	2.45	0	0	0.00	32017	0.93526	1002
sat14_slp-synthesis-aes-top29.cnf.primal.hgr.random100	reduce7	94998	302862	2.45	32813	3019	2.01	0	55.36368	1
sat14_slp-synthesis-aes-top29.cnf.primal.hgr.random100	reduce12	94998	302862	2.45	0	0	0.00	32017	0.86574	1002
sat14_slp-synthesis-aes-top29.cnf.primal.hgr.random100	reduce13	94998	302862	2.45	0	0	0.00	32017	0.85058	1002
sat14_slp-synthesis-aes-top29.cnf.primal.hgr.random100	reduce14	94998	302862	2.45	0	0	0.00	32017	0.85995	1002
sat14_slp-synthesis-aes-top29.cnf.primal.hgr.random100	reduce15	94998	302862	2.45	91404	93166	3.06	31	0.17285	1002
sat14_UCG-15-10p1.cnf.hgr.random100	reduce1	400006	1019221	2.39	400006	1008972	2.40	0	0.13218	1
sat14_slp-synthesis-aes-top29.cnf.primal.hgr.random100	reduce11	94998	302862	2.45	837	1829	2.05	31590	57.13539	1
sat14_UCG-15-10p1.cnf.hgr.random100	reduce2	400006	1019221	2.39	331760	818711	2.41	28362	0.12726	1
sat14_UCG-15-10p1.cnf.hgr.random100	reduce3	400006	1019221	2.39	400006	943882	2.41	0	0.25702	1
sat14_UCG-15-10p1.cnf.hgr.random100	reduce4	400006	1019221	2.39	303460	818711	2.34	28362	0.20447	1
sat14_UCG-15-10p1.cnf.hgr.random100	reduce5	400006	1019221	2.39	337519	894759	2.32	0	0.40462	1
sat14_UCG-15-10p1.cnf.hgr.random100	reduce6	400006	1019221	2.39	303540	762211	2.43	50922	0.42604	1
sat14_UCG-15-10p1.cnf.hgr.random100	reduce7	400006	1019221	2.39	182218	229689	2.69	0	0.53352	1
sat14_UCG-15-10p1.cnf.hgr.random100	reduce8	400006	1019221	2.39	55167	229689	2.69	127051	0.72145	1
sat14_UCG-15-10p1.cnf.hgr.random100	reduce9	400006	1019221	2.39	55167	229689	2.69	127051	0.70164	1
sat14_UCG-15-10p1.cnf.hgr.random100	reduce10	400006	1019221	2.39	55167	229689	2.69	127051	0.77167	1
sat14_UCG-15-10p1.cnf.hgr.random100	reduce11	400006	1019221	2.39	55167	229689	2.69	127051	0.62475	1
sat14_slp-synthesis-aes-top29.cnf.primal.hgr.random100	reduce7	94998	302862	2.45	32813	3019	2.01	0	55.23341	21
sat14_UCG-15-10p1.cnf.hgr.random100	reduce12	400006	1019221	2.39	55167	229689	2.69	127051	0.70640	1
sat14_UCG-15-10p1.cnf.hgr.random100	reduce13	400006	1019221	2.39	55167	229689	2.69	127051	0.63087	1
sat14_UCG-15-10p1.cnf.hgr.random100	reduce14	400006	1019221	2.39	55167	229689	2.69	127051	0.64303	1
sat14_UCG-15-10p1.cnf.hgr.random100	reduce15	400006	1019221	2.39	258960	668424	2.39	56209	0.60149	1
sat14_UCG-15-10p1.cnf.hgr.random100	reduce1	400006	1019221	2.39	400006	1008972	2.40	0	0.12444	21
sat14_UCG-15-10p1.cnf.hgr.random100	reduce2	400006	1019221	2.39	331760	818711	2.41	28362	0.12190	21
sat14_slp-synthesis-aes-top29.cnf.primal.hgr.random100	reduce11	94998	302862	2.45	837	1829	2.05	31590	57.01257	21
sat14_UCG-15-10p1.cnf.hgr.random100	reduce3	400006	1019221	2.39	400006	943882	2.41	0	0.25885	21
sat14_UCG-15-10p1.cnf.hgr.random100	reduce4	400006	1019221	2.39	303460	818711	2.34	28362	0.20857	21
sat14_UCG-15-10p1.cnf.hgr.random100	reduce5	400006	1019221	2.39	337519	894759	2.32	0	0.40050	21
sat14_UCG-15-10p1.cnf.hgr.random100	reduce6	400006	1019221	2.39	303540	762211	2.43	50922	0.42884	21
sat14_UCG-15-10p1.cnf.hgr.random100	reduce7	400006	1019221	2.39	182218	229689	2.69	0	0.53896	21
sat14_UCG-15-10p1.cnf.hgr.random100	reduce8	400006	1019221	2.39	55167	229689	2.69	127051	0.71041	21
sat14_UCG-15-10p1.cnf.hgr.random100	reduce9	400006	1019221	2.39	55167	229689	2.69	127051	0.69471	21
sat14_UCG-15-10p1.cnf.hgr.random100	reduce10	400006	1019221	2.39	55167	229689	2.69	127051	0.77104	21
sat14_UCG-15-10p1.cnf.hgr.random100	reduce11	400006	1019221	2.39	55167	229689	2.69	127051	0.61930	21
sat14_slp-synthesis-aes-top29.cnf.primal.hgr.random100	reduce7	94998	302862	2.45	32813	3019	2.01	0	55.30758	203
sat14_UCG-15-10p1.cnf.hgr.random100	reduce12	400006	1019221	2.39	55167	229689	2.69	127051	0.70172	21
sat14_UCG-15-10p1.cnf.hgr.random100	reduce13	400006	1019221	2.39	55167	229689	2.69	127051	0.62824	21
sat14_UCG-15-10p1.cnf.hgr.random100	reduce14	400006	1019221	2.39	55167	229689	2.69	127051	0.64734	21
sat14_UCG-15-10p1.cnf.hgr.random100	reduce15	400006	1019221	2.39	258960	668424	2.39	56209	0.60419	21
sat14_UCG-15-10p1.cnf.hgr.random100	reduce1	400006	1019221	2.39	400006	1008972	2.40	0	0.12846	203
sat14_slp-synthesis-aes-top29.cnf.primal.hgr.random100	reduce11	94998	302862	2.45	837	1829	2.05	31590	57.08076	203
sat14_UCG-15-10p1.cnf.hgr.random100	reduce2	400006	1019221	2.39	331760	818711	2.41	28362	0.12297	203
sat14_UCG-15-10p1.cnf.hgr.random100	reduce3	400006	1019221	2.39	400006	943882	2.41	0	0.25964	203
sat14_UCG-15-10p1.cnf.hgr.random100	reduce4	400006	1019221	2.39	303460	818711	2.34	28362	0.20873	203
sat14_UCG-15-10p1.cnf.hgr.random100	reduce5	400006	1019221	2.39	337519	894759	2.32	0	0.40849	203
sat14_UCG-15-10p1.cnf.hgr.random100	reduce6	400006	1019221	2.39	303540	762211	2.43	50922	0.43530	203
sat14_UCG-15-10p1.cnf.hgr.random100	reduce7	400006	1019221	2.39	182218	229689	2.69	0	0.54247	203
sat14_UCG-15-10p1.cnf.hgr.random100	reduce8	400006	1019221	2.39	55167	229689	2.69	127051	0.73731	203
sat14_UCG-15-10p1.cnf.hgr.random100	reduce9	400006	1019221	2.39	55167	229689	2.69	127051	0.70997	203
sat14_UCG-15-10p1.cnf.hgr.random100	reduce10	400006	1019221	2.39	55167	229689	2.69	127051	0.78860	203
sat14_UCG-15-10p1.cnf.hgr.random100	reduce11	400006	1019221	2.39	55167	229689	2.69	127051	0.62970	203
sat14_slp-synthesis-aes-top29.cnf.primal.hgr.random100	reduce7	94998	302862	2.45	32813	3019	2.01	0	55.66770	1002
sat14_UCG-15-10p1.cnf.hgr.random100	reduce12	400006	1019221	2.39	55167	229689	2.69	127051	0.71606	203
sat14_UCG-15-10p1.cnf.hgr.random100	reduce13	400006	1019221	2.39	55167	229689	2.69	127051	0.63947	203
sat14_UCG-15-10p1.cnf.hgr.random100	reduce14	400006	1019221	2.39	55167	229689	2.69	127051	0.65621	203
sat14_UCG-15-10p1.cnf.hgr.random100	reduce15	400006	1019221	2.39	258960	668424	2.39	56209	0.61507	203
sat14_UCG-15-10p1.cnf.hgr.random100	reduce1	400006	1019221	2.39	400006	1008972	2.40	0	0.12234	1002
sat14_UCG-15-10p1.cnf.hgr.random100	reduce2	400006	1019221	2.39	331760	818711	2.41	28362	0.12524	1002
sat14_slp-synthesis-aes-top29.cnf.primal.hgr.random100	reduce11	94998	302862	2.45	837	1829	2.05	31590	57.52972	1002
sat14_UCG-15-10p1.cnf.hgr.random100	reduce3	400006	1019221	2.39	400006	943882	2.41	0	0.26083	1002
sat14_UCG-15-10p1.cnf.hgr.random100	reduce4	400006	1019221	2.39	303460	818711	2.34	28362	0.21067	1002
sat14_UCG-15-10p1.cnf.hgr.random100	reduce5	400006	1019221	2.39	337519	894759	2.32	0	0.40123	1002
sat14_UCG-15-10p1.cnf.hgr.random100	reduce6	400006	1019221	2.39	303540	762211	2.43	50922	0.43476	1002
sat14_UCG-15-10p1.cnf.hgr.random100	reduce7	400006	1019221	2.39	182218	229689	2.69	0	0.54889	1002
sat14_UCG-15-10p1.cnf.hgr.random100	reduce8	400006	1019221	2.39	55167	229689	2.69	127051	0.72505	1002
sat14_UCG-15-10p1.cnf.hgr.random100	reduce9	400006	1019221	2.39	55167	229689	2.69	127051	0.70730	1002
sat14_UCG-15-10p1.cnf.hgr.random100	reduce10	400006	1019221	2.39	55167	229689	2.69	127051	0.78363	1002
sat14_UCG-15-10p1.cnf.hgr.random100	reduce11	400006	1019221	2.39	55167	229689	2.69	127051	0.62446	1002
sat14_UCG-15-10p1.cnf.hgr.random100	reduce12	400006	1019221	2.39	55167	229689	2.69	127051	0.72280	1002
sat14_UCG-15-10p1.cnf.hgr.random100	reduce13	400006	1019221	2.39	55167	229689	2.69	127051	0.63581	1002
sat14_UCG-15-10p1.cnf.hgr.random100	reduce14	400006	1019221	2.39	55167	229689	2.69	127051	0.65415	1002
sat14_UCG-15-10p1.cnf.hgr.random100	reduce15	400006	1019221	2.39	258960	668424	2.39	56209	0.60735	1002
sat14_UCG-15-10p1.cnf.primal.hgr.random100	reduce1	200003	1019221	2.39	200003	1008972	2.40	0	0.11332	1
sat14_UCG-15-10p1.cnf.primal.hgr.random100	reduce2	200003	1019221	2.39	200003	1008972	2.40	0	0.10053	1
sat14_UCG-15-10p1.cnf.primal.hgr.random100	reduce3	200003	1019221	2.39	200003	481853	2.81	0	0.21572	1
sat14_UCG-15-10p1.cnf.primal.hgr.random100	reduce4	200003	1019221	2.39	200003	1008972	2.40	0	0.13468	1
sat14_UCG-15-10p1.cnf.primal.hgr.random100	reduce5	200003	1019221	2.39	196544	973944	2.35	0	0.30126	1
sat14_UCG-15-10p1.cnf.primal.hgr.random100	reduce6	200003	1019221	2.39	200003	1008972	2.40	0	0.26157	1
sat14_UCG-15-10p1.cnf.primal.hgr.random100	reduce7	200003	1019221	2.39	159085	706465	2.35	0	0.40937	1
sat14_UCG-15-10p1.cnf.primal.hgr.random100	reduce8	200003	1019221	2.39	155379	273436	2.85	703	0.72361	1
sat14_UCG-15-10p1.cnf.primal.hgr.random100	reduce9	200003	1019221	2.39	155379	273436	2.85	703	0.70782	1
sat14_UCG-15-10p1.cnf.primal.hgr.random100	reduce10	200003	1019221	2.39	155379	273436	2.85	703	0.71473	1
sat14_UCG-15-10p1.cnf.primal.hgr.random100	reduce11	200003	1019221	2.39	155379	684777	2.35	703	0.63780	1
sat14_UCG-15-10p1.cnf.primal.hgr.random100	reduce12	200003	1019221	2.39	155379	273436	2.85	703	0.70544	1
sat14_UCG-15-10p1.cnf.primal.hgr.random100	reduce13	200003	1019221	2.39	158179	283276	2.84	703	0.62488	1
sat14_UCG-15-10p1.cnf.primal.hgr.random100	reduce14	200003	1019221	2.39	155379	273436	2.85	703	0.64052	1
sat14_UCG-15-10p1.cnf.primal.hgr.random100	reduce15	200003	1019221	2.39	196520	414909	2.80	10	0.50778	1
sat14_UCG-15-10p1.cnf.primal.hgr.random100	reduce1	200003	1019221	2.39	200003	1008972	2.40	0	0.11250	21
sat14_UCG-15-10p1.cnf.primal.hgr.random100	reduce2	200003	1019221	2.39	200003	1008972	2.40	0	0.10545	21
sat14_UCG-15-10p1.cnf.primal.hgr.random100	reduce3	200003	1019221	2.39	200003	481853	2.81	0	0.21302	21
sat14_UCG-15-10p1.cnf.primal.hgr.random100	reduce4	200003	1019221	2.39	200003	1008972	2.40	0	0.13321	21
sat14_UCG-15-10p1.cnf.primal.hgr.random100	reduce5	200003	1019221	2.39	196544	973944	2.35	0	0.30778	21
sat14_UCG-15-10p1.cnf.primal.hgr.random100	reduce6	200003	1019221	2.39	200003	1008972	2.40	0	0.26006	21
sat14_UCG-15-10p1.cnf.primal.hgr.random100	reduce7	200003	1019221	2.39	159085	706465	2.35	0	0.40181	21
sat14_UCG-15-10p1.cnf.primal.hgr.random100	reduce8	200003	1019221	2.39	155379	273436	2.85	703	0.72120	21
sat14_UCG-15-10p1.cnf.primal.hgr.random100	reduce9	200003	1019221	2.39	155379	273436	2.85	703	0.71059	21
sat14_UCG-15-10p1.cnf.primal.hgr.random100	reduce10	200003	1019221	2.39	155379	273436	2.85	703	0.71764	21
sat14_UCG-15-10p1.cnf.primal.hgr.random100	reduce11	200003	1019221	2.39	155379	684777	2.35	703	0.63338	21
sat14_UCG-15-10p1.cnf.primal.hgr.random100	reduce12	200003	1019221	2.39	155379	273436	2.85	703	0.70263	21
sat14_UCG-15-10p1.cnf.primal.hgr.random100	reduce13	200003	1019221	2.39	158179	283276	2.84	703	0.62659	21
sat14_UCG-15-10p1.cnf.primal.hgr.random100	reduce14	200003	1019221	2.39	155379	273436	2.85	703	0.64501	21
sat14_UCG-15-10p1.cnf.primal.hgr.random100	reduce15	200003	1019221	2.39	196520	414909	2.80	10	0.49649	21
sat14_UCG-15-10p1.cnf.primal.hgr.random100	reduce1	200003	1019221	2.39	200003	1008972	2.40	0	0.11535	203
sat14_UCG-15-10p1.cnf.primal.hgr.random100	reduce2	200003	1019221	2.39	200003	1008972	2.40	0	0.10139	203
sat14_UCG-15-10p1.cnf.primal.hgr.random100	reduce3	200003	1019221	2.39	200003	481853	2.81	0	0.21277	203
sat14_UCG-15-10p1.cnf.primal.hgr.random100	reduce4	200003	1019221	2.39	200003	1008972	2.40	0	0.13287	203
sat14_UCG-15-10p1.cnf.primal.hgr.random100	reduce5	200003	1019221	2.39	196544	973944	2.35	0	0.30846	203
sat14_UCG-15-10p1.cnf.primal.hgr.random100	reduce6	200003	1019221	2.39	200003	1008972	2.40	0	0.26605	203
sat14_UCG-15-10p1.cnf.primal.hgr.random100	reduce7	200003	1019221	2.39	159085	706465	2.35	0	0.40718	203
sat14_UCG-15-10p1.cnf.primal.hgr.random100	reduce8	200003	1019221	2.39	155379	273436	2.85	703	0.72302	203
sat14_UCG-15-10p1.cnf.primal.hgr.random100	reduce9	200003	1019221	2.39	155379	273436	2.85	703	0.70967	203
sat14_UCG-15-10p1.cnf.primal.hgr.random100	reduce10	200003	1019221	2.39	155379	273436	2.85	703	0.71713	203
sat14_UCG-15-10p1.cnf.primal.hgr.random100	reduce11	200003	1019221	2.39	155379	684777	2.35	703	0.63974	203
sat14_UCG-15-10p1.cnf.primal.hgr.random100	reduce12	200003	1019221	2.39	155379	273436	2.85	703	0.70571	203
sat14_UCG-15-10p1.cnf.primal.hgr.random100	reduce13	200003	1019221	2.39	158179	283276	2.84	703	0.62357	203
sat14_UCG-15-10p1.cnf.primal.hgr.random100	reduce14	200003	1019221	2.39	155379	273436	2.85	703	0.63954	203
sat14_UCG-15-10p1.cnf.primal.hgr.random100	reduce15	200003	1019221	2.39	196520	414909	2.80	10	0.49442	203
sat14_UCG-15-10p1.cnf.primal.hgr.random100	reduce1	200003	1019221	2.39	200003	1008972	2.40	0	0.11843	1002
sat14_UCG-15-10p1.cnf.primal.hgr.random100	reduce2	200003	1019221	2.39	200003	1008972	2.40	0	0.10690	1002
sat14_UCG-15-10p1.cnf.primal.hgr.random100	reduce3	200003	1019221	2.39	200003	481853	2.81	0	0.21623	1002
sat14_UCG-15-10p1.cnf.primal.hgr.random100	reduce4	200003	1019221	2.39	200003	1008972	2.40	0	0.13011	1002
sat14_UCG-15-10p1.cnf.primal.hgr.random100	reduce5	200003	1019221	2.39	196544	973944	2.35	0	0.30272	1002
sat14_UCG-15-10p1.cnf.primal.hgr.random100	reduce6	200003	1019221	2.39	200003	1008972	2.40	0	0.26407	1002
sat14_UCG-15-10p1.cnf.primal.hgr.random100	reduce7	200003	1019221	2.39	159085	706465	2.35	0	0.40765	1002
sat14_UCG-15-10p1.cnf.primal.hgr.random100	reduce8	200003	1019221	2.39	155379	273436	2.85	703	0.72226	1002
sat14_UCG-15-10p1.cnf.primal.hgr.random100	reduce9	200003	1019221	2.39	155379	273436	2.85	703	0.70637	1002
sat14_UCG-15-10p1.cnf.primal.hgr.random100	reduce10	200003	1019221	2.39	155379	273436	2.85	703	0.71563	1002
sat14_UCG-15-10p1.cnf.primal.hgr.random100	reduce11	200003	1019221	2.39	155379	684777	2.35	703	0.63948	1002
sat14_UCG-15-10p1.cnf.primal.hgr.random100	reduce12	200003	1019221	2.39	155379	273436	2.85	703	0.70760	1002
sat14_UCG-15-10p1.cnf.primal.hgr.random100	reduce13	200003	1019221	2.39	158179	283276	2.84	703	0.62994	1002
sat14_UCG-15-10p1.cnf.primal.hgr.random100	reduce14	200003	1019221	2.39	155379	273436	2.85	703	0.64620	1002
sat14_UCG-15-10p1.cnf.primal.hgr.random100	reduce15	200003	1019221	2.39	196520	414909	2.80	10	0.49227	1002
shermanACb.mtx.hgr.random100.rendered	reduce1	18510	18510	7.84	18510	18369	7.89	0	0.00902	1
shermanACb.mtx.hgr.random100.rendered	reduce2	18510	18510	7.84	1889	1914	2.15	1022	0.00990	1
shermanACb.mtx.hgr.random100.rendered	reduce3	18510	18510	7.84	18510	6287	12.47	0	0.08192	1
shermanACb.mtx.hgr.random100.rendered	reduce4	18510	18510	7.84	147	77	2.36	1799	0.42982	1
shermanACb.mtx.hgr.random100.rendered	reduce8	18510	18510	7.84	0	0	0.00	1912	0.02732	1
shermanACb.mtx.hgr.random100.rendered	reduce9	18510	18510	7.84	0	0	0.00	1912	0.02293	1
shermanACb.mtx.hgr.random100.rendered	reduce10	18510	18510	7.84	0	0	0.00	1912	0.79207	1
shermanACb.mtx.hgr.random100.rendered	reduce11	18510	18510	7.84	0	0	0.00	1912	0.02473	1
shermanACb.mtx.hgr.random100.rendered	reduce6	18510	18510	7.84	18215	18073	6.70	85	6.50726	1
shermanACb.mtx.hgr.random100.rendered	reduce12	18510	18510	7.84	0	0	0.00	1912	0.02525	1
shermanACb.mtx.hgr.random100.rendered	reduce13	18510	18510	7.84	0	0	0.00	1912	0.02091	1
shermanACb.mtx.hgr.random100.rendered	reduce14	18510	18510	7.84	0	0	0.00	1912	0.02452	1
shermanACb.mtx.hgr.random100.rendered	reduce15	18510	18510	7.84	0	0	0.00	1912	0.02411	1
shermanACb.mtx.hgr.random100.rendered	reduce1	18510	18510	7.84	18510	18369	7.89	0	0.00862	21
shermanACb.mtx.hgr.random100.rendered	reduce2	18510	18510	7.84	1889	1914	2.15	1022	0.00991	21
shermanACb.mtx.hgr.random100.rendered	reduce3	18510	18510	7.84	18510	6287	12.47	0	0.08588	21
shermanACb.mtx.hgr.random100.rendered	reduce4	18510	18510	7.84	147	77	2.36	1799	0.43594	21
shermanACb.mtx.hgr.random100.rendered	reduce5	18510	18510	7.84	9620	12528	5.96	126	16.43315	1
shermanACb.mtx.hgr.random100.rendered	reduce8	18510	18510	7.84	0	0	0.00	1912	0.02648	21
shermanACb.mtx.hgr.random100.rendered	reduce9	18510	18510	7.84	0	0	0.00	1912	0.02273	21
shermanACb.mtx.hgr.random100.rendered	reduce10	18510	18510	7.84	0	0	0.00	1912	0.77813	21
shermanACb.mtx.hgr.random100.rendered	reduce11	18510	18510	7.84	0	0	0.00	1912	0.02563	21
shermanACb.mtx.hgr.random100.rendered	reduce12	18510	18510	7.84	0	0	0.00	1912	0.02066	21
shermanACb.mtx.hgr.random100.rendered	reduce6	18510	18510	7.84	18215	18073	6.70	85	6.79357	21
shermanACb.mtx.hgr.random100.rendered	reduce13	18510	18510	7.84	0	0	0.00	1912	0.02573	21
shermanACb.mtx.hgr.random100.rendered	reduce14	18510	18510	7.84	0	0	0.00	1912	0.02419	21
shermanACb.mtx.hgr.random100.rendered	reduce15	18510	18510	7.84	0	0	0.00	1912	0.02431	21
shermanACb.mtx.hgr.random100.rendered	reduce1	18510	18510	7.84	18510	18369	7.89	0	0.00861	203
shermanACb.mtx.hgr.random100.rendered	reduce2	18510	18510	7.84	1889	1914	2.15	1022	0.01692	203
shermanACb.mtx.hgr.random100.rendered	reduce3	18510	18510	7.84	18510	6287	12.47	0	0.08694	203
shermanACb.mtx.hgr.random100.rendered	reduce4	18510	18510	7.84	147	77	2.36	1799	0.43771	203
shermanACb.mtx.hgr.random100.rendered	reduce5	18510	18510	7.84	9620	12528	5.96	126	18.35798	21
shermanACb.mtx.hgr.random100.rendered	reduce8	18510	18510	7.84	0	0	0.00	1912	0.02632	203
shermanACb.mtx.hgr.random100.rendered	reduce9	18510	18510	7.84	0	0	0.00	1912	0.02283	203
shermanACb.mtx.hgr.random100.rendered	reduce10	18510	18510	7.84	0	0	0.00	1912	0.87241	203
shermanACb.mtx.hgr.random100.rendered	reduce11	18510	18510	7.84	0	0	0.00	1912	0.02589	203
shermanACb.mtx.hgr.random100.rendered	reduce6	18510	18510	7.84	18215	18073	6.70	85	6.49317	203
shermanACb.mtx.hgr.random100.rendered	reduce12	18510	18510	7.84	0	0	0.00	1912	0.02560	203
shermanACb.mtx.hgr.random100.rendered	reduce13	18510	18510	7.84	0	0	0.00	1912	0.02549	203
shermanACb.mtx.hgr.random100.rendered	reduce14	18510	18510	7.84	0	0	0.00	1912	0.02408	203
shermanACb.mtx.hgr.random100.rendered	reduce15	18510	18510	7.84	0	0	0.00	1912	0.02374	203
shermanACb.mtx.hgr.random100.rendered	reduce1	18510	18510	7.84	18510	18369	7.89	0	0.00885	1002
shermanACb.mtx.hgr.random100.rendered	reduce2	18510	18510	7.84	1889	1914	2.15	1022	0.01494	1002
shermanACb.mtx.hgr.random100.rendered	reduce3	18510	18510	7.84	18510	6287	12.47	0	0.08667	1002
shermanACb.mtx.hgr.random100.rendered	reduce4	18510	18510	7.84	147	77	2.36	1799	0.43466	1002
shermanACb.mtx.hgr.random100.rendered	reduce5	18510	18510	7.84	9620	12528	5.96	126	17.76698	203
shermanACb.mtx.hgr.random100.rendered	reduce8	18510	18510	7.84	0	0	0.00	1912	0.02587	1002
shermanACb.mtx.hgr.random100.rendered	reduce9	18510	18510	7.84	0	0	0.00	1912	0.02271	1002
shermanACb.mtx.hgr.random100.rendered	reduce10	18510	18510	7.84	0	0	0.00	1912	0.80499	1002
shermanACb.mtx.hgr.random100.rendered	reduce11	18510	18510	7.84	0	0	0.00	1912	0.02537	1002
shermanACb.mtx.hgr.random100.rendered	reduce12	18510	18510	7.84	0	0	0.00	1912	0.02493	1002
shermanACb.mtx.hgr.random100.rendered	reduce6	18510	18510	7.84	18215	18073	6.70	85	6.52848	1002
shermanACb.mtx.hgr.random100.rendered	reduce13	18510	18510	7.84	0	0	0.00	1912	0.02633	1002
shermanACb.mtx.hgr.random100.rendered	reduce14	18510	18510	7.84	0	0	0.00	1912	0.02456	1002
shermanACb.mtx.hgr.random100.rendered	reduce15	18510	18510	7.84	0	0	0.00	1912	0.02429	1002
ship_001.mtx.hgr.random100	reduce1	34920	34920	133.00	34920	34920	133.00	0	0.09983	1
ship_001.mtx.hgr.random100	reduce2	34920	34920	133.00	34920	34920	133.00	0	0.09756	1
ship_001.mtx.hgr.random100	reduce3	34920	34920	133.00	34920	1611	202.65	0	0.06486	1
ship_001.mtx.hgr.random100	reduce4	34920	34920	133.00	3780	33648	12.03	0	1.92039	1
ship_001.mtx.hgr.random100	reduce6	34920	34920	133.00	34920	34920	133.00	0	0.32875	1
shermanACb.mtx.hgr.random100.rendered	reduce5	18510	18510	7.84	9620	12528	5.96	126	18.27840	1002
ship_001.mtx.hgr.random100	reduce8	34920	34920	133.00	3133	1505	16.39	7	0.47604	1
ship_001.mtx.hgr.random100	reduce7	34920	34920	133.00	34920	34920	133.00	0	1.79235	1
ship_001.mtx.hgr.random100	reduce9	34920	34920	133.00	3133	1505	16.39	7	0.43975	1
ship_001.mtx.hgr.random100	reduce5	34920	34920	133.00	3292	32922	10.66	0	4.46401	1
ship_001.mtx.hgr.random100	reduce10	34920	34920	133.00	3133	1505	16.39	7	0.42254	1
ship_001.mtx.hgr.random100	reduce13	34920	34920	133.00	3133	1505	16.39	7	0.45009	1
ship_001.mtx.hgr.random100	reduce11	34920	34920	133.00	3242	32433	10.74	7	3.11799	1
ship_001.mtx.hgr.random100	reduce14	34920	34920	133.00	3133	1505	16.39	7	0.43319	1
ship_001.mtx.hgr.random100	reduce12	34920	34920	133.00	3133	1503	16.41	7	2.84583	1
ship_001.mtx.hgr.random100	reduce15	34920	34920	133.00	3290	1547	16.75	1	0.41406	1
ship_001.mtx.hgr.random100	reduce1	34920	34920	133.00	34920	34920	133.00	0	0.09492	21
ship_001.mtx.hgr.random100	reduce2	34920	34920	133.00	34920	34920	133.00	0	0.09751	21
ship_001.mtx.hgr.random100	reduce3	34920	34920	133.00	34920	1611	202.65	0	0.06398	21
ship_001.mtx.hgr.random100	reduce4	34920	34920	133.00	3780	33648	12.03	0	1.92915	21
ship_001.mtx.hgr.random100	reduce6	34920	34920	133.00	34920	34920	133.00	0	0.31330	21
ship_001.mtx.hgr.random100	reduce8	34920	34920	133.00	3133	1505	16.39	7	0.46885	21
ship_001.mtx.hgr.random100	reduce7	34920	34920	133.00	34920	34920	133.00	0	1.78816	21
ship_001.mtx.hgr.random100	reduce5	34920	34920	133.00	3292	32922	10.66	0	4.46254	21
ship_001.mtx.hgr.random100	reduce9	34920	34920	133.00	3133	1505	16.39	7	0.45323	21
ship_001.mtx.hgr.random100	reduce10	34920	34920	133.00	3133	1505	16.39	7	0.43009	21
ship_001.mtx.hgr.random100	reduce13	34920	34920	133.00	3133	1505	16.39	7	0.46329	21
ship_001.mtx.hgr.random100	reduce11	34920	34920	133.00	3242	32433	10.74	7	3.12809	21
ship_001.mtx.hgr.random100	reduce14	34920	34920	133.00	3133	1505	16.39	7	0.45760	21
ship_001.mtx.hgr.random100	reduce12	34920	34920	133.00	3133	1503	16.41	7	2.86240	21
ship_001.mtx.hgr.random100	reduce15	34920	34920	133.00	3290	1547	16.75	1	0.44225	21
ship_001.mtx.hgr.random100	reduce1	34920	34920	133.00	34920	34920	133.00	0	0.09724	203
ship_001.mtx.hgr.random100	reduce2	34920	34920	133.00	34920	34920	133.00	0	0.09474	203
ship_001.mtx.hgr.random100	reduce3	34920	34920	133.00	34920	1611	202.65	0	0.06387	203
ship_001.mtx.hgr.random100	reduce4	34920	34920	133.00	3780	33648	12.03	0	1.90968	203
ship_001.mtx.hgr.random100	reduce6	34920	34920	133.00	34920	34920	133.00	0	0.30649	203
ship_001.mtx.hgr.random100	reduce8	34920	34920	133.00	3133	1505	16.39	7	0.47864	203
ship_001.mtx.hgr.random100	reduce7	34920	34920	133.00	34920	34920	133.00	0	1.78736	203
ship_001.mtx.hgr.random100	reduce9	34920	34920	133.00	3133	1505	16.39	7	0.43549	203
ship_001.mtx.hgr.random100	reduce5	34920	34920	133.00	3292	32922	10.66	0	4.45083	203
ship_001.mtx.hgr.random100	reduce10	34920	34920	133.00	3133	1505	16.39	7	0.42141	203
ship_001.mtx.hgr.random100	reduce13	34920	34920	133.00	3133	1505	16.39	7	0.45101	203
ship_001.mtx.hgr.random100	reduce11	34920	34920	133.00	3242	32433	10.74	7	3.11376	203
ship_001.mtx.hgr.random100	reduce14	34920	34920	133.00	3133	1505	16.39	7	0.45464	203
ship_001.mtx.hgr.random100	reduce12	34920	34920	133.00	3133	1503	16.41	7	2.83098	203
ship_001.mtx.hgr.random100	reduce15	34920	34920	133.00	3290	1547	16.75	1	0.41582	203
ship_001.mtx.hgr.random100	reduce1	34920	34920	133.00	34920	34920	133.00	0	0.09648	1002
ship_001.mtx.hgr.random100	reduce2	34920	34920	133.00	34920	34920	133.00	0	0.09536	1002
ship_001.mtx.hgr.random100	reduce3	34920	34920	133.00	34920	1611	202.65	0	0.06276	1002
ship_001.mtx.hgr.random100	reduce4	34920	34920	133.00	3780	33648	12.03	0	1.91119	1002
ship_001.mtx.hgr.random100	reduce6	34920	34920	133.00	34920	34920	133.00	0	0.31031	1002
ship_001.mtx.hgr.random100	reduce8	34920	34920	133.00	3133	1505	16.39	7	0.47811	1002
ship_001.mtx.hgr.random100	reduce7	34920	34920	133.00	34920	34920	133.00	0	1.78003	1002
ship_001.mtx.hgr.random100	reduce5	34920	34920	133.00	3292	32922	10.66	0	4.44669	1002
ship_001.mtx.hgr.random100	reduce9	34920	34920	133.00	3133	1505	16.39	7	0.45726	1002
ship_001.mtx.hgr.random100	reduce10	34920	34920	133.00	3133	1505	16.39	7	0.42121	1002
ship_001.mtx.hgr.random100	reduce13	34920	34920	133.00	3133	1505	16.39	7	0.44650	1002
ship_001.mtx.hgr.random100	reduce11	34920	34920	133.00	3242	32433	10.74	7	3.19680	1002
ship_001.mtx.hgr.random100	reduce12	34920	34920	133.00	3133	1503	16.41	7	2.81791	1002
ship_001.mtx.hgr.random100	reduce14	34920	34920	133.00	3133	1505	16.39	7	0.46339	1002
ship_001.mtx.hgr.random100	reduce15	34920	34920	133.00	3290	1547	16.75	1	0.41640	1002
sls.mtx.hgr.random100	reduce1	62729	1748122	3.89	62729	1685394	4.00	0	0.28931	1
sls.mtx.hgr.random100	reduce2	62729	1748122	3.89	62729	1685394	4.00	0	0.25785	1
sls.mtx.hgr.random100	reduce4	62729	1748122	3.89	62729	1685394	4.00	0	0.29304	1
sls.mtx.hgr.random100	reduce5	62729	1748122	3.89	62520	1685394	3.99	0	0.86108	1
sls.mtx.hgr.random100	reduce6	62729	1748122	3.89	61875	1648594	2.99	709	0.94729	1
sls.mtx.hgr.random100	reduce3	62729	1748122	3.89	62729	1548633	4.00	0	6.58473	1
sls.mtx.hgr.random100	reduce7	62729	1748122	3.89	62440	1679314	2.00	0	3.75661	1
sls.mtx.hgr.random100	reduce11	62729	1748122	3.89	60661	1471517	2.00	1416	1.36910	1
sls.mtx.hgr.random100	reduce8	62729	1748122	3.89	60640	1362532	2.00	1429	7.95392	1
sls.mtx.hgr.random100	reduce1	62729	1748122	3.89	62729	1685394	4.00	0	0.28587	21
sls.mtx.hgr.random100	reduce2	62729	1748122	3.89	62729	1685394	4.00	0	0.25779	21
sls.mtx.hgr.random100	reduce9	62729	1748122	3.89	60640	1362532	2.00	1429	10.75811	1
sls.mtx.hgr.random100	reduce12	62729	1748122	3.89	60640	1362532	2.00	1429	7.83990	1
sls.mtx.hgr.random100	reduce10	62729	1748122	3.89	60640	1362532	2.00	1429	9.93013	1
sls.mtx.hgr.random100	reduce4	62729	1748122	3.89	62729	1685394	4.00	0	0.29699	21
sls.mtx.hgr.random100	reduce13	62729	1748122	3.89	60640	1362532	2.00	1429	7.54568	1
sls.mtx.hgr.random100	reduce14	62729	1748122	3.89	62239	1538519	2.00	200	7.93755	1
sls.mtx.hgr.random100	reduce5	62729	1748122	3.89	62520	1685394	3.99	0	0.85946	21
sls.mtx.hgr.random100	reduce15	62729	1748122	3.89	60644	1363343	2.00	1427	7.46654	1
sls.mtx.hgr.random100	reduce6	62729	1748122	3.89	61875	1648594	2.99	709	0.94492	21
sls.mtx.hgr.random100	reduce3	62729	1748122	3.89	62729	1548633	4.00	0	6.27360	21
sls.mtx.hgr.random100	reduce7	62729	1748122	3.89	62440	1679314	2.00	0	3.75420	21
sls.mtx.hgr.random100	reduce11	62729	1748122	3.89	60661	1471517	2.00	1416	1.38733	21
sls.mtx.hgr.random100	reduce8	62729	1748122	3.89	60640	1362532	2.00	1429	7.57479	21
sls.mtx.hgr.random100	reduce1	62729	1748122	3.89	62729	1685394	4.00	0	0.28686	203
sls.mtx.hgr.random100	reduce2	62729	1748122	3.89	62729	1685394	4.00	0	0.26208	203
sls.mtx.hgr.random100	reduce12	62729	1748122	3.89	60640	1362532	2.00	1429	7.52015	21
sls.mtx.hgr.random100	reduce9	62729	1748122	3.89	60640	1362532	2.00	1429	10.82438	21
sls.mtx.hgr.random100	reduce4	62729	1748122	3.89	62729	1685394	4.00	0	0.30022	203
sls.mtx.hgr.random100	reduce10	62729	1748122	3.89	60640	1362532	2.00	1429	10.46473	21
sls.mtx.hgr.random100	reduce13	62729	1748122	3.89	60640	1362532	2.00	1429	7.70606	21
sls.mtx.hgr.random100	reduce5	62729	1748122	3.89	62520	1685394	3.99	0	0.87281	203
sls.mtx.hgr.random100	reduce6	62729	1748122	3.89	61875	1648594	2.99	709	0.95657	203
sls.mtx.hgr.random100	reduce14	62729	1748122	3.89	62239	1538519	2.00	200	8.21510	21
sls.mtx.hgr.random100	reduce15	62729	1748122	3.89	60644	1363343	2.00	1427	7.82507	21
sls.mtx.hgr.random100	reduce3	62729	1748122	3.89	62729	1548633	4.00	0	6.25400	203
sls.mtx.hgr.random100	reduce7	62729	1748122	3.89	62440	1679314	2.00	0	3.74192	203
sls.mtx.hgr.random100	reduce11	62729	1748122	3.89	60661	1471517	2.00	1416	1.38878	203
sls.mtx.hgr.random100	reduce8	62729	1748122	3.89	60640	1362532	2.00	1429	7.92616	203
sls.mtx.hgr.random100	reduce1	62729	1748122	3.89	62729	1685394	4.00	0	0.28814	1002
sls.mtx.hgr.random100	reduce2	62729	1748122	3.89	62729	1685394	4.00	0	0.26083	1002
sls.mtx.hgr.random100	reduce9	62729	1748122	3.89	60640	1362532	2.00	1429	10.55273	203
sls.mtx.hgr.random100	reduce10	62729	1748122	3.89	60640	1362532	2.00	1429	10.08186	203
sls.mtx.hgr.random100	reduce12	62729	1748122	3.89	60640	1362532	2.00	1429	8.05938	203
sls.mtx.hgr.random100	reduce4	62729	1748122	3.89	62729	1685394	4.00	0	0.29923	1002
sls.mtx.hgr.random100	reduce13	62729	1748122	3.89	60640	1362532	2.00	1429	7.51118	203
sls.mtx.hgr.random100	reduce5	62729	1748122	3.89	62520	1685394	3.99	0	0.87749	1002
sls.mtx.hgr.random100	reduce14	62729	1748122	3.89	62239	1538519	2.00	200	8.24835	203
sls.mtx.hgr.random100	reduce15	62729	1748122	3.89	60644	1363343	2.00	1427	7.79959	203
sls.mtx.hgr.random100	reduce6	62729	1748122	3.89	61875	1648594	2.99	709	0.95896	1002
sls.mtx.hgr.random100	reduce3	62729	1748122	3.89	62729	1548633	4.00	0	6.34067	1002
sls.mtx.hgr.random100	reduce7	62729	1748122	3.89	62440	1679314	2.00	0	3.77250	1002
sls.mtx.hgr.random100	reduce11	62729	1748122	3.89	60661	1471517	2.00	1416	1.39153	1002
sls.mtx.hgr.random100	reduce8	62729	1748122	3.89	60640	1362532	2.00	1429	7.57676	1002
soc-sign-epinions.mtx.hgr.random100	reduce1	131828	95318	8.83	131828	42470	18.57	0	0.04925	1
soc-sign-epinions.mtx.hgr.random100	reduce2	131828	95318	8.83	1739	507	2.83	69119	0.14844	1
soc-sign-epinions.mtx.hgr.random100	reduce3	131828	95318	8.83	131828	32959	23.06	0	0.09936	1
sls.mtx.hgr.random100	reduce9	62729	1748122	3.89	60640	1362532	2.00	1429	10.44911	1002
sls.mtx.hgr.random100	reduce12	62729	1748122	3.89	60640	1362532	2.00	1429	7.51865	1002
sls.mtx.hgr.random100	reduce10	62729	1748122	3.89	60640	1362532	2.00	1429	10.11981	1002
soc-sign-epinions.mtx.hgr.random100	reduce4	131828	95318	8.83	9676	258	2.45	60983	0.65321	1
sls.mtx.hgr.random100	reduce13	62729	1748122	3.89	60640	1362532	2.00	1429	7.50689	1002
sls.mtx.hgr.random100	reduce14	62729	1748122	3.89	62239	1538519	2.00	200	8.35483	1002
sls.mtx.hgr.random100	reduce15	62729	1748122	3.89	60644	1363343	2.00	1427	7.48932	1002
soc-sign-epinions.mtx.hgr.random100	reduce8	131828	95318	8.83	0	0	0.00	70473	0.18956	1
soc-sign-epinions.mtx.hgr.random100	reduce6	131828	95318	8.83	2986	718	6.74	70060	4.02376	1
soc-sign-epinions.mtx.hgr.random100	reduce5	131828	95318	8.83	10476	13902	6.09	61518	5.21609	1
soc-sign-epinions.mtx.hgr.random100	reduce9	131828	95318	8.83	0	0	0.00	70473	0.19525	1
soc-sign-epinions.mtx.hgr.random100	reduce10	131828	95318	8.83	0	0	0.00	70473	0.92102	1
soc-sign-epinions.mtx.hgr.random100	reduce11	131828	95318	8.83	0	0	0.00	70473	0.18667	1
soc-sign-epinions.mtx.hgr.random100	reduce12	131828	95318	8.83	0	0	0.00	70473	0.18885	1
soc-sign-epinions.mtx.hgr.random100	reduce13	131828	95318	8.83	0	0	0.00	70473	0.18574	1
soc-sign-epinions.mtx.hgr.random100	reduce14	131828	95318	8.83	0	0	0.00	70473	0.17722	1
soc-sign-epinions.mtx.hgr.random100	reduce15	131828	95318	8.83	0	0	0.00	70473	0.17518	1
soc-sign-epinions.mtx.hgr.random100	reduce1	131828	95318	8.83	131828	42470	18.57	0	0.04804	21
soc-sign-epinions.mtx.hgr.random100	reduce2	131828	95318	8.83	1739	507	2.83	69119	0.14813	21
soc-sign-epinions.mtx.hgr.random100	reduce3	131828	95318	8.83	131828	32959	23.06	0	0.10487	21
soc-sign-epinions.mtx.hgr.random100	reduce4	131828	95318	8.83	9676	258	2.45	60983	0.65042	21
soc-sign-epinions.mtx.hgr.random100	reduce8	131828	95318	8.83	0	0	0.00	70473	0.19075	21
soc-sign-epinions.mtx.hgr.random100	reduce9	131828	95318	8.83	0	0	0.00	70473	0.19269	21
soc-sign-epinions.mtx.hgr.random100	reduce6	131828	95318	8.83	2986	718	6.74	70060	4.01431	21
soc-sign-epinions.mtx.hgr.random100	reduce5	131828	95318	8.83	10476	13902	6.09	61518	5.26754	21
soc-sign-epinions.mtx.hgr.random100	reduce10	131828	95318	8.83	0	0	0.00	70473	0.90935	21
soc-sign-epinions.mtx.hgr.random100	reduce11	131828	95318	8.83	0	0	0.00	70473	0.18457	21
soc-sign-epinions.mtx.hgr.random100	reduce12	131828	95318	8.83	0	0	0.00	70473	0.18616	21
soc-sign-epinions.mtx.hgr.random100	reduce13	131828	95318	8.83	0	0	0.00	70473	0.18683	21
soc-sign-epinions.mtx.hgr.random100	reduce14	131828	95318	8.83	0	0	0.00	70473	0.17680	21
soc-sign-epinions.mtx.hgr.random100	reduce15	131828	95318	8.83	0	0	0.00	70473	0.17482	21
soc-sign-epinions.mtx.hgr.random100	reduce1	131828	95318	8.83	131828	42470	18.57	0	0.05037	203
soc-sign-epinions.mtx.hgr.random100	reduce2	131828	95318	8.83	1739	507	2.83	69119	0.15440	203
soc-sign-epinions.mtx.hgr.random100	reduce3	131828	95318	8.83	131828	32959	23.06	0	0.09758	203
soc-sign-epinions.mtx.hgr.random100	reduce4	131828	95318	8.83	9676	258	2.45	60983	0.64932	203
soc-sign-epinions.mtx.hgr.random100	reduce8	131828	95318	8.83	0	0	0.00	70473	0.19082	203
soc-sign-epinions.mtx.hgr.random100	reduce6	131828	95318	8.83	2986	718	6.74	70060	4.07822	203
soc-sign-epinions.mtx.hgr.random100	reduce9	131828	95318	8.83	0	0	0.00	70473	0.20016	203
soc-sign-epinions.mtx.hgr.random100	reduce5	131828	95318	8.83	10476	13902	6.09	61518	5.51859	203
soc-sign-epinions.mtx.hgr.random100	reduce10	131828	95318	8.83	0	0	0.00	70473	0.92531	203
soc-sign-epinions.mtx.hgr.random100	reduce11	131828	95318	8.83	0	0	0.00	70473	0.18904	203
soc-sign-epinions.mtx.hgr.random100	reduce12	131828	95318	8.83	0	0	0.00	70473	0.19576	203
soc-sign-epinions.mtx.hgr.random100	reduce13	131828	95318	8.83	0	0	0.00	70473	0.18682	203
soc-sign-epinions.mtx.hgr.random100	reduce14	131828	95318	8.83	0	0	0.00	70473	0.17549	203
soc-sign-epinions.mtx.hgr.random100	reduce15	131828	95318	8.83	0	0	0.00	70473	0.17597	203
soc-sign-epinions.mtx.hgr.random100	reduce1	131828	95318	8.83	131828	42470	18.57	0	0.04983	1002
soc-sign-epinions.mtx.hgr.random100	reduce2	131828	95318	8.83	1739	507	2.83	69119	0.15125	1002
soc-sign-epinions.mtx.hgr.random100	reduce7	131828	95318	8.83	70473	0	0.00	0	45.47813	1
soc-sign-epinions.mtx.hgr.random100	reduce3	131828	95318	8.83	131828	32959	23.06	0	0.09839	1002
soc-sign-epinions.mtx.hgr.random100	reduce4	131828	95318	8.83	9676	258	2.45	60983	0.64481	1002
soc-sign-epinions.mtx.hgr.random100	reduce8	131828	95318	8.83	0	0	0.00	70473	0.19177	1002
soc-sign-epinions.mtx.hgr.random100	reduce9	131828	95318	8.83	0	0	0.00	70473	0.20034	1002
soc-sign-epinions.mtx.hgr.random100	reduce6	131828	95318	8.83	2986	718	6.74	70060	4.11707	1002
soc-sign-epinions.mtx.hgr.random100	reduce5	131828	95318	8.83	10476	13902	6.09	61518	5.79954	1002
soc-sign-epinions.mtx.hgr.random100	reduce10	131828	95318	8.83	0	0	0.00	70473	0.90608	1002
soc-sign-epinions.mtx.hgr.random100	reduce11	131828	95318	8.83	0	0	0.00	70473	0.19275	1002
soc-sign-epinions.mtx.hgr.random100	reduce12	131828	95318	8.83	0	0	0.00	70473	0.18879	1002
soc-sign-epinions.mtx.hgr.random100	reduce13	131828	95318	8.83	0	0	0.00	70473	0.18747	1002
soc-sign-epinions.mtx.hgr.random100	reduce14	131828	95318	8.83	0	0	0.00	70473	0.17923	1002
soc-sign-epinions.mtx.hgr.random100	reduce15	131828	95318	8.83	0	0	0.00	70473	0.17960	1002
TSOPF_FS_b162_c3.mtx.hgr.random100.rendered	reduce1	30798	30798	58.49	30798	30797	58.49	0	0.03475	1
TSOPF_FS_b162_c3.mtx.hgr.random100.rendered	reduce2	30798	30798	58.49	30797	30797	58.49	1	0.03575	1
TSOPF_FS_b162_c3.mtx.hgr.random100.rendered	reduce3	30798	30798	58.49	30798	15289	113.56	0	0.04489	1
soc-sign-epinions.mtx.hgr.random100	reduce7	131828	95318	8.83	70473	0	0.00	0	47.20453	21
TSOPF_FS_b162_c3.mtx.hgr.random100.rendered	reduce8	30798	30798	58.49	0	0	0.00	7556	0.28904	1
TSOPF_FS_b162_c3.mtx.hgr.random100.rendered	reduce9	30798	30798	58.49	0	0	0.00	7556	0.27024	1
TSOPF_FS_b162_c3.mtx.hgr.random100.rendered	reduce12	30798	30798	58.49	0	0	0.00	7556	0.29633	1
TSOPF_FS_b162_c3.mtx.hgr.random100.rendered	reduce13	30798	30798	58.49	0	0	0.00	7556	0.28902	1
TSOPF_FS_b162_c3.mtx.hgr.random100.rendered	reduce14	30798	30798	58.49	0	0	0.00	7556	0.28295	1
TSOPF_FS_b162_c3.mtx.hgr.random100.rendered	reduce15	30798	30798	58.49	0	0	0.00	7556	0.28285	1
TSOPF_FS_b162_c3.mtx.hgr.random100.rendered	reduce4	30798	30798	58.49	208	416	7.16	7515	13.13276	1
TSOPF_FS_b162_c3.mtx.hgr.random100.rendered	reduce1	30798	30798	58.49	30798	30797	58.49	0	0.03603	21
TSOPF_FS_b162_c3.mtx.hgr.random100.rendered	reduce2	30798	30798	58.49	30797	30797	58.49	1	0.03654	21
TSOPF_FS_b162_c3.mtx.hgr.random100.rendered	reduce3	30798	30798	58.49	30798	15289	113.56	0	0.04950	21
soc-sign-epinions.mtx.hgr.random100	reduce7	131828	95318	8.83	70473	0	0.00	0	49.05623	203
TSOPF_FS_b162_c3.mtx.hgr.random100.rendered	reduce6	30798	30798	58.49	30797	30797	58.49	1	16.78067	1
TSOPF_FS_b162_c3.mtx.hgr.random100.rendered	reduce8	30798	30798	58.49	0	0	0.00	7556	0.28884	21
TSOPF_FS_b162_c3.mtx.hgr.random100.rendered	reduce9	30798	30798	58.49	0	0	0.00	7556	0.27139	21
TSOPF_FS_b162_c3.mtx.hgr.random100.rendered	reduce12	30798	30798	58.49	0	0	0.00	7556	0.28526	21
TSOPF_FS_b162_c3.mtx.hgr.random100.rendered	reduce13	30798	30798	58.49	0	0	0.00	7556	0.28618	21
TSOPF_FS_b162_c3.mtx.hgr.random100.rendered	reduce10	30798	30798	58.49	0	0	0.00	7556	21.31641	1
TSOPF_FS_b162_c3.mtx.hgr.random100.rendered	reduce7	30798	30798	58.49	30411	30584	58.73	0	25.34477	1
TSOPF_FS_b162_c3.mtx.hgr.random100.rendered	reduce14	30798	30798	58.49	0	0	0.00	7556	0.28028	21
TSOPF_FS_b162_c3.mtx.hgr.random100.rendered	reduce15	30798	30798	58.49	0	0	0.00	7556	0.28891	21
TSOPF_FS_b162_c3.mtx.hgr.random100.rendered	reduce11	30798	30798	58.49	0	0	0.00	7556	22.12925	1
TSOPF_FS_b162_c3.mtx.hgr.random100.rendered	reduce1	30798	30798	58.49	30798	30797	58.49	0	0.03529	203
TSOPF_FS_b162_c3.mtx.hgr.random100.rendered	reduce4	30798	30798	58.49	208	416	7.16	7515	13.30575	21
TSOPF_FS_b162_c3.mtx.hgr.random100.rendered	reduce2	30798	30798	58.49	30797	30797	58.49	1	0.03535	203
TSOPF_FS_b162_c3.mtx.hgr.random100.rendered	reduce3	30798	30798	58.49	30798	15289	113.56	0	0.04459	203
soc-sign-epinions.mtx.hgr.random100	reduce7	131828	95318	8.83	70473	0	0.00	0	48.97833	1002
TSOPF_FS_b162_c3.mtx.hgr.random100.rendered	reduce6	30798	30798	58.49	30797	30797	58.49	1	16.84173	21
TSOPF_FS_b162_c3.mtx.hgr.random100.rendered	reduce8	30798	30798	58.49	0	0	0.00	7556	0.34152	203
TSOPF_FS_b162_c3.mtx.hgr.random100.rendered	reduce9	30798	30798	58.49	0	0	0.00	7556	0.27217	203
TSOPF_FS_b162_c3.mtx.hgr.random100.rendered	reduce7	30798	30798	58.49	30411	30584	58.73	0	20.06370	21
TSOPF_FS_b162_c3.mtx.hgr.random100.rendered	reduce12	30798	30798	58.49	0	0	0.00	7556	0.30947	203
TSOPF_FS_b162_c3.mtx.hgr.random100.rendered	reduce13	30798	30798	58.49	0	0	0.00	7556	0.28426	203
TSOPF_FS_b162_c3.mtx.hgr.random100.rendered	reduce14	30798	30798	58.49	0	0	0.00	7556	0.29566	203
TSOPF_FS_b162_c3.mtx.hgr.random100.rendered	reduce10	30798	30798	58.49	0	0	0.00	7556	21.71297	21
TSOPF_FS_b162_c3.mtx.hgr.random100.rendered	reduce15	30798	30798	58.49	0	0	0.00	7556	0.28253	203
TSOPF_FS_b162_c3.mtx.hgr.random100.rendered	reduce11	30798	30798	58.49	0	0	0.00	7556	22.17696	21
TSOPF_FS_b162_c3.mtx.hgr.random100.rendered	reduce1	30798	30798	58.49	30798	30797	58.49	0	0.03589	1002
TSOPF_FS_b162_c3.mtx.hgr.random100.rendered	reduce4	30798	30798	58.49	208	416	7.16	7515	13.29510	203
TSOPF_FS_b162_c3.mtx.hgr.random100.rendered	reduce2	30798	30798	58.49	30797	30797	58.49	1	0.03536	1002
TSOPF_FS_b162_c3.mtx.hgr.random100.rendered	reduce3	30798	30798	58.49	30798	15289	113.56	0	0.04413	1002
TSOPF_FS_b162_c3.mtx.hgr.random100.rendered	reduce6	30798	30798	58.49	30797	30797	58.49	1	16.88570	203
TSOPF_FS_b162_c3.mtx.hgr.random100.rendered	reduce8	30798	30798	58.49	0	0	0.00	7556	0.32471	1002
TSOPF_FS_b162_c3.mtx.hgr.random100.rendered	reduce9	30798	30798	58.49	0	0	0.00	7556	0.27919	1002
TSOPF_FS_b162_c3.mtx.hgr.random100.rendered	reduce7	30798	30798	58.49	30411	30584	58.73	0	19.98219	203
TSOPF_FS_b162_c3.mtx.hgr.random100.rendered	reduce12	30798	30798	58.49	0	0	0.00	7556	0.29135	1002
TSOPF_FS_b162_c3.mtx.hgr.random100.rendered	reduce13	30798	30798	58.49	0	0	0.00	7556	0.28558	1002
TSOPF_FS_b162_c3.mtx.hgr.random100.rendered	reduce10	30798	30798	58.49	0	0	0.00	7556	21.36373	203
TSOPF_FS_b162_c3.mtx.hgr.random100.rendered	reduce14	30798	30798	58.49	0	0	0.00	7556	0.29151	1002
TSOPF_FS_b162_c3.mtx.hgr.random100.rendered	reduce15	30798	30798	58.49	0	0	0.00	7556	0.28860	1002
TSOPF_FS_b162_c3.mtx.hgr.random100.rendered	reduce11	30798	30798	58.49	0	0	0.00	7556	22.21981	203
TSOPF_FS_b162_c3.mtx.hgr.random100.rendered	reduce4	30798	30798	58.49	208	416	7.16	7515	13.32070	1002
xenon2.mtx.hgr.random100	reduce1	157464	157464	24.56	157464	157410	24.56	0	0.09841	1
xenon2.mtx.hgr.random100	reduce2	157464	157464	24.56	157410	157410	24.56	54	0.09969	1
xenon2.mtx.hgr.random100	reduce3	157464	157464	24.56	157464	61596	23.59	0	0.15771	1
xenon2.mtx.hgr.random100	reduce4	157464	157464	24.56	57017	151899	8.69	20	0.45656	1
xenon2.mtx.hgr.random100	reduce5	157464	157464	24.56	51772	152082	7.94	55	1.08625	1
TSOPF_FS_b162_c3.mtx.hgr.random100.rendered	reduce6	30798	30798	58.49	30797	30797	58.49	1	16.71793	1002
xenon2.mtx.hgr.random100	reduce6	157464	157464	24.56	157410	157410	24.56	54	0.79061	1
xenon2.mtx.hgr.random100	reduce7	157464	157464	24.56	51755	151592	7.96	0	1.18378	1
xenon2.mtx.hgr.random100	reduce8	157464	157464	24.56	51656	58247	7.89	99	0.78755	1
xenon2.mtx.hgr.random100	reduce9	157464	157464	24.56	51656	58247	7.89	99	0.77364	1
TSOPF_FS_b162_c3.mtx.hgr.random100.rendered	reduce7	30798	30798	58.49	30411	30584	58.73	0	20.04289	1002
xenon2.mtx.hgr.random100	reduce10	157464	157464	24.56	51656	58247	7.89	99	0.74115	1
xenon2.mtx.hgr.random100	reduce11	157464	157464	24.56	51656	151592	7.96	99	0.98479	1
xenon2.mtx.hgr.random100	reduce12	157464	157464	24.56	51656	58247	7.89	99	1.16864	1
xenon2.mtx.hgr.random100	reduce13	157464	157464	24.56	51656	58248	7.89	99	0.73171	1
xenon2.mtx.hgr.random100	reduce14	157464	157464	24.56	51656	58247	7.89	99	0.71569	1
TSOPF_FS_b162_c3.mtx.hgr.random100.rendered	reduce10	30798	30798	58.49	0	0	0.00	7556	22.09560	1002
xenon2.mtx.hgr.random100	reduce15	157464	157464	24.56	51670	58260	7.89	98	0.65813	1
TSOPF_FS_b162_c3.mtx.hgr.random100.rendered	reduce11	30798	30798	58.49	0	0	0.00	7556	22.13459	1002
xenon2.mtx.hgr.random100	reduce1	157464	157464	24.56	157464	157410	24.56	0	0.10186	21
xenon2.mtx.hgr.random100	reduce2	157464	157464	24.56	157410	157410	24.56	54	0.09932	21
xenon2.mtx.hgr.random100	reduce3	157464	157464	24.56	157464	61596	23.59	0	0.14709	21
TSOPF_FS_b162_c3.mtx.hgr.random100.rendered	reduce5	30798	30798	58.49	7610	15378	25.39	2	82.28379	1
xenon2.mtx.hgr.random100	reduce4	157464	157464	24.56	57017	151899	8.69	20	0.45349	21
xenon2.mtx.hgr.random100	reduce5	157464	157464	24.56	51772	152082	7.94	55	1.07747	21
xenon2.mtx.hgr.random100	reduce6	157464	157464	24.56	157410	157410	24.56	54	0.76911	21
xenon2.mtx.hgr.random100	reduce7	157464	157464	24.56	51755	151592	7.96	0	1.15938	21
xenon2.mtx.hgr.random100	reduce8	157464	157464	24.56	51656	58247	7.89	99	0.73521	21
xenon2.mtx.hgr.random100	reduce9	157464	157464	24.56	51656	58247	7.89	99	0.73022	21
xenon2.mtx.hgr.random100	reduce10	157464	157464	24.56	51656	58247	7.89	99	0.70909	21
xenon2.mtx.hgr.random100	reduce11	157464	157464	24.56	51656	151592	7.96	99	0.93921	21
xenon2.mtx.hgr.random100	reduce12	157464	157464	24.56	51656	58247	7.89	99	1.14186	21
xenon2.mtx.hgr.random100	reduce13	157464	157464	24.56	51656	58248	7.89	99	0.68758	21
xenon2.mtx.hgr.random100	reduce14	157464	157464	24.56	51656	58247	7.89	99	0.68486	21
xenon2.mtx.hgr.random100	reduce15	157464	157464	24.56	51670	58260	7.89	98	0.63806	21
xenon2.mtx.hgr.random100	reduce1	157464	157464	24.56	157464	157410	24.56	0	0.09651	203
xenon2.mtx.hgr.random100	reduce2	157464	157464	24.56	157410	157410	24.56	54	0.09650	203
TSOPF_FS_b162_c3.mtx.hgr.random100.rendered	reduce5	30798	30798	58.49	7610	15378	25.39	2	80.93268	21
xenon2.mtx.hgr.random100	reduce3	157464	157464	24.56	157464	61596	23.59	0	0.14438	203
xenon2.mtx.hgr.random100	reduce4	157464	157464	24.56	57017	151899	8.69	20	0.44762	203
xenon2.mtx.hgr.random100	reduce5	157464	157464	24.56	51772	152082	7.94	55	1.07606	203
xenon2.mtx.hgr.random100	reduce6	157464	157464	24.56	157410	157410	24.56	54	0.74772	203
xenon2.mtx.hgr.random100	reduce7	157464	157464	24.56	51755	151592	7.96	0	1.15739	203
xenon2.mtx.hgr.random100	reduce8	157464	157464	24.56	51656	58247	7.89	99	0.73126	203
xenon2.mtx.hgr.random100	reduce9	157464	157464	24.56	51656	58247	7.89	99	0.73678	203
xenon2.mtx.hgr.random100	reduce10	157464	157464	24.56	51656	58247	7.89	99	0.70599	203
xenon2.mtx.hgr.random100	reduce11	157464	157464	24.56	51656	151592	7.96	99	0.93851	203
xenon2.mtx.hgr.random100	reduce12	157464	157464	24.56	51656	58247	7.89	99	1.12180	203
xenon2.mtx.hgr.random100	reduce13	157464	157464	24.56	51656	58248	7.89	99	0.68003	203
xenon2.mtx.hgr.random100	reduce14	157464	157464	24.56	51656	58247	7.89	99	0.67695	203
xenon2.mtx.hgr.random100	reduce15	157464	157464	24.56	51670	58260	7.89	98	0.63411	203
xenon2.mtx.hgr.random100	reduce1	157464	157464	24.56	157464	157410	24.56	0	0.09652	1002
xenon2.mtx.hgr.random100	reduce2	157464	157464	24.56	157410	157410	24.56	54	0.09643	1002
TSOPF_FS_b162_c3.mtx.hgr.random100.rendered	reduce5	30798	30798	58.49	7610	15378	25.39	2	81.27231	203
xenon2.mtx.hgr.random100	reduce3	157464	157464	24.56	157464	61596	23.59	0	0.14312	1002
xenon2.mtx.hgr.random100	reduce4	157464	157464	24.56	57017	151899	8.69	20	0.44737	1002
xenon2.mtx.hgr.random100	reduce5	157464	157464	24.56	51772	152082	7.94	55	1.07334	1002
xenon2.mtx.hgr.random100	reduce6	157464	157464	24.56	157410	157410	24.56	54	0.75040	1002
xenon2.mtx.hgr.random100	reduce7	157464	157464	24.56	51755	151592	7.96	0	1.15228	1002
xenon2.mtx.hgr.random100	reduce8	157464	157464	24.56	51656	58247	7.89	99	0.72585	1002
xenon2.mtx.hgr.random100	reduce9	157464	157464	24.56	51656	58247	7.89	99	0.71230	1002
xenon2.mtx.hgr.random100	reduce10	157464	157464	24.56	51656	58247	7.89	99	0.69987	1002
xenon2.mtx.hgr.random100	reduce11	157464	157464	24.56	51656	151592	7.96	99	0.93108	1002
xenon2.mtx.hgr.random100	reduce12	157464	157464	24.56	51656	58247	7.89	99	1.11975	1002
xenon2.mtx.hgr.random100	reduce13	157464	157464	24.56	51656	58248	7.89	99	0.68779	1002
xenon2.mtx.hgr.random100	reduce14	157464	157464	24.56	51656	58247	7.89	99	0.68054	1002
TSOPF_FS_b162_c3.mtx.hgr.random100.rendered	reduce5	30798	30798	58.49	7610	15378	25.39	2	77.76742	1002
xenon2.mtx.hgr.random100	reduce15	157464	157464	24.56	51670	58260	7.89	98	0.62957	1002
shermanACb.mtx.hgr.random100.rendered	reduce7	18510	18510	7.84	1912	0	0.00	0	488.65500	1
shermanACb.mtx.hgr.random100.rendered	reduce7	18510	18510	7.84	1912	0	0.00	0	484.81176	21
shermanACb.mtx.hgr.random100.rendered	reduce7	18510	18510	7.84	1912	0	0.00	0	482.94240	203
shermanACb.mtx.hgr.random100.rendered	reduce7	18510	18510	7.84	1912	0	0.00	0	485.53666	1002
