graph	 seed	 red_n	 red_m	 time	 reduction
ABACUS_shell_hd.mtx.hgr.random100	1	0	443	0.00054	edge_size
ABACUS_shell_hd.mtx.hgr.random100	1	5884	686	0.00515	node_degree_one
ABACUS_shell_hd.mtx.hgr.random100	1	0	13507	0.00972	edge_domination
ABACUS_shell_hd.mtx.hgr.random100	1	8580	0	0.01537	fast_node_domination
ABACUS_shell_hd.mtx.hgr.random100	1	45	0	0.01175	node_domination
ABACUS_shell_hd.mtx.hgr.random100	1	0	0	0.00443	twin
ABACUS_shell_hd.mtx.hgr.random100	1	186	0	0.21107	unconfined
ABACUS_shell_hd.mtx.hgr.random100	21	0	443	0.00048	edge_size
ABACUS_shell_hd.mtx.hgr.random100	21	5884	686	0.00331	node_degree_one
ABACUS_shell_hd.mtx.hgr.random100	21	0	13507	0.00723	edge_domination
ABACUS_shell_hd.mtx.hgr.random100	21	8580	0	0.01002	fast_node_domination
ABACUS_shell_hd.mtx.hgr.random100	21	45	0	0.01194	node_domination
ABACUS_shell_hd.mtx.hgr.random100	21	0	0	0.00443	twin
ABACUS_shell_hd.mtx.hgr.random100	21	186	0	0.20989	unconfined
ABACUS_shell_hd.mtx.hgr.random100	203	0	443	0.00040	edge_size
ABACUS_shell_hd.mtx.hgr.random100	203	5884	686	0.00312	node_degree_one
ABACUS_shell_hd.mtx.hgr.random100	203	0	13507	0.00649	edge_domination
ABACUS_shell_hd.mtx.hgr.random100	203	8580	0	0.00994	fast_node_domination
ABACUS_shell_hd.mtx.hgr.random100	203	45	0	0.01180	node_domination
ABACUS_shell_hd.mtx.hgr.random100	203	0	0	0.00429	twin
ABACUS_shell_hd.mtx.hgr.random100	203	186	0	0.21152	unconfined
ABACUS_shell_hd.mtx.hgr.random100	1002	0	443	0.00040	edge_size
ABACUS_shell_hd.mtx.hgr.random100	1002	5884	686	0.00312	node_degree_one
ABACUS_shell_hd.mtx.hgr.random100	1002	0	13507	0.00644	edge_domination
ABACUS_shell_hd.mtx.hgr.random100	1002	8580	0	0.00990	fast_node_domination
ABACUS_shell_hd.mtx.hgr.random100	1002	45	0	0.01178	node_domination
ABACUS_shell_hd.mtx.hgr.random100	1002	0	0	0.00430	twin
ABACUS_shell_hd.mtx.hgr.random100	1002	186	0	0.21077	unconfined
as-22july06.mtx.hgr.random100	1	0	21723	0.00082	edge_size
as-22july06.mtx.hgr.random100	1	22963	1230	0.00954	node_degree_one
as-22july06.mtx.hgr.random100	1	0	10	0.00012	edge_domination
as-22july06.mtx.hgr.random100	1	0	0	0.00009	fast_node_domination
as-22july06.mtx.hgr.random100	1	0	0	0.00008	node_domination
as-22july06.mtx.hgr.random100	1	0	0	0.00079	twin
as-22july06.mtx.hgr.random100	1	0	0	0.00078	unconfined
as-22july06.mtx.hgr.random100	21	0	21723	0.00084	edge_size
as-22july06.mtx.hgr.random100	21	22963	1230	0.00946	node_degree_one
as-22july06.mtx.hgr.random100	21	0	10	0.00012	edge_domination
as-22july06.mtx.hgr.random100	21	0	0	0.00009	fast_node_domination
as-22july06.mtx.hgr.random100	21	0	0	0.00008	node_domination
as-22july06.mtx.hgr.random100	21	0	0	0.00078	twin
as-22july06.mtx.hgr.random100	21	0	0	0.00078	unconfined
as-22july06.mtx.hgr.random100	203	0	21723	0.00140	edge_size
as-22july06.mtx.hgr.random100	203	22963	1230	0.01345	node_degree_one
as-22july06.mtx.hgr.random100	203	0	10	0.00012	edge_domination
as-22july06.mtx.hgr.random100	203	0	0	0.00009	fast_node_domination
as-22july06.mtx.hgr.random100	203	0	0	0.00008	node_domination
as-22july06.mtx.hgr.random100	203	0	0	0.00079	twin
as-22july06.mtx.hgr.random100	203	0	0	0.00077	unconfined
as-22july06.mtx.hgr.random100	1002	0	21723	0.00082	edge_size
as-22july06.mtx.hgr.random100	1002	22963	1230	0.00939	node_degree_one
as-22july06.mtx.hgr.random100	1002	0	10	0.00012	edge_domination
as-22july06.mtx.hgr.random100	1002	0	0	0.00009	fast_node_domination
as-22july06.mtx.hgr.random100	1002	0	0	0.00008	node_domination
as-22july06.mtx.hgr.random100	1002	0	0	0.00079	twin
as-22july06.mtx.hgr.random100	1002	0	0	0.00078	unconfined
as-caida.mtx.hgr.random100	1	0	25026	0.00114	edge_size
as-caida.mtx.hgr.random100	1	31373	1442	0.01227	node_degree_one
as-caida.mtx.hgr.random100	1	0	5	0.00014	edge_domination
as-caida.mtx.hgr.random100	1	0	0	0.00012	fast_node_domination
as-caida.mtx.hgr.random100	1	6	2	0.00011	node_domination
as-caida.mtx.hgr.random100	1	0	0	0.00000	twin
as-caida.mtx.hgr.random100	1	0	0	0.00000	unconfined
as-caida.mtx.hgr.random100	21	0	25026	0.00113	edge_size
as-caida.mtx.hgr.random100	21	31373	1442	0.01237	node_degree_one
as-caida.mtx.hgr.random100	21	0	5	0.00010	edge_domination
as-caida.mtx.hgr.random100	21	0	0	0.00012	fast_node_domination
as-caida.mtx.hgr.random100	21	6	2	0.00011	node_domination
as-caida.mtx.hgr.random100	21	0	0	0.00000	twin
as-caida.mtx.hgr.random100	21	0	0	0.00000	unconfined
as-caida.mtx.hgr.random100	203	0	25026	0.00187	edge_size
as-caida.mtx.hgr.random100	203	31373	1442	0.01536	node_degree_one
as-caida.mtx.hgr.random100	203	0	5	0.00010	edge_domination
as-caida.mtx.hgr.random100	203	0	0	0.00012	fast_node_domination
as-caida.mtx.hgr.random100	203	6	2	0.00011	node_domination
as-caida.mtx.hgr.random100	203	0	0	0.00000	twin
as-caida.mtx.hgr.random100	203	0	0	0.00000	unconfined
as-caida.mtx.hgr.random100	1002	0	25026	0.00197	edge_size
as-caida.mtx.hgr.random100	1002	31373	1442	0.01492	node_degree_one
as-caida.mtx.hgr.random100	1002	0	5	0.00010	edge_domination
as-caida.mtx.hgr.random100	1002	0	0	0.00012	fast_node_domination
as-caida.mtx.hgr.random100	1002	6	2	0.00011	node_domination
as-caida.mtx.hgr.random100	1002	0	0	0.00000	twin
as-caida.mtx.hgr.random100	1002	0	0	0.00000	unconfined
BenElechi1.mtx.hgr.random100	1	0	162	0.00237	edge_size
BenElechi1.mtx.hgr.random100	1	57163	1172	0.01637	node_degree_one
BenElechi1.mtx.hgr.random100	1	0	220229	0.20718	edge_domination
BenElechi1.mtx.hgr.random100	1	164203	0	0.47443	fast_node_domination
BenElechi1.mtx.hgr.random100	1	73	0	0.06578	node_domination
BenElechi1.mtx.hgr.random100	1	0	0	0.02654	twin
BenElechi1.mtx.hgr.random100	1	210	0	0.10508	unconfined
BenElechi1.mtx.hgr.random100	21	0	162	0.00212	edge_size
BenElechi1.mtx.hgr.random100	21	57163	1172	0.01618	node_degree_one
BenElechi1.mtx.hgr.random100	21	0	220229	0.20777	edge_domination
BenElechi1.mtx.hgr.random100	21	164203	0	0.47442	fast_node_domination
BenElechi1.mtx.hgr.random100	21	73	0	0.06544	node_domination
BenElechi1.mtx.hgr.random100	21	0	0	0.02660	twin
BenElechi1.mtx.hgr.random100	21	210	0	0.10384	unconfined
BenElechi1.mtx.hgr.random100	203	0	162	0.00212	edge_size
BenElechi1.mtx.hgr.random100	203	57163	1172	0.01617	node_degree_one
BenElechi1.mtx.hgr.random100	203	0	220229	0.20878	edge_domination
BenElechi1.mtx.hgr.random100	203	164203	0	0.47884	fast_node_domination
BenElechi1.mtx.hgr.random100	203	73	0	0.06594	node_domination
BenElechi1.mtx.hgr.random100	203	0	0	0.02723	twin
BenElechi1.mtx.hgr.random100	203	210	0	0.10396	unconfined
bips07_1998.mtx.hgr.random100	1	0	6434	0.00049	edge_size
bips07_1998.mtx.hgr.random100	1	11996	3428	0.00493	node_degree_one
bips07_1998.mtx.hgr.random100	1	0	4483	0.00337	edge_domination
bips07_1998.mtx.hgr.random100	1	873	0	0.00188	fast_node_domination
bips07_1998.mtx.hgr.random100	1	1698	571	0.00250	node_domination
bips07_1998.mtx.hgr.random100	1	181	88	0.00208	twin
bips07_1998.mtx.hgr.random100	1	256	0	0.00229	unconfined
BenElechi1.mtx.hgr.random100	1002	0	162	0.00211	edge_size
BenElechi1.mtx.hgr.random100	1002	57163	1172	0.01646	node_degree_one
BenElechi1.mtx.hgr.random100	1002	0	220229	0.20981	edge_domination
BenElechi1.mtx.hgr.random100	1002	164203	0	0.48815	fast_node_domination
BenElechi1.mtx.hgr.random100	1002	73	0	0.06566	node_domination
BenElechi1.mtx.hgr.random100	1002	0	0	0.02680	twin
BenElechi1.mtx.hgr.random100	1002	210	0	0.10384	unconfined
bips07_1998.mtx.hgr.random100	21	0	6434	0.00024	edge_size
bips07_1998.mtx.hgr.random100	21	11996	3428	0.00252	node_degree_one
bips07_1998.mtx.hgr.random100	21	0	4483	0.00161	edge_domination
bips07_1998.mtx.hgr.random100	21	873	0	0.00102	fast_node_domination
bips07_1998.mtx.hgr.random100	21	1698	571	0.00136	node_domination
bips07_1998.mtx.hgr.random100	21	181	88	0.00112	twin
bips07_1998.mtx.hgr.random100	21	256	0	0.00123	unconfined
bips07_1998.mtx.hgr.random100	203	0	6434	0.00024	edge_size
bips07_1998.mtx.hgr.random100	203	11996	3428	0.00256	node_degree_one
bips07_1998.mtx.hgr.random100	203	0	4483	0.00163	edge_domination
bips07_1998.mtx.hgr.random100	203	873	0	0.00102	fast_node_domination
bips07_1998.mtx.hgr.random100	203	1698	571	0.00134	node_domination
bips07_1998.mtx.hgr.random100	203	181	88	0.00113	twin
bips07_1998.mtx.hgr.random100	203	256	0	0.00124	unconfined
bips07_1998.mtx.hgr.random100	1002	0	6434	0.00042	edge_size
bips07_1998.mtx.hgr.random100	1002	11996	3428	0.00475	node_degree_one
bips07_1998.mtx.hgr.random100	1002	0	4483	0.00301	edge_domination
bips07_1998.mtx.hgr.random100	1002	873	0	0.00190	fast_node_domination
bips07_1998.mtx.hgr.random100	1002	1698	571	0.00247	node_domination
bips07_1998.mtx.hgr.random100	1002	181	88	0.00162	twin
bips07_1998.mtx.hgr.random100	1002	256	0	0.00142	unconfined
bloweya.mtx.hgr.random100	1	0	2	0.00033	edge_size
bloweya.mtx.hgr.random100	1	30004	10000	0.35281	node_degree_one
bloweya.mtx.hgr.random100	1	0	20002	0.00381	edge_domination
bloweya.mtx.hgr.random100	1	0	0	0.00000	fast_node_domination
bloweya.mtx.hgr.random100	1	0	0	0.00000	node_domination
bloweya.mtx.hgr.random100	1	0	0	0.00000	twin
bloweya.mtx.hgr.random100	1	0	0	0.00000	unconfined
bloweya.mtx.hgr.random100	21	0	2	0.00034	edge_size
bloweya.mtx.hgr.random100	21	30004	10000	0.35133	node_degree_one
bloweya.mtx.hgr.random100	21	0	20002	0.00384	edge_domination
bloweya.mtx.hgr.random100	21	0	0	0.00000	fast_node_domination
bloweya.mtx.hgr.random100	21	0	0	0.00000	node_domination
bloweya.mtx.hgr.random100	21	0	0	0.00000	twin
bloweya.mtx.hgr.random100	21	0	0	0.00000	unconfined
bloweya.mtx.hgr.random100	203	0	2	0.00033	edge_size
bloweya.mtx.hgr.random100	203	30004	10000	0.36842	node_degree_one
bloweya.mtx.hgr.random100	203	0	20002	0.00389	edge_domination
bloweya.mtx.hgr.random100	203	0	0	0.00000	fast_node_domination
bloweya.mtx.hgr.random100	203	0	0	0.00000	node_domination
bloweya.mtx.hgr.random100	203	0	0	0.00000	twin
bloweya.mtx.hgr.random100	203	0	0	0.00000	unconfined
bloweya.mtx.hgr.random100	1002	0	2	0.00033	edge_size
bloweya.mtx.hgr.random100	1002	30004	10000	0.35202	node_degree_one
bloweya.mtx.hgr.random100	1002	0	20002	0.00381	edge_domination
bloweya.mtx.hgr.random100	1002	0	0	0.00000	fast_node_domination
bloweya.mtx.hgr.random100	1002	0	0	0.00000	node_domination
bloweya.mtx.hgr.random100	1002	0	0	0.00000	twin
bloweya.mtx.hgr.random100	1002	0	0	0.00000	unconfined
ca-CondMat.mtx.hgr.random100	1	0	14459	0.00085	edge_size
ca-CondMat.mtx.hgr.random100	1	21098	2729	0.02956	node_degree_one
ca-CondMat.mtx.hgr.random100	1	0	5338	0.00285	edge_domination
ca-CondMat.mtx.hgr.random100	1	517	0	0.00075	fast_node_domination
ca-CondMat.mtx.hgr.random100	1	1506	601	0.00077	node_domination
ca-CondMat.mtx.hgr.random100	1	12	6	0.00079	twin
ca-CondMat.mtx.hgr.random100	1	0	0	0.00000	unconfined
c-64.mtx.hgr.random100	1	0	5724	0.00047	edge_size
c-64.mtx.hgr.random100	1	50907	22598	4.29772	node_degree_one
c-64.mtx.hgr.random100	1	0	22711	0.00500	edge_domination
c-64.mtx.hgr.random100	1	124	0	0.00031	fast_node_domination
c-64.mtx.hgr.random100	1	0	0	0.00018	node_domination
c-64.mtx.hgr.random100	1	4	2	0.00175	twin
c-64.mtx.hgr.random100	1	0	0	0.00000	unconfined
c-64.mtx.hgr.random100	21	0	5724	0.00047	edge_size
c-64.mtx.hgr.random100	21	50907	22598	4.22017	node_degree_one
c-64.mtx.hgr.random100	21	0	22711	0.00499	edge_domination
c-64.mtx.hgr.random100	21	124	0	0.00030	fast_node_domination
c-64.mtx.hgr.random100	21	0	0	0.00018	node_domination
c-64.mtx.hgr.random100	21	4	2	0.00175	twin
c-64.mtx.hgr.random100	21	0	0	0.00000	unconfined
ca-CondMat.mtx.hgr.random100	21	0	14459	0.00085	edge_size
ca-CondMat.mtx.hgr.random100	21	21098	2729	0.02333	node_degree_one
ca-CondMat.mtx.hgr.random100	21	0	5338	0.00288	edge_domination
ca-CondMat.mtx.hgr.random100	21	517	0	0.00075	fast_node_domination
ca-CondMat.mtx.hgr.random100	21	1506	601	0.00077	node_domination
ca-CondMat.mtx.hgr.random100	21	12	6	0.00079	twin
ca-CondMat.mtx.hgr.random100	21	0	0	0.00000	unconfined
c-64.mtx.hgr.random100	203	0	5724	0.00047	edge_size
c-64.mtx.hgr.random100	203	50907	22598	4.21170	node_degree_one
c-64.mtx.hgr.random100	203	0	22711	0.00509	edge_domination
c-64.mtx.hgr.random100	203	124	0	0.00030	fast_node_domination
c-64.mtx.hgr.random100	203	0	0	0.00018	node_domination
c-64.mtx.hgr.random100	203	4	2	0.00176	twin
c-64.mtx.hgr.random100	203	0	0	0.00000	unconfined
ca-CondMat.mtx.hgr.random100	203	0	14459	0.00085	edge_size
ca-CondMat.mtx.hgr.random100	203	21098	2729	0.02342	node_degree_one
ca-CondMat.mtx.hgr.random100	203	0	5338	0.00287	edge_domination
ca-CondMat.mtx.hgr.random100	203	517	0	0.00075	fast_node_domination
ca-CondMat.mtx.hgr.random100	203	1506	601	0.00077	node_domination
ca-CondMat.mtx.hgr.random100	203	12	6	0.00079	twin
ca-CondMat.mtx.hgr.random100	203	0	0	0.00000	unconfined
c-64.mtx.hgr.random100	1002	0	5724	0.00047	edge_size
c-64.mtx.hgr.random100	1002	50907	22598	4.21939	node_degree_one
c-64.mtx.hgr.random100	1002	0	22711	0.00498	edge_domination
c-64.mtx.hgr.random100	1002	124	0	0.00031	fast_node_domination
c-64.mtx.hgr.random100	1002	0	0	0.00018	node_domination
c-64.mtx.hgr.random100	1002	4	2	0.00175	twin
c-64.mtx.hgr.random100	1002	0	0	0.00000	unconfined
ca-CondMat.mtx.hgr.random100	1002	0	14459	0.00085	edge_size
ca-CondMat.mtx.hgr.random100	1002	21098	2729	0.02316	node_degree_one
ca-CondMat.mtx.hgr.random100	1002	0	5338	0.00289	edge_domination
ca-CondMat.mtx.hgr.random100	1002	517	0	0.00076	fast_node_domination
ca-CondMat.mtx.hgr.random100	1002	1506	601	0.00081	node_domination
ca-CondMat.mtx.hgr.random100	1002	12	6	0.00079	twin
ca-CondMat.mtx.hgr.random100	1002	0	0	0.00000	unconfined
case39.mtx.hgr.random100.rendered	1	0	21	0.00041	edge_size
case39.mtx.hgr.random100.rendered	1	40125	10011	0.25440	node_degree_one
case39.mtx.hgr.random100.rendered	1	0	30180	0.01561	edge_domination
case39.mtx.hgr.random100.rendered	1	78	0	0.00030	fast_node_domination
case39.mtx.hgr.random100.rendered	1	13	4	0.00021	node_domination
case39.mtx.hgr.random100.rendered	1	0	0	0.00138	twin
case39.mtx.hgr.random100.rendered	1	0	0	0.00136	unconfined
case39.mtx.hgr.random100.rendered	21	0	21	0.00042	edge_size
case39.mtx.hgr.random100.rendered	21	40125	10011	0.25615	node_degree_one
case39.mtx.hgr.random100.rendered	21	0	30180	0.01524	edge_domination
case39.mtx.hgr.random100.rendered	21	78	0	0.00030	fast_node_domination
case39.mtx.hgr.random100.rendered	21	13	4	0.00020	node_domination
case39.mtx.hgr.random100.rendered	21	0	0	0.00137	twin
case39.mtx.hgr.random100.rendered	21	0	0	0.00137	unconfined
case39.mtx.hgr.random100.rendered	203	0	21	0.00041	edge_size
case39.mtx.hgr.random100.rendered	203	40125	10011	0.25627	node_degree_one
case39.mtx.hgr.random100.rendered	203	0	30180	0.01545	edge_domination
case39.mtx.hgr.random100.rendered	203	78	0	0.00031	fast_node_domination
case39.mtx.hgr.random100.rendered	203	13	4	0.00020	node_domination
case39.mtx.hgr.random100.rendered	203	0	0	0.00138	twin
case39.mtx.hgr.random100.rendered	203	0	0	0.00136	unconfined
case39.mtx.hgr.random100.rendered	1002	0	21	0.00041	edge_size
case39.mtx.hgr.random100.rendered	1002	40125	10011	0.25724	node_degree_one
case39.mtx.hgr.random100.rendered	1002	0	30180	0.01571	edge_domination
case39.mtx.hgr.random100.rendered	1002	78	0	0.00030	fast_node_domination
case39.mtx.hgr.random100.rendered	1002	13	4	0.00020	node_domination
case39.mtx.hgr.random100.rendered	1002	0	0	0.00138	twin
case39.mtx.hgr.random100.rendered	1002	0	0	0.00136	unconfined
Chebyshev4.mtx.hgr.random100.rendered	1	68121	68121	0.06223	edge_size
Chebyshev4.mtx.hgr.random100.rendered	1	0	0	0.00000	node_degree_one
Chebyshev4.mtx.hgr.random100.rendered	1	0	0	0.00000	edge_domination
Chebyshev4.mtx.hgr.random100.rendered	1	0	0	0.00000	fast_node_domination
Chebyshev4.mtx.hgr.random100.rendered	1	0	0	0.00000	node_domination
Chebyshev4.mtx.hgr.random100.rendered	1	0	0	0.00000	twin
Chebyshev4.mtx.hgr.random100.rendered	1	0	0	0.00000	unconfined
Chebyshev4.mtx.hgr.random100.rendered	21	68121	68121	0.06242	edge_size
Chebyshev4.mtx.hgr.random100.rendered	21	0	0	0.00000	node_degree_one
Chebyshev4.mtx.hgr.random100.rendered	21	0	0	0.00000	edge_domination
Chebyshev4.mtx.hgr.random100.rendered	21	0	0	0.00000	fast_node_domination
Chebyshev4.mtx.hgr.random100.rendered	21	0	0	0.00000	node_domination
Chebyshev4.mtx.hgr.random100.rendered	21	0	0	0.00000	twin
Chebyshev4.mtx.hgr.random100.rendered	21	0	0	0.00000	unconfined
Chebyshev4.mtx.hgr.random100.rendered	203	68121	68121	0.06231	edge_size
Chebyshev4.mtx.hgr.random100.rendered	203	0	0	0.00000	node_degree_one
Chebyshev4.mtx.hgr.random100.rendered	203	0	0	0.00000	edge_domination
Chebyshev4.mtx.hgr.random100.rendered	203	0	0	0.00000	fast_node_domination
Chebyshev4.mtx.hgr.random100.rendered	203	0	0	0.00000	node_domination
Chebyshev4.mtx.hgr.random100.rendered	203	0	0	0.00000	twin
Chebyshev4.mtx.hgr.random100.rendered	203	0	0	0.00000	unconfined
Chebyshev4.mtx.hgr.random100.rendered	1002	68121	68121	0.06183	edge_size
Chebyshev4.mtx.hgr.random100.rendered	1002	0	0	0.00000	node_degree_one
Chebyshev4.mtx.hgr.random100.rendered	1002	0	0	0.00000	edge_domination
Chebyshev4.mtx.hgr.random100.rendered	1002	0	0	0.00000	fast_node_domination
Chebyshev4.mtx.hgr.random100.rendered	1002	0	0	0.00000	node_domination
Chebyshev4.mtx.hgr.random100.rendered	1002	0	0	0.00000	twin
Chebyshev4.mtx.hgr.random100.rendered	1002	0	0	0.00000	unconfined
Chem97Zt.mtx.hgr.random100.rendered	1	0	1844	0.00012	edge_size
Chem97Zt.mtx.hgr.random100.rendered	1	31022	131	0.00219	node_degree_one
Chem97Zt.mtx.hgr.random100.rendered	1	0	566	0.00046	edge_domination
Chem97Zt.mtx.hgr.random100.rendered	1	0	0	0.00022	fast_node_domination
Chem97Zt.mtx.hgr.random100.rendered	1	0	0	0.00019	node_domination
Chem97Zt.mtx.hgr.random100.rendered	1	0	0	0.00198	twin
Chem97Zt.mtx.hgr.random100.rendered	1	0	0	0.00195	unconfined
Chem97Zt.mtx.hgr.random100.rendered	21	0	1844	0.00011	edge_size
Chem97Zt.mtx.hgr.random100.rendered	21	31022	131	0.00218	node_degree_one
Chem97Zt.mtx.hgr.random100.rendered	21	0	566	0.00046	edge_domination
Chem97Zt.mtx.hgr.random100.rendered	21	0	0	0.00022	fast_node_domination
Chem97Zt.mtx.hgr.random100.rendered	21	0	0	0.00019	node_domination
Chem97Zt.mtx.hgr.random100.rendered	21	0	0	0.00197	twin
Chem97Zt.mtx.hgr.random100.rendered	21	0	0	0.00195	unconfined
Chem97Zt.mtx.hgr.random100.rendered	203	0	1844	0.00006	edge_size
Chem97Zt.mtx.hgr.random100.rendered	203	31022	131	0.00116	node_degree_one
Chem97Zt.mtx.hgr.random100.rendered	203	0	566	0.00025	edge_domination
Chem97Zt.mtx.hgr.random100.rendered	203	0	0	0.00012	fast_node_domination
Chem97Zt.mtx.hgr.random100.rendered	203	0	0	0.00010	node_domination
Chem97Zt.mtx.hgr.random100.rendered	203	0	0	0.00106	twin
Chem97Zt.mtx.hgr.random100.rendered	203	0	0	0.00105	unconfined
Chem97Zt.mtx.hgr.random100.rendered	1002	0	1844	0.00012	edge_size
Chem97Zt.mtx.hgr.random100.rendered	1002	31022	131	0.00219	node_degree_one
Chem97Zt.mtx.hgr.random100.rendered	1002	0	566	0.00046	edge_domination
Chem97Zt.mtx.hgr.random100.rendered	1002	0	0	0.00022	fast_node_domination
Chem97Zt.mtx.hgr.random100.rendered	1002	0	0	0.00018	node_domination
Chem97Zt.mtx.hgr.random100.rendered	1002	0	0	0.00197	twin
Chem97Zt.mtx.hgr.random100.rendered	1002	0	0	0.00195	unconfined
crystk02.mtx.hgr.random100.lg.metis	1	0	0	0.00014	edge_size
crystk02.mtx.hgr.random100.lg.metis	1	1941903	0	0.03564	node_degree_one
crystk02.mtx.hgr.random100.lg.metis	1	0	0	0.16526	edge_domination
crystk02.mtx.hgr.random100.lg.metis	1	0	0	0.21053	fast_node_domination
crystk02.mtx.hgr.random100.lg.metis	1	13965	420	5.76954	node_domination
crystk02.mtx.hgr.random100.lg.metis	1	0	0	0.06720	twin
crystk02.mtx.hgr.random100.lg.metis	1	0	0	1.22163	unconfined
crystk02.mtx.hgr.random100.lg.metis	21	0	0	0.00013	edge_size
crystk02.mtx.hgr.random100.lg.metis	21	1941903	0	0.03556	node_degree_one
crystk02.mtx.hgr.random100.lg.metis	21	0	0	0.16392	edge_domination
crystk02.mtx.hgr.random100.lg.metis	21	0	0	0.19295	fast_node_domination
crystk02.mtx.hgr.random100.lg.metis	21	13965	420	5.89192	node_domination
crystk02.mtx.hgr.random100.lg.metis	21	0	0	0.06695	twin
crystk02.mtx.hgr.random100.lg.metis	21	0	0	1.21162	unconfined
crystk02.mtx.hgr.random100.lg.metis	203	0	0	0.00014	edge_size
crystk02.mtx.hgr.random100.lg.metis	203	1941903	0	0.03551	node_degree_one
crystk02.mtx.hgr.random100.lg.metis	203	0	0	0.16614	edge_domination
crystk02.mtx.hgr.random100.lg.metis	203	0	0	0.20660	fast_node_domination
crystk02.mtx.hgr.random100.lg.metis	203	13965	420	5.81272	node_domination
crystk02.mtx.hgr.random100.lg.metis	203	0	0	0.06692	twin
crystk02.mtx.hgr.random100.lg.metis	203	0	0	1.22040	unconfined
crystk02.mtx.hgr.random100.lg.metis	1002	0	0	0.00014	edge_size
crystk02.mtx.hgr.random100.lg.metis	1002	1941903	0	0.03561	node_degree_one
crystk02.mtx.hgr.random100.lg.metis	1002	0	0	0.16565	edge_domination
crystk02.mtx.hgr.random100.lg.metis	1002	0	0	0.20683	fast_node_domination
crystk02.mtx.hgr.random100.lg.metis	1002	13965	420	5.91335	node_domination
crystk02.mtx.hgr.random100.lg.metis	1002	0	0	0.06692	twin
crystk02.mtx.hgr.random100.lg.metis	1002	0	0	1.21882	unconfined
dac2012_superblue11.hgr.random100	1	0	637047	0.02127	edge_size
dac2012_superblue11.hgr.random100	1	635855	149839	0.45195	node_degree_one
dac2012_superblue11.hgr.random100	1	0	32651	0.21507	edge_domination
dac2012_superblue11.hgr.random100	1	17631	0	0.12984	fast_node_domination
dac2012_superblue11.hgr.random100	1	76142	16096	3.83359	node_domination
dac2012_superblue11.hgr.random100	1	2983	1270	0.28524	twin
dac2012_superblue11.hgr.random100	1	128531	0	13.59964	unconfined
dac2012_superblue11.hgr.random100	21	0	637047	0.02120	edge_size
dac2012_superblue11.hgr.random100	21	635855	149839	0.45639	node_degree_one
dac2012_superblue11.hgr.random100	21	0	32651	0.21525	edge_domination
dac2012_superblue11.hgr.random100	21	17631	0	0.13023	fast_node_domination
dac2012_superblue11.hgr.random100	21	76142	16096	3.84340	node_domination
dac2012_superblue11.hgr.random100	21	2983	1270	0.28791	twin
dac2012_superblue11.hgr.random100	21	128531	0	13.58467	unconfined
dac2012_superblue11.hgr.random100	203	0	637047	0.02144	edge_size
dac2012_superblue11.hgr.random100	203	635855	149839	0.45351	node_degree_one
dac2012_superblue11.hgr.random100	203	0	32651	0.21503	edge_domination
dac2012_superblue11.hgr.random100	203	17631	0	0.12764	fast_node_domination
dac2012_superblue11.hgr.random100	203	76142	16096	3.83771	node_domination
dac2012_superblue11.hgr.random100	203	2983	1270	0.28760	twin
dac2012_superblue11.hgr.random100	203	128531	0	13.60678	unconfined
dac2012_superblue11.hgr.random100	1002	0	637047	0.02177	edge_size
dac2012_superblue11.hgr.random100	1002	635855	149839	0.45341	node_degree_one
dac2012_superblue11.hgr.random100	1002	0	32651	0.21584	edge_domination
dac2012_superblue11.hgr.random100	1002	17631	0	0.12780	fast_node_domination
dac2012_superblue11.hgr.random100	1002	76142	16096	3.84738	node_domination
dac2012_superblue11.hgr.random100	1002	2983	1270	0.27212	twin
dac2012_superblue11.hgr.random100	1002	128531	0	13.59339	unconfined
dac2012_superblue16.hgr.random100	1	0	466800	0.01671	edge_size
dac2012_superblue16.hgr.random100	1	446777	121649	0.39077	node_degree_one
dac2012_superblue16.hgr.random100	1	0	10088	0.16474	edge_domination
dac2012_superblue16.hgr.random100	1	19121	0	0.13960	fast_node_domination
dac2012_superblue16.hgr.random100	1	18589	2712	1.07517	node_domination
dac2012_superblue16.hgr.random100	1	830	352	0.22273	twin
dac2012_superblue16.hgr.random100	1	118952	0	7.40746	unconfined
dac2012_superblue16.hgr.random100	21	0	466800	0.01697	edge_size
dac2012_superblue16.hgr.random100	21	446777	121649	0.39196	node_degree_one
dac2012_superblue16.hgr.random100	21	0	10088	0.16485	edge_domination
dac2012_superblue16.hgr.random100	21	19121	0	0.13910	fast_node_domination
dac2012_superblue16.hgr.random100	21	18589	2712	1.07365	node_domination
dac2012_superblue16.hgr.random100	21	830	352	0.22977	twin
dac2012_superblue16.hgr.random100	21	118952	0	7.38765	unconfined
dac2012_superblue16.hgr.random100	203	0	466800	0.01683	edge_size
dac2012_superblue16.hgr.random100	203	446777	121649	0.39106	node_degree_one
dac2012_superblue16.hgr.random100	203	0	10088	0.16518	edge_domination
dac2012_superblue16.hgr.random100	203	19121	0	0.13980	fast_node_domination
dac2012_superblue16.hgr.random100	203	18589	2712	1.07252	node_domination
dac2012_superblue16.hgr.random100	203	830	352	0.22996	twin
dac2012_superblue16.hgr.random100	203	118952	0	7.40765	unconfined
dac2012_superblue16.hgr.random100	1002	0	466800	0.01675	edge_size
dac2012_superblue16.hgr.random100	1002	446777	121649	0.39165	node_degree_one
dac2012_superblue16.hgr.random100	1002	0	10088	0.16522	edge_domination
dac2012_superblue16.hgr.random100	1002	19121	0	0.13947	fast_node_domination
dac2012_superblue16.hgr.random100	1002	18589	2712	1.07637	node_domination
dac2012_superblue16.hgr.random100	1002	830	352	0.22339	twin
dac2012_superblue16.hgr.random100	1002	118952	0	7.39877	unconfined
dac2012_superblue12.hgr.random100	1	0	799900	0.03052	edge_size
dac2012_superblue12.hgr.random100	1	696429	125617	1.39230	node_degree_one
dac2012_superblue12.hgr.random100	1	0	47899	0.63203	edge_domination
dac2012_superblue12.hgr.random100	1	23496	0	0.34658	fast_node_domination
dac2012_superblue12.hgr.random100	1	56542	12101	5.21045	node_domination
dac2012_superblue12.hgr.random100	1	1668	635	0.71807	twin
dac2012_superblue12.hgr.random100	1	182976	0	29.47958	unconfined
dac2012_superblue12.hgr.random100	21	0	799900	0.03058	edge_size
dac2012_superblue12.hgr.random100	21	696429	125617	1.39605	node_degree_one
dac2012_superblue12.hgr.random100	21	0	47899	0.65761	edge_domination
dac2012_superblue12.hgr.random100	21	23496	0	0.34800	fast_node_domination
dac2012_superblue12.hgr.random100	21	56542	12101	5.19699	node_domination
dac2012_superblue12.hgr.random100	21	1668	635	0.78365	twin
dac2012_superblue12.hgr.random100	21	182976	0	29.46514	unconfined
dac2012_superblue12.hgr.random100	203	0	799900	0.03061	edge_size
dac2012_superblue12.hgr.random100	203	696429	125617	1.39917	node_degree_one
dac2012_superblue12.hgr.random100	203	0	47899	0.52955	edge_domination
dac2012_superblue12.hgr.random100	203	23496	0	0.34675	fast_node_domination
dac2012_superblue12.hgr.random100	203	56542	12101	5.20161	node_domination
dac2012_superblue12.hgr.random100	203	1668	635	0.79291	twin
dac2012_superblue12.hgr.random100	203	182976	0	29.55127	unconfined
dac2012_superblue12.hgr.random100	1002	0	799900	0.03068	edge_size
dac2012_superblue12.hgr.random100	1002	696429	125617	1.39761	node_degree_one
dac2012_superblue12.hgr.random100	1002	0	47899	0.65055	edge_domination
dac2012_superblue12.hgr.random100	1002	23496	0	0.34813	fast_node_domination
dac2012_superblue12.hgr.random100	1002	56542	12101	5.18890	node_domination
dac2012_superblue12.hgr.random100	1002	1668	635	0.79549	twin
dac2012_superblue12.hgr.random100	1002	182976	0	29.41109	unconfined
dac2012_superblue14.hgr.random100	1	0	380948	0.01168	edge_size
dac2012_superblue14.hgr.random100	1	388040	103232	2.32922	node_degree_one
dac2012_superblue14.hgr.random100	1	0	18905	0.20928	edge_domination
dac2012_superblue14.hgr.random100	1	11991	0	0.10786	fast_node_domination
dac2012_superblue14.hgr.random100	1	25990	4182	1.56894	node_domination
dac2012_superblue14.hgr.random100	1	901	279	0.29317	twin
dac2012_superblue14.hgr.random100	1	82588	0	52.90906	unconfined
dac2012_superblue14.hgr.random100	21	0	380948	0.01168	edge_size
dac2012_superblue14.hgr.random100	21	388040	103232	2.32156	node_degree_one
dac2012_superblue14.hgr.random100	21	0	18905	0.21125	edge_domination
dac2012_superblue14.hgr.random100	21	11991	0	0.10593	fast_node_domination
dac2012_superblue14.hgr.random100	21	25990	4182	1.56968	node_domination
dac2012_superblue14.hgr.random100	21	901	279	0.29710	twin
dac2012_superblue14.hgr.random100	21	82588	0	52.91611	unconfined
dac2012_superblue14.hgr.random100	203	0	380948	0.01169	edge_size
dac2012_superblue14.hgr.random100	203	388040	103232	2.31057	node_degree_one
dac2012_superblue14.hgr.random100	203	0	18905	0.24772	edge_domination
dac2012_superblue14.hgr.random100	203	11991	0	0.10651	fast_node_domination
dac2012_superblue14.hgr.random100	203	25990	4182	1.56833	node_domination
dac2012_superblue14.hgr.random100	203	901	279	0.29919	twin
dac2012_superblue14.hgr.random100	203	82588	0	52.96304	unconfined
dac2012_superblue3.hgr.random100	1	0	632969	0.02002	edge_size
dac2012_superblue3.hgr.random100	1	509869	124302	1.78056	node_degree_one
dac2012_superblue3.hgr.random100	1	0	15429	0.22582	edge_domination
dac2012_superblue3.hgr.random100	1	10097	0	0.12078	fast_node_domination
dac2012_superblue3.hgr.random100	1	49245	7386	4.81973	node_domination
dac2012_superblue3.hgr.random100	1	3509	1167	0.81006	twin
dac2012_superblue3.hgr.random100	1	182450	0	36.32151	unconfined
dac2012_superblue3.hgr.random100	21	0	632969	0.01948	edge_size
dac2012_superblue3.hgr.random100	21	509869	124302	1.76980	node_degree_one
dac2012_superblue3.hgr.random100	21	0	15429	0.22547	edge_domination
dac2012_superblue3.hgr.random100	21	10097	0	0.12048	fast_node_domination
dac2012_superblue3.hgr.random100	21	49245	7386	4.82757	node_domination
dac2012_superblue3.hgr.random100	21	3509	1167	0.80941	twin
dac2012_superblue3.hgr.random100	21	182450	0	36.33946	unconfined
dac2012_superblue14.hgr.random100	1002	0	380948	0.01168	edge_size
dac2012_superblue14.hgr.random100	1002	388040	103232	2.33037	node_degree_one
dac2012_superblue14.hgr.random100	1002	0	18905	0.21178	edge_domination
dac2012_superblue14.hgr.random100	1002	11991	0	0.10788	fast_node_domination
dac2012_superblue14.hgr.random100	1002	25990	4182	1.57341	node_domination
dac2012_superblue14.hgr.random100	1002	901	279	0.27487	twin
dac2012_superblue14.hgr.random100	1002	82588	0	53.19049	unconfined
dac2012_superblue3.hgr.random100	203	0	632969	0.02010	edge_size
dac2012_superblue3.hgr.random100	203	509869	124302	1.76360	node_degree_one
dac2012_superblue3.hgr.random100	203	0	15429	0.22570	edge_domination
dac2012_superblue3.hgr.random100	203	10097	0	0.12059	fast_node_domination
dac2012_superblue3.hgr.random100	203	49245	7386	4.84899	node_domination
dac2012_superblue3.hgr.random100	203	3509	1167	0.75253	twin
dac2012_superblue3.hgr.random100	203	182450	0	36.33493	unconfined
dac2012_superblue3.hgr.random100	1002	0	632969	0.01989	edge_size
dac2012_superblue3.hgr.random100	1002	509869	124302	1.79202	node_degree_one
dac2012_superblue3.hgr.random100	1002	0	15429	0.22745	edge_domination
dac2012_superblue3.hgr.random100	1002	10097	0	0.11907	fast_node_domination
dac2012_superblue3.hgr.random100	1002	49245	7386	4.79210	node_domination
dac2012_superblue3.hgr.random100	1002	3509	1167	0.81588	twin
dac2012_superblue3.hgr.random100	1002	182450	0	36.37733	unconfined
dac2012_superblue2.hgr.random100	1	0	579545	0.02176	edge_size
dac2012_superblue2.hgr.random100	1	628175	163453	2.68649	node_degree_one
dac2012_superblue2.hgr.random100	1	0	26206	0.23522	edge_domination
dac2012_superblue2.hgr.random100	1	17866	0	0.17292	fast_node_domination
dac2012_superblue2.hgr.random100	1	41832	5063	1.85805	node_domination
dac2012_superblue2.hgr.random100	1	4625	1212	0.44644	twin
dac2012_superblue2.hgr.random100	1	105910	0	53.59891	unconfined
dictionary28.mtx.hgr.random100	1	0	23238	0.00178	edge_size
dictionary28.mtx.hgr.random100	1	44949	7117	0.01845	node_degree_one
dictionary28.mtx.hgr.random100	1	0	4358	0.00593	edge_domination
dictionary28.mtx.hgr.random100	1	525	0	0.00306	fast_node_domination
dictionary28.mtx.hgr.random100	1	3254	767	0.01773	node_domination
dictionary28.mtx.hgr.random100	1	123	60	0.00536	twin
dictionary28.mtx.hgr.random100	1	1161	0	0.01832	unconfined
dac2012_superblue2.hgr.random100	21	0	579545	0.02173	edge_size
dac2012_superblue2.hgr.random100	21	628175	163453	2.67476	node_degree_one
dac2012_superblue2.hgr.random100	21	0	26206	0.22411	edge_domination
dac2012_superblue2.hgr.random100	21	17866	0	0.17021	fast_node_domination
dac2012_superblue2.hgr.random100	21	41832	5063	1.86295	node_domination
dac2012_superblue2.hgr.random100	21	4625	1212	0.44662	twin
dac2012_superblue2.hgr.random100	21	105910	0	53.54874	unconfined
dictionary28.mtx.hgr.random100	21	0	23238	0.00124	edge_size
dictionary28.mtx.hgr.random100	21	44949	7117	0.01501	node_degree_one
dictionary28.mtx.hgr.random100	21	0	4358	0.00588	edge_domination
dictionary28.mtx.hgr.random100	21	525	0	0.00307	fast_node_domination
dictionary28.mtx.hgr.random100	21	3254	767	0.01771	node_domination
dictionary28.mtx.hgr.random100	21	123	60	0.00548	twin
dictionary28.mtx.hgr.random100	21	1161	0	0.01841	unconfined
dac2012_superblue2.hgr.random100	203	0	579545	0.02169	edge_size
dac2012_superblue2.hgr.random100	203	628175	163453	2.67313	node_degree_one
dac2012_superblue2.hgr.random100	203	0	26206	0.22267	edge_domination
dac2012_superblue2.hgr.random100	203	17866	0	0.17415	fast_node_domination
dac2012_superblue2.hgr.random100	203	41832	5063	1.85445	node_domination
dac2012_superblue2.hgr.random100	203	4625	1212	0.44572	twin
dac2012_superblue2.hgr.random100	203	105910	0	53.57237	unconfined
dictionary28.mtx.hgr.random100	203	0	23238	0.00127	edge_size
dictionary28.mtx.hgr.random100	203	44949	7117	0.01537	node_degree_one
dictionary28.mtx.hgr.random100	203	0	4358	0.00598	edge_domination
dictionary28.mtx.hgr.random100	203	525	0	0.00308	fast_node_domination
dictionary28.mtx.hgr.random100	203	3254	767	0.01785	node_domination
dictionary28.mtx.hgr.random100	203	123	60	0.00543	twin
dictionary28.mtx.hgr.random100	203	1161	0	0.01865	unconfined
dictionary28.mtx.hgr.random100	1002	0	23238	0.00127	edge_size
dictionary28.mtx.hgr.random100	1002	44949	7117	0.01533	node_degree_one
dictionary28.mtx.hgr.random100	1002	0	4358	0.00596	edge_domination
dictionary28.mtx.hgr.random100	1002	525	0	0.00307	fast_node_domination
dictionary28.mtx.hgr.random100	1002	3254	767	0.01790	node_domination
dictionary28.mtx.hgr.random100	1002	123	60	0.00544	twin
dictionary28.mtx.hgr.random100	1002	1161	0	0.01837	unconfined
dac2012_superblue2.hgr.random100	1002	0	579545	0.02154	edge_size
dac2012_superblue2.hgr.random100	1002	628175	163453	2.67120	node_degree_one
dac2012_superblue2.hgr.random100	1002	0	26206	0.22276	edge_domination
dac2012_superblue2.hgr.random100	1002	17866	0	0.17062	fast_node_domination
dac2012_superblue2.hgr.random100	1002	41832	5063	1.84514	node_domination
dac2012_superblue2.hgr.random100	1002	4625	1212	0.44257	twin
dac2012_superblue2.hgr.random100	1002	105910	0	53.61117	unconfined
ex19.mtx.hgr.random100	1	0	303	0.00020	edge_size
ex19.mtx.hgr.random100	1	12005	682	0.00466	node_degree_one
ex19.mtx.hgr.random100	1	0	11020	0.00750	edge_domination
ex19.mtx.hgr.random100	1	0	0	0.00000	fast_node_domination
ex19.mtx.hgr.random100	1	0	0	0.00000	node_domination
ex19.mtx.hgr.random100	1	0	0	0.00000	twin
ex19.mtx.hgr.random100	1	0	0	0.00000	unconfined
ex19.mtx.hgr.random100	21	0	303	0.00016	edge_size
ex19.mtx.hgr.random100	21	12005	682	0.00256	node_degree_one
ex19.mtx.hgr.random100	21	0	11020	0.00642	edge_domination
ex19.mtx.hgr.random100	21	0	0	0.00000	fast_node_domination
ex19.mtx.hgr.random100	21	0	0	0.00000	node_domination
ex19.mtx.hgr.random100	21	0	0	0.00000	twin
ex19.mtx.hgr.random100	21	0	0	0.00000	unconfined
ex19.mtx.hgr.random100	203	0	303	0.00016	edge_size
ex19.mtx.hgr.random100	203	12005	682	0.00260	node_degree_one
ex19.mtx.hgr.random100	203	0	11020	0.00604	edge_domination
ex19.mtx.hgr.random100	203	0	0	0.00000	fast_node_domination
ex19.mtx.hgr.random100	203	0	0	0.00000	node_domination
ex19.mtx.hgr.random100	203	0	0	0.00000	twin
ex19.mtx.hgr.random100	203	0	0	0.00000	unconfined
ex19.mtx.hgr.random100	1002	0	303	0.00012	edge_size
ex19.mtx.hgr.random100	1002	12005	682	0.00252	node_degree_one
ex19.mtx.hgr.random100	1002	0	11020	0.00419	edge_domination
ex19.mtx.hgr.random100	1002	0	0	0.00000	fast_node_domination
ex19.mtx.hgr.random100	1002	0	0	0.00000	node_domination
ex19.mtx.hgr.random100	1002	0	0	0.00000	twin
ex19.mtx.hgr.random100	1002	0	0	0.00000	unconfined
fd18.mtx.hgr.random100	1	0	1799	0.00027	edge_size
fd18.mtx.hgr.random100	1	2200	782	0.00099	node_degree_one
fd18.mtx.hgr.random100	1	0	169	0.00239	edge_domination
fd18.mtx.hgr.random100	1	120	0	0.00157	fast_node_domination
fd18.mtx.hgr.random100	1	408	66	0.01128	node_domination
fd18.mtx.hgr.random100	1	0	0	0.00443	twin
fd18.mtx.hgr.random100	1	340	0	0.00803	unconfined
fd18.mtx.hgr.random100	21	0	1799	0.00022	edge_size
fd18.mtx.hgr.random100	21	2200	782	0.00077	node_degree_one
fd18.mtx.hgr.random100	21	0	169	0.00168	edge_domination
fd18.mtx.hgr.random100	21	120	0	0.00127	fast_node_domination
fd18.mtx.hgr.random100	21	408	66	0.01017	node_domination
fd18.mtx.hgr.random100	21	0	0	0.00443	twin
fd18.mtx.hgr.random100	21	340	0	0.00543	unconfined
fd18.mtx.hgr.random100	203	0	1799	0.00022	edge_size
fd18.mtx.hgr.random100	203	2200	782	0.00082	node_degree_one
fd18.mtx.hgr.random100	203	0	169	0.00176	edge_domination
fd18.mtx.hgr.random100	203	120	0	0.00135	fast_node_domination
fd18.mtx.hgr.random100	203	408	66	0.01016	node_domination
fd18.mtx.hgr.random100	203	0	0	0.00443	twin
fd18.mtx.hgr.random100	203	340	0	0.00612	unconfined
fd18.mtx.hgr.random100	1002	0	1799	0.00022	edge_size
fd18.mtx.hgr.random100	1002	2200	782	0.00077	node_degree_one
fd18.mtx.hgr.random100	1002	0	169	0.00167	edge_domination
fd18.mtx.hgr.random100	1002	120	0	0.00127	fast_node_domination
fd18.mtx.hgr.random100	1002	408	66	0.01028	node_domination
fd18.mtx.hgr.random100	1002	0	0	0.00430	twin
fd18.mtx.hgr.random100	1002	340	0	0.00539	unconfined
g7jac040sc.mtx.hgr.random100	1	0	5570	0.00018	edge_size
g7jac040sc.mtx.hgr.random100	1	3665	959	0.00076	node_degree_one
g7jac040sc.mtx.hgr.random100	1	0	2965	0.00262	edge_domination
g7jac040sc.mtx.hgr.random100	1	3050	0	0.02493	fast_node_domination
g7jac040sc.mtx.hgr.random100	1	915	40	0.00982	node_domination
g7jac040sc.mtx.hgr.random100	1	0	0	0.00179	twin
g7jac040sc.mtx.hgr.random100	1	2099	0	0.06276	unconfined
g7jac040sc.mtx.hgr.random100	21	0	5570	0.00019	edge_size
g7jac040sc.mtx.hgr.random100	21	3665	959	0.00075	node_degree_one
g7jac040sc.mtx.hgr.random100	21	0	2965	0.00275	edge_domination
g7jac040sc.mtx.hgr.random100	21	3050	0	0.02224	fast_node_domination
g7jac040sc.mtx.hgr.random100	21	915	40	0.00978	node_domination
g7jac040sc.mtx.hgr.random100	21	0	0	0.00174	twin
g7jac040sc.mtx.hgr.random100	21	2099	0	0.06310	unconfined
g7jac040sc.mtx.hgr.random100	203	0	5570	0.00018	edge_size
g7jac040sc.mtx.hgr.random100	203	3665	959	0.00074	node_degree_one
g7jac040sc.mtx.hgr.random100	203	0	2965	0.00265	edge_domination
g7jac040sc.mtx.hgr.random100	203	3050	0	0.02124	fast_node_domination
g7jac040sc.mtx.hgr.random100	203	915	40	0.00973	node_domination
g7jac040sc.mtx.hgr.random100	203	0	0	0.00179	twin
g7jac040sc.mtx.hgr.random100	203	2099	0	0.06281	unconfined
g7jac040sc.mtx.hgr.random100	1002	0	5570	0.00032	edge_size
g7jac040sc.mtx.hgr.random100	1002	3665	959	0.00075	node_degree_one
g7jac040sc.mtx.hgr.random100	1002	0	2965	0.00263	edge_domination
g7jac040sc.mtx.hgr.random100	1002	3050	0	0.02145	fast_node_domination
g7jac040sc.mtx.hgr.random100	1002	915	40	0.00986	node_domination
g7jac040sc.mtx.hgr.random100	1002	0	0	0.00178	twin
g7jac040sc.mtx.hgr.random100	1002	2099	0	0.06314	unconfined
garon2.mtx.hgr.random100	1	0	10	0.00010	edge_size
garon2.mtx.hgr.random100	1	14	4	0.00015	node_degree_one
garon2.mtx.hgr.random100	1	0	12068	0.00580	edge_domination
garon2.mtx.hgr.random100	1	9539	0	0.01623	fast_node_domination
garon2.mtx.hgr.random100	1	317	2	0.00559	node_domination
garon2.mtx.hgr.random100	1	0	0	0.00228	twin
garon2.mtx.hgr.random100	1	18	0	0.00480	unconfined
garon2.mtx.hgr.random100	21	0	10	0.00009	edge_size
garon2.mtx.hgr.random100	21	14	4	0.00015	node_degree_one
garon2.mtx.hgr.random100	21	0	12068	0.00554	edge_domination
garon2.mtx.hgr.random100	21	9539	0	0.01588	fast_node_domination
garon2.mtx.hgr.random100	21	317	2	0.00553	node_domination
garon2.mtx.hgr.random100	21	0	0	0.00236	twin
garon2.mtx.hgr.random100	21	18	0	0.00487	unconfined
garon2.mtx.hgr.random100	203	0	10	0.00009	edge_size
garon2.mtx.hgr.random100	203	14	4	0.00015	node_degree_one
garon2.mtx.hgr.random100	203	0	12068	0.00582	edge_domination
garon2.mtx.hgr.random100	203	9539	0	0.01608	fast_node_domination
garon2.mtx.hgr.random100	203	317	2	0.00552	node_domination
garon2.mtx.hgr.random100	203	0	0	0.00236	twin
garon2.mtx.hgr.random100	203	18	0	0.00485	unconfined
garon2.mtx.hgr.random100	1002	0	10	0.00009	edge_size
garon2.mtx.hgr.random100	1002	14	4	0.00015	node_degree_one
garon2.mtx.hgr.random100	1002	0	12068	0.00573	edge_domination
garon2.mtx.hgr.random100	1002	9539	0	0.01583	fast_node_domination
garon2.mtx.hgr.random100	1002	317	2	0.00551	node_domination
garon2.mtx.hgr.random100	1002	0	0	0.00226	twin
garon2.mtx.hgr.random100	1002	18	0	0.00480	unconfined
IMDB.mtx.hgr.random100	1	0	201304	0.01609	edge_size
IMDB.mtx.hgr.random100	1	896291	101817	2.10221	node_degree_one
IMDB.mtx.hgr.random100	1	0	492	0.00173	edge_domination
IMDB.mtx.hgr.random100	1	5	0	0.00348	fast_node_domination
IMDB.mtx.hgr.random100	1	12	4	0.00315	node_domination
IMDB.mtx.hgr.random100	1	0	0	0.00000	twin
IMDB.mtx.hgr.random100	1	0	0	0.00000	unconfined
IMDB.mtx.hgr.random100	21	0	201304	0.01587	edge_size
IMDB.mtx.hgr.random100	21	896291	101817	2.14228	node_degree_one
IMDB.mtx.hgr.random100	21	0	492	0.00160	edge_domination
IMDB.mtx.hgr.random100	21	5	0	0.00353	fast_node_domination
IMDB.mtx.hgr.random100	21	12	4	0.00302	node_domination
IMDB.mtx.hgr.random100	21	0	0	0.00000	twin
IMDB.mtx.hgr.random100	21	0	0	0.00000	unconfined
ISPD98_ibm11.hgr.random100	1	0	31496	0.00165	edge_size
ISPD98_ibm11.hgr.random100	1	19751	5576	0.01419	node_degree_one
ISPD98_ibm11.hgr.random100	1	0	9551	0.02232	edge_domination
ISPD98_ibm11.hgr.random100	1	728	0	0.01298	fast_node_domination
ISPD98_ibm11.hgr.random100	1	4560	703	0.12181	node_domination
ISPD98_ibm11.hgr.random100	1	491	169	0.03480	twin
ISPD98_ibm11.hgr.random100	1	10699	0	0.19311	unconfined
IMDB.mtx.hgr.random100	203	0	201304	0.01677	edge_size
IMDB.mtx.hgr.random100	203	896291	101817	2.16791	node_degree_one
IMDB.mtx.hgr.random100	203	0	492	0.00165	edge_domination
IMDB.mtx.hgr.random100	203	5	0	0.00351	fast_node_domination
IMDB.mtx.hgr.random100	203	12	4	0.00338	node_domination
IMDB.mtx.hgr.random100	203	0	0	0.00000	twin
IMDB.mtx.hgr.random100	203	0	0	0.00000	unconfined
ISPD98_ibm11.hgr.random100	21	0	31496	0.00168	edge_size
ISPD98_ibm11.hgr.random100	21	19751	5576	0.01471	node_degree_one
ISPD98_ibm11.hgr.random100	21	0	9551	0.02273	edge_domination
ISPD98_ibm11.hgr.random100	21	728	0	0.01380	fast_node_domination
ISPD98_ibm11.hgr.random100	21	4560	703	0.12562	node_domination
ISPD98_ibm11.hgr.random100	21	491	169	0.03583	twin
ISPD98_ibm11.hgr.random100	21	10699	0	0.20056	unconfined
IMDB.mtx.hgr.random100	1002	0	201304	0.01649	edge_size
IMDB.mtx.hgr.random100	1002	896291	101817	2.07070	node_degree_one
IMDB.mtx.hgr.random100	1002	0	492	0.00162	edge_domination
IMDB.mtx.hgr.random100	1002	5	0	0.00345	fast_node_domination
IMDB.mtx.hgr.random100	1002	12	4	0.00335	node_domination
IMDB.mtx.hgr.random100	1002	0	0	0.00000	twin
IMDB.mtx.hgr.random100	1002	0	0	0.00000	unconfined
ISPD98_ibm11.hgr.random100	203	0	31496	0.00171	edge_size
ISPD98_ibm11.hgr.random100	203	19751	5576	0.01475	node_degree_one
ISPD98_ibm11.hgr.random100	203	0	9551	0.02177	edge_domination
ISPD98_ibm11.hgr.random100	203	728	0	0.01298	fast_node_domination
ISPD98_ibm11.hgr.random100	203	4560	703	0.12608	node_domination
ISPD98_ibm11.hgr.random100	203	491	169	0.03659	twin
ISPD98_ibm11.hgr.random100	203	10699	0	0.20241	unconfined
ISPD98_ibm11.hgr.random100	1002	0	31496	0.00167	edge_size
ISPD98_ibm11.hgr.random100	1002	19751	5576	0.01437	node_degree_one
ISPD98_ibm11.hgr.random100	1002	0	9551	0.02206	edge_domination
ISPD98_ibm11.hgr.random100	1002	728	0	0.01304	fast_node_domination
ISPD98_ibm11.hgr.random100	1002	4560	703	0.12021	node_domination
ISPD98_ibm11.hgr.random100	1002	491	169	0.03568	twin
ISPD98_ibm11.hgr.random100	1002	10699	0	0.19414	unconfined
ISPD98_ibm12.hgr.random100	1	0	36980	0.00178	edge_size
ISPD98_ibm12.hgr.random100	1	26445	7898	0.02556	node_degree_one
ISPD98_ibm12.hgr.random100	1	0	7770	0.02325	edge_domination
ISPD98_ibm12.hgr.random100	1	626	0	0.01435	fast_node_domination
ISPD98_ibm12.hgr.random100	1	7998	857	0.16666	node_domination
ISPD98_ibm12.hgr.random100	1	410	168	0.03543	twin
ISPD98_ibm12.hgr.random100	1	10590	0	0.18377	unconfined
ISPD98_ibm12.hgr.random100	21	0	36980	0.00174	edge_size
ISPD98_ibm12.hgr.random100	21	26445	7898	0.02423	node_degree_one
ISPD98_ibm12.hgr.random100	21	0	7770	0.02083	edge_domination
ISPD98_ibm12.hgr.random100	21	626	0	0.01296	fast_node_domination
ISPD98_ibm12.hgr.random100	21	7998	857	0.16232	node_domination
ISPD98_ibm12.hgr.random100	21	410	168	0.03475	twin
ISPD98_ibm12.hgr.random100	21	10590	0	0.18032	unconfined
ISPD98_ibm12.hgr.random100	203	0	36980	0.00175	edge_size
ISPD98_ibm12.hgr.random100	203	26445	7898	0.02340	node_degree_one
ISPD98_ibm12.hgr.random100	203	0	7770	0.02073	edge_domination
ISPD98_ibm12.hgr.random100	203	626	0	0.01272	fast_node_domination
ISPD98_ibm12.hgr.random100	203	7998	857	0.15628	node_domination
ISPD98_ibm12.hgr.random100	203	410	168	0.03379	twin
ISPD98_ibm12.hgr.random100	203	10590	0	0.17316	unconfined
dac2012_superblue6.hgr.random100	1	0	634355	0.02345	edge_size
dac2012_superblue6.hgr.random100	1	531335	135453	1.03274	node_degree_one
dac2012_superblue6.hgr.random100	1	0	28707	0.27578	edge_domination
dac2012_superblue6.hgr.random100	1	19014	0	0.19330	fast_node_domination
dac2012_superblue6.hgr.random100	1	52456	8234	4.50643	node_domination
dac2012_superblue6.hgr.random100	1	4087	1490	0.92946	twin
dac2012_superblue6.hgr.random100	1	191821	0	61.52758	unconfined
ISPD98_ibm12.hgr.random100	1002	0	36980	0.00174	edge_size
ISPD98_ibm12.hgr.random100	1002	26445	7898	0.02360	node_degree_one
ISPD98_ibm12.hgr.random100	1002	0	7770	0.02015	edge_domination
ISPD98_ibm12.hgr.random100	1002	626	0	0.01241	fast_node_domination
ISPD98_ibm12.hgr.random100	1002	7998	857	0.15549	node_domination
ISPD98_ibm12.hgr.random100	1002	410	168	0.03461	twin
ISPD98_ibm12.hgr.random100	1002	10590	0	0.17436	unconfined
dac2012_superblue6.hgr.random100	21	0	634355	0.02341	edge_size
dac2012_superblue6.hgr.random100	21	531335	135453	1.04396	node_degree_one
dac2012_superblue6.hgr.random100	21	0	28707	0.27411	edge_domination
dac2012_superblue6.hgr.random100	21	19014	0	0.19520	fast_node_domination
dac2012_superblue6.hgr.random100	21	52456	8234	4.50680	node_domination
dac2012_superblue6.hgr.random100	21	4087	1490	0.93214	twin
dac2012_superblue6.hgr.random100	21	191821	0	61.60882	unconfined
kron_g500-logn16.mtx.hgr.random100.rendered	1	0	53359	0.00486	edge_size
kron_g500-logn16.mtx.hgr.random100.rendered	1	65536	1962	0.35804	node_degree_one
kron_g500-logn16.mtx.hgr.random100.rendered	1	0	0	0.00000	edge_domination
kron_g500-logn16.mtx.hgr.random100.rendered	1	0	0	0.00000	fast_node_domination
kron_g500-logn16.mtx.hgr.random100.rendered	1	0	0	0.00000	node_domination
kron_g500-logn16.mtx.hgr.random100.rendered	1	0	0	0.00000	twin
kron_g500-logn16.mtx.hgr.random100.rendered	1	0	0	0.00000	unconfined
dac2012_superblue6.hgr.random100	203	0	634355	0.02315	edge_size
dac2012_superblue6.hgr.random100	203	531335	135453	1.02914	node_degree_one
dac2012_superblue6.hgr.random100	203	0	28707	0.27315	edge_domination
dac2012_superblue6.hgr.random100	203	19014	0	0.19397	fast_node_domination
dac2012_superblue6.hgr.random100	203	52456	8234	4.49831	node_domination
dac2012_superblue6.hgr.random100	203	4087	1490	0.84584	twin
dac2012_superblue6.hgr.random100	203	191821	0	61.65113	unconfined
kron_g500-logn16.mtx.hgr.random100.rendered	21	0	53359	0.00471	edge_size
kron_g500-logn16.mtx.hgr.random100.rendered	21	65536	1962	0.36105	node_degree_one
kron_g500-logn16.mtx.hgr.random100.rendered	21	0	0	0.00000	edge_domination
kron_g500-logn16.mtx.hgr.random100.rendered	21	0	0	0.00000	fast_node_domination
kron_g500-logn16.mtx.hgr.random100.rendered	21	0	0	0.00000	node_domination
kron_g500-logn16.mtx.hgr.random100.rendered	21	0	0	0.00000	twin
kron_g500-logn16.mtx.hgr.random100.rendered	21	0	0	0.00000	unconfined
dac2012_superblue6.hgr.random100	1002	0	634355	0.02340	edge_size
dac2012_superblue6.hgr.random100	1002	531335	135453	1.03569	node_degree_one
dac2012_superblue6.hgr.random100	1002	0	28707	0.27474	edge_domination
dac2012_superblue6.hgr.random100	1002	19014	0	0.18963	fast_node_domination
dac2012_superblue6.hgr.random100	1002	52456	8234	4.48404	node_domination
dac2012_superblue6.hgr.random100	1002	4087	1490	0.92638	twin
dac2012_superblue6.hgr.random100	1002	191821	0	61.44108	unconfined
kron_g500-logn16.mtx.hgr.random100.rendered	203	0	53359	0.00485	edge_size
kron_g500-logn16.mtx.hgr.random100.rendered	203	65536	1962	0.35994	node_degree_one
kron_g500-logn16.mtx.hgr.random100.rendered	203	0	0	0.00000	edge_domination
kron_g500-logn16.mtx.hgr.random100.rendered	203	0	0	0.00000	fast_node_domination
kron_g500-logn16.mtx.hgr.random100.rendered	203	0	0	0.00000	node_domination
kron_g500-logn16.mtx.hgr.random100.rendered	203	0	0	0.00000	twin
kron_g500-logn16.mtx.hgr.random100.rendered	203	0	0	0.00000	unconfined
kron_g500-logn16.mtx.hgr.random100.rendered	1002	0	53359	0.00471	edge_size
kron_g500-logn16.mtx.hgr.random100.rendered	1002	65536	1962	0.35424	node_degree_one
kron_g500-logn16.mtx.hgr.random100.rendered	1002	0	0	0.00000	edge_domination
kron_g500-logn16.mtx.hgr.random100.rendered	1002	0	0	0.00000	fast_node_domination
kron_g500-logn16.mtx.hgr.random100.rendered	1002	0	0	0.00000	node_domination
kron_g500-logn16.mtx.hgr.random100.rendered	1002	0	0	0.00000	twin
kron_g500-logn16.mtx.hgr.random100.rendered	1002	0	0	0.00000	unconfined
lhr14.mtx.hgr.random100	1	0	13280	0.00032	edge_size
lhr14.mtx.hgr.random100	1	1712	336	0.00088	node_degree_one
lhr14.mtx.hgr.random100	1	0	378	0.01040	edge_domination
lhr14.mtx.hgr.random100	1	8135	0	0.08227	fast_node_domination
lhr14.mtx.hgr.random100	1	0	0	0.00105	node_domination
lhr14.mtx.hgr.random100	1	4408	260	0.00238	twin
lhr14.mtx.hgr.random100	1	0	0	0.00094	unconfined
lhr14.mtx.hgr.random100	21	0	13280	0.00030	edge_size
lhr14.mtx.hgr.random100	21	1712	336	0.00079	node_degree_one
lhr14.mtx.hgr.random100	21	0	378	0.00635	edge_domination
lhr14.mtx.hgr.random100	21	8135	0	0.08454	fast_node_domination
lhr14.mtx.hgr.random100	21	0	0	0.00105	node_domination
lhr14.mtx.hgr.random100	21	4408	260	0.00232	twin
lhr14.mtx.hgr.random100	21	0	0	0.00094	unconfined
lhr14.mtx.hgr.random100	203	0	13280	0.00030	edge_size
lhr14.mtx.hgr.random100	203	1712	336	0.00082	node_degree_one
lhr14.mtx.hgr.random100	203	0	378	0.00650	edge_domination
lhr14.mtx.hgr.random100	203	8135	0	0.08343	fast_node_domination
lhr14.mtx.hgr.random100	203	0	0	0.00107	node_domination
lhr14.mtx.hgr.random100	203	4408	260	0.00231	twin
lhr14.mtx.hgr.random100	203	0	0	0.00094	unconfined
lhr14.mtx.hgr.random100	1002	0	13280	0.00030	edge_size
lhr14.mtx.hgr.random100	1002	1712	336	0.00089	node_degree_one
lhr14.mtx.hgr.random100	1002	0	378	0.00666	edge_domination
lhr14.mtx.hgr.random100	1002	8135	0	0.08227	fast_node_domination
lhr14.mtx.hgr.random100	1002	0	0	0.00107	node_domination
lhr14.mtx.hgr.random100	1002	4408	260	0.00238	twin
lhr14.mtx.hgr.random100	1002	0	0	0.00095	unconfined
lp_pds_20.mtx.hgr.random100	1	0	10835	0.00046	edge_size
lp_pds_20.mtx.hgr.random100	1	42778	6029	0.01096	node_degree_one
lp_pds_20.mtx.hgr.random100	1	0	0	0.00392	edge_domination
lp_pds_20.mtx.hgr.random100	1	0	0	0.00507	fast_node_domination
lp_pds_20.mtx.hgr.random100	1	0	0	0.06923	node_domination
lp_pds_20.mtx.hgr.random100	1	0	0	0.03521	twin
lp_pds_20.mtx.hgr.random100	1	4581	0	0.09879	unconfined
lp_pds_20.mtx.hgr.random100	21	0	10835	0.00043	edge_size
lp_pds_20.mtx.hgr.random100	21	42778	6029	0.01131	node_degree_one
lp_pds_20.mtx.hgr.random100	21	0	0	0.00384	edge_domination
lp_pds_20.mtx.hgr.random100	21	0	0	0.00504	fast_node_domination
lp_pds_20.mtx.hgr.random100	21	0	0	0.06909	node_domination
lp_pds_20.mtx.hgr.random100	21	0	0	0.03293	twin
lp_pds_20.mtx.hgr.random100	21	4581	0	0.09767	unconfined
lp_pds_20.mtx.hgr.random100	203	0	10835	0.00043	edge_size
lp_pds_20.mtx.hgr.random100	203	42778	6029	0.01085	node_degree_one
lp_pds_20.mtx.hgr.random100	203	0	0	0.00391	edge_domination
lp_pds_20.mtx.hgr.random100	203	0	0	0.00516	fast_node_domination
lp_pds_20.mtx.hgr.random100	203	0	0	0.06864	node_domination
lp_pds_20.mtx.hgr.random100	203	0	0	0.03279	twin
lp_pds_20.mtx.hgr.random100	203	4581	0	0.09728	unconfined
lp_pds_20.mtx.hgr.random100	1002	0	10835	0.00043	edge_size
lp_pds_20.mtx.hgr.random100	1002	42778	6029	0.01079	node_degree_one
lp_pds_20.mtx.hgr.random100	1002	0	0	0.00386	edge_domination
lp_pds_20.mtx.hgr.random100	1002	0	0	0.00506	fast_node_domination
lp_pds_20.mtx.hgr.random100	1002	0	0	0.06879	node_domination
lp_pds_20.mtx.hgr.random100	1002	0	0	0.03427	twin
lp_pds_20.mtx.hgr.random100	1002	4581	0	0.09748	unconfined
dac2012_superblue7.hgr.random100	1	0	994809	0.02907	edge_size
dac2012_superblue7.hgr.random100	1	811043	182114	0.97686	node_degree_one
dac2012_superblue7.hgr.random100	1	0	33707	0.34040	edge_domination
dac2012_superblue7.hgr.random100	1	23666	0	0.22386	fast_node_domination
dac2012_superblue7.hgr.random100	1	51674	5626	3.66884	node_domination
dac2012_superblue7.hgr.random100	1	4269	1337	0.67820	twin
dac2012_superblue7.hgr.random100	1	318794	0	57.17749	unconfined
dac2012_superblue7.hgr.random100	21	0	994809	0.02892	edge_size
dac2012_superblue7.hgr.random100	21	811043	182114	0.99608	node_degree_one
dac2012_superblue7.hgr.random100	21	0	33707	0.33551	edge_domination
dac2012_superblue7.hgr.random100	21	23666	0	0.22793	fast_node_domination
dac2012_superblue7.hgr.random100	21	51674	5626	3.65625	node_domination
dac2012_superblue7.hgr.random100	21	4269	1337	0.73688	twin
dac2012_superblue7.hgr.random100	21	318794	0	56.42576	unconfined
msc10848.mtx.hgr.random100	1	0	55	0.00011	edge_size
msc10848.mtx.hgr.random100	1	2531	32	0.00089	node_degree_one
msc10848.mtx.hgr.random100	1	0	10645	0.01603	edge_domination
msc10848.mtx.hgr.random100	1	8133	0	0.05377	fast_node_domination
msc10848.mtx.hgr.random100	1	22	3	0.00041	node_domination
msc10848.mtx.hgr.random100	1	0	0	0.00077	twin
msc10848.mtx.hgr.random100	1	41	0	0.00111	unconfined
m14b.mtx.hgr.random100	1	0	85	0.00268	edge_size
m14b.mtx.hgr.random100	1	0	0	0.00304	node_degree_one
m14b.mtx.hgr.random100	1	0	15535	0.21942	edge_domination
m14b.mtx.hgr.random100	1	74	0	0.10661	fast_node_domination
m14b.mtx.hgr.random100	1	34098	0	2.06293	node_domination
m14b.mtx.hgr.random100	1	0	0	0.34155	twin
m14b.mtx.hgr.random100	1	40	0	1.07649	unconfined
dac2012_superblue7.hgr.random100	203	0	994809	0.02905	edge_size
dac2012_superblue7.hgr.random100	203	811043	182114	0.99323	node_degree_one
dac2012_superblue7.hgr.random100	203	0	33707	0.33558	edge_domination
dac2012_superblue7.hgr.random100	203	23666	0	0.22749	fast_node_domination
dac2012_superblue7.hgr.random100	203	51674	5626	3.65784	node_domination
dac2012_superblue7.hgr.random100	203	4269	1337	0.73326	twin
dac2012_superblue7.hgr.random100	203	318794	0	56.43532	unconfined
m14b.mtx.hgr.random100	21	0	85	0.00245	edge_size
m14b.mtx.hgr.random100	21	0	0	0.00306	node_degree_one
m14b.mtx.hgr.random100	21	0	15535	0.21970	edge_domination
m14b.mtx.hgr.random100	21	74	0	0.10542	fast_node_domination
m14b.mtx.hgr.random100	21	34098	0	2.06756	node_domination
m14b.mtx.hgr.random100	21	0	0	0.33299	twin
m14b.mtx.hgr.random100	21	40	0	1.07690	unconfined
msc10848.mtx.hgr.random100	21	0	55	0.00010	edge_size
msc10848.mtx.hgr.random100	21	2531	32	0.00089	node_degree_one
msc10848.mtx.hgr.random100	21	0	10645	0.01600	edge_domination
msc10848.mtx.hgr.random100	21	8133	0	0.05471	fast_node_domination
msc10848.mtx.hgr.random100	21	22	3	0.00041	node_domination
msc10848.mtx.hgr.random100	21	0	0	0.00076	twin
msc10848.mtx.hgr.random100	21	41	0	0.00112	unconfined
dac2012_superblue7.hgr.random100	1002	0	994809	0.02889	edge_size
dac2012_superblue7.hgr.random100	1002	811043	182114	0.98091	node_degree_one
dac2012_superblue7.hgr.random100	1002	0	33707	0.33456	edge_domination
dac2012_superblue7.hgr.random100	1002	23666	0	0.22400	fast_node_domination
dac2012_superblue7.hgr.random100	1002	51674	5626	3.66629	node_domination
dac2012_superblue7.hgr.random100	1002	4269	1337	0.67255	twin
dac2012_superblue7.hgr.random100	1002	318794	0	56.89747	unconfined
m14b.mtx.hgr.random100	203	0	85	0.00241	edge_size
m14b.mtx.hgr.random100	203	0	0	0.00301	node_degree_one
m14b.mtx.hgr.random100	203	0	15535	0.21651	edge_domination
m14b.mtx.hgr.random100	203	74	0	0.10777	fast_node_domination
m14b.mtx.hgr.random100	203	34098	0	2.05384	node_domination
m14b.mtx.hgr.random100	203	0	0	0.34922	twin
m14b.mtx.hgr.random100	203	40	0	1.07790	unconfined
msc10848.mtx.hgr.random100	203	0	55	0.00009	edge_size
msc10848.mtx.hgr.random100	203	2531	32	0.00088	node_degree_one
msc10848.mtx.hgr.random100	203	0	10645	0.01574	edge_domination
msc10848.mtx.hgr.random100	203	8133	0	0.05405	fast_node_domination
msc10848.mtx.hgr.random100	203	22	3	0.00040	node_domination
msc10848.mtx.hgr.random100	203	0	0	0.00076	twin
msc10848.mtx.hgr.random100	203	41	0	0.00112	unconfined
m14b.mtx.hgr.random100	1002	0	85	0.00245	edge_size
m14b.mtx.hgr.random100	1002	0	0	0.00302	node_degree_one
m14b.mtx.hgr.random100	1002	0	15535	0.21811	edge_domination
m14b.mtx.hgr.random100	1002	74	0	0.10435	fast_node_domination
m14b.mtx.hgr.random100	1002	34098	0	2.05530	node_domination
m14b.mtx.hgr.random100	1002	0	0	0.37818	twin
m14b.mtx.hgr.random100	1002	40	0	1.07219	unconfined
msc10848.mtx.hgr.random100	1002	0	55	0.00010	edge_size
msc10848.mtx.hgr.random100	1002	2531	32	0.00088	node_degree_one
msc10848.mtx.hgr.random100	1002	0	10645	0.01740	edge_domination
msc10848.mtx.hgr.random100	1002	8133	0	0.05230	fast_node_domination
msc10848.mtx.hgr.random100	1002	22	3	0.00048	node_domination
msc10848.mtx.hgr.random100	1002	0	0	0.00075	twin
msc10848.mtx.hgr.random100	1002	41	0	0.00112	unconfined
mult_dcop_01.mtx.hgr.random100.rendered	1	0	24059	0.00053	edge_size
mult_dcop_01.mtx.hgr.random100.rendered	1	25187	1039	0.05104	node_degree_one
mult_dcop_01.mtx.hgr.random100.rendered	1	0	89	0.00011	edge_domination
mult_dcop_01.mtx.hgr.random100.rendered	1	0	0	0.00000	fast_node_domination
mult_dcop_01.mtx.hgr.random100.rendered	1	0	0	0.00000	node_domination
mult_dcop_01.mtx.hgr.random100.rendered	1	0	0	0.00000	twin
mult_dcop_01.mtx.hgr.random100.rendered	1	0	0	0.00000	unconfined
mult_dcop_01.mtx.hgr.random100.rendered	21	0	24059	0.00052	edge_size
mult_dcop_01.mtx.hgr.random100.rendered	21	25187	1039	0.04555	node_degree_one
mult_dcop_01.mtx.hgr.random100.rendered	21	0	89	0.00010	edge_domination
mult_dcop_01.mtx.hgr.random100.rendered	21	0	0	0.00000	fast_node_domination
mult_dcop_01.mtx.hgr.random100.rendered	21	0	0	0.00000	node_domination
mult_dcop_01.mtx.hgr.random100.rendered	21	0	0	0.00000	twin
mult_dcop_01.mtx.hgr.random100.rendered	21	0	0	0.00000	unconfined
mult_dcop_01.mtx.hgr.random100.rendered	203	0	24059	0.00054	edge_size
mult_dcop_01.mtx.hgr.random100.rendered	203	25187	1039	0.04805	node_degree_one
mult_dcop_01.mtx.hgr.random100.rendered	203	0	89	0.00010	edge_domination
mult_dcop_01.mtx.hgr.random100.rendered	203	0	0	0.00000	fast_node_domination
mult_dcop_01.mtx.hgr.random100.rendered	203	0	0	0.00000	node_domination
mult_dcop_01.mtx.hgr.random100.rendered	203	0	0	0.00000	twin
mult_dcop_01.mtx.hgr.random100.rendered	203	0	0	0.00000	unconfined
mult_dcop_01.mtx.hgr.random100.rendered	1002	0	24059	0.00055	edge_size
mult_dcop_01.mtx.hgr.random100.rendered	1002	25187	1039	0.04526	node_degree_one
mult_dcop_01.mtx.hgr.random100.rendered	1002	0	89	0.00010	edge_domination
mult_dcop_01.mtx.hgr.random100.rendered	1002	0	0	0.00000	fast_node_domination
mult_dcop_01.mtx.hgr.random100.rendered	1002	0	0	0.00000	node_domination
mult_dcop_01.mtx.hgr.random100.rendered	1002	0	0	0.00000	twin
mult_dcop_01.mtx.hgr.random100.rendered	1002	0	0	0.00000	unconfined
NotreDame_actors.mtx.hgr.random100	1	0	353309	0.02249	edge_size
NotreDame_actors.mtx.hgr.random100	1	115445	11677	0.31733	node_degree_one
NotreDame_actors.mtx.hgr.random100	1	0	3619	0.01958	edge_domination
NotreDame_actors.mtx.hgr.random100	1	479	0	0.00678	fast_node_domination
NotreDame_actors.mtx.hgr.random100	1	498	77	0.05167	node_domination
NotreDame_actors.mtx.hgr.random100	1	12	6	0.01658	twin
NotreDame_actors.mtx.hgr.random100	1	619	0	0.06768	unconfined
NotreDame_actors.mtx.hgr.random100	21	0	353309	0.02252	edge_size
NotreDame_actors.mtx.hgr.random100	21	115445	11677	0.31534	node_degree_one
NotreDame_actors.mtx.hgr.random100	21	0	3619	0.01927	edge_domination
NotreDame_actors.mtx.hgr.random100	21	479	0	0.00680	fast_node_domination
NotreDame_actors.mtx.hgr.random100	21	498	77	0.05162	node_domination
NotreDame_actors.mtx.hgr.random100	21	12	6	0.01644	twin
NotreDame_actors.mtx.hgr.random100	21	619	0	0.06807	unconfined
NotreDame_actors.mtx.hgr.random100	203	0	353309	0.02242	edge_size
NotreDame_actors.mtx.hgr.random100	203	115445	11677	0.31885	node_degree_one
NotreDame_actors.mtx.hgr.random100	203	0	3619	0.01954	edge_domination
NotreDame_actors.mtx.hgr.random100	203	479	0	0.00679	fast_node_domination
NotreDame_actors.mtx.hgr.random100	203	498	77	0.05152	node_domination
NotreDame_actors.mtx.hgr.random100	203	12	6	0.01634	twin
NotreDame_actors.mtx.hgr.random100	203	619	0	0.06824	unconfined
NotreDame_actors.mtx.hgr.random100	1002	0	353309	0.02269	edge_size
NotreDame_actors.mtx.hgr.random100	1002	115445	11677	0.34413	node_degree_one
NotreDame_actors.mtx.hgr.random100	1002	0	3619	0.01942	edge_domination
NotreDame_actors.mtx.hgr.random100	1002	479	0	0.00710	fast_node_domination
NotreDame_actors.mtx.hgr.random100	1002	498	77	0.05063	node_domination
NotreDame_actors.mtx.hgr.random100	1002	12	6	0.01641	twin
NotreDame_actors.mtx.hgr.random100	1002	619	0	0.06806	unconfined
pdb1HYS.mtx.hgr.random100	1	0	38	0.00042	edge_size
pdb1HYS.mtx.hgr.random100	1	279	5	0.00172	node_degree_one
pdb1HYS.mtx.hgr.random100	1	0	27743	0.08101	edge_domination
pdb1HYS.mtx.hgr.random100	1	27197	0	0.83430	fast_node_domination
pdb1HYS.mtx.hgr.random100	1	1748	12	0.26212	node_domination
pdb1HYS.mtx.hgr.random100	1	0	0	0.02017	twin
pdb1HYS.mtx.hgr.random100	1	294	0	0.09954	unconfined
pdb1HYS.mtx.hgr.random100	21	0	38	0.00043	edge_size
pdb1HYS.mtx.hgr.random100	21	279	5	0.00177	node_degree_one
pdb1HYS.mtx.hgr.random100	21	0	27743	0.08277	edge_domination
pdb1HYS.mtx.hgr.random100	21	27197	0	0.81752	fast_node_domination
pdb1HYS.mtx.hgr.random100	21	1748	12	0.26020	node_domination
pdb1HYS.mtx.hgr.random100	21	0	0	0.01827	twin
pdb1HYS.mtx.hgr.random100	21	294	0	0.09967	unconfined
pdb1HYS.mtx.hgr.random100	203	0	38	0.00044	edge_size
pdb1HYS.mtx.hgr.random100	203	279	5	0.00175	node_degree_one
pdb1HYS.mtx.hgr.random100	203	0	27743	0.08093	edge_domination
pdb1HYS.mtx.hgr.random100	203	27197	0	0.84404	fast_node_domination
pdb1HYS.mtx.hgr.random100	203	1748	12	0.25995	node_domination
pdb1HYS.mtx.hgr.random100	203	0	0	0.01862	twin
pdb1HYS.mtx.hgr.random100	203	294	0	0.09995	unconfined
poli3.mtx.hgr.random100	1	0	14717	0.00113	edge_size
poli3.mtx.hgr.random100	1	16949	2191	0.00588	node_degree_one
poli3.mtx.hgr.random100	1	0	45	0.00015	edge_domination
poli3.mtx.hgr.random100	1	0	0	0.00015	fast_node_domination
poli3.mtx.hgr.random100	1	6	2	0.00012	node_domination
poli3.mtx.hgr.random100	1	0	0	0.00000	twin
poli3.mtx.hgr.random100	1	0	0	0.00000	unconfined
pdb1HYS.mtx.hgr.random100	1002	0	38	0.00077	edge_size
pdb1HYS.mtx.hgr.random100	1002	279	5	0.00166	node_degree_one
pdb1HYS.mtx.hgr.random100	1002	0	27743	0.08229	edge_domination
pdb1HYS.mtx.hgr.random100	1002	27197	0	0.83487	fast_node_domination
pdb1HYS.mtx.hgr.random100	1002	1748	12	0.26065	node_domination
pdb1HYS.mtx.hgr.random100	1002	0	0	0.02019	twin
pdb1HYS.mtx.hgr.random100	1002	294	0	0.09999	unconfined
poli3.mtx.hgr.random100	21	0	14717	0.00094	edge_size
poli3.mtx.hgr.random100	21	16949	2191	0.00491	node_degree_one
poli3.mtx.hgr.random100	21	0	45	0.00013	edge_domination
poli3.mtx.hgr.random100	21	0	0	0.00012	fast_node_domination
poli3.mtx.hgr.random100	21	6	2	0.00010	node_domination
poli3.mtx.hgr.random100	21	0	0	0.00000	twin
poli3.mtx.hgr.random100	21	0	0	0.00000	unconfined
poli3.mtx.hgr.random100	203	0	14717	0.00101	edge_size
poli3.mtx.hgr.random100	203	16949	2191	0.00502	node_degree_one
poli3.mtx.hgr.random100	203	0	45	0.00014	edge_domination
poli3.mtx.hgr.random100	203	0	0	0.00013	fast_node_domination
poli3.mtx.hgr.random100	203	6	2	0.00011	node_domination
poli3.mtx.hgr.random100	203	0	0	0.00000	twin
poli3.mtx.hgr.random100	203	0	0	0.00000	unconfined
poli3.mtx.hgr.random100	1002	0	14717	0.00095	edge_size
poli3.mtx.hgr.random100	1002	16949	2191	0.00491	node_degree_one
poli3.mtx.hgr.random100	1002	0	45	0.00013	edge_domination
poli3.mtx.hgr.random100	1002	0	0	0.00012	fast_node_domination
poli3.mtx.hgr.random100	1002	6	2	0.00010	node_domination
poli3.mtx.hgr.random100	1002	0	0	0.00000	twin
poli3.mtx.hgr.random100	1002	0	0	0.00000	unconfined
psse2.mtx.hgr.random100	1	0	1210	0.00044	edge_size
psse2.mtx.hgr.random100	1	10797	2812	0.00342	node_degree_one
psse2.mtx.hgr.random100	1	0	24544	0.00707	edge_domination
psse2.mtx.hgr.random100	1	68	0	0.00018	fast_node_domination
psse2.mtx.hgr.random100	1	81	32	0.00020	node_domination
psse2.mtx.hgr.random100	1	36	18	0.00108	twin
psse2.mtx.hgr.random100	1	28	0	0.00111	unconfined
psse2.mtx.hgr.random100	21	0	1210	0.00053	edge_size
psse2.mtx.hgr.random100	21	10797	2812	0.00345	node_degree_one
psse2.mtx.hgr.random100	21	0	24544	0.00722	edge_domination
psse2.mtx.hgr.random100	21	68	0	0.00018	fast_node_domination
psse2.mtx.hgr.random100	21	81	32	0.00015	node_domination
psse2.mtx.hgr.random100	21	36	18	0.00074	twin
psse2.mtx.hgr.random100	21	28	0	0.00077	unconfined
psse2.mtx.hgr.random100	203	0	1210	0.00043	edge_size
psse2.mtx.hgr.random100	203	10797	2812	0.00341	node_degree_one
psse2.mtx.hgr.random100	203	0	24544	0.00699	edge_domination
psse2.mtx.hgr.random100	203	68	0	0.00016	fast_node_domination
psse2.mtx.hgr.random100	203	81	32	0.00013	node_domination
psse2.mtx.hgr.random100	203	36	18	0.00075	twin
psse2.mtx.hgr.random100	203	28	0	0.00076	unconfined
psse2.mtx.hgr.random100	1002	0	1210	0.00042	edge_size
psse2.mtx.hgr.random100	1002	10797	2812	0.00332	node_degree_one
psse2.mtx.hgr.random100	1002	0	24544	0.00696	edge_domination
psse2.mtx.hgr.random100	1002	68	0	0.00011	fast_node_domination
psse2.mtx.hgr.random100	1002	81	32	0.00013	node_domination
psse2.mtx.hgr.random100	1002	36	18	0.00075	twin
psse2.mtx.hgr.random100	1002	28	0	0.00076	unconfined
rgg_n_2_18_s0.mtx.hgr.random100	1	0	3388	0.00389	edge_size
rgg_n_2_18_s0.mtx.hgr.random100	1	655	172	0.00896	node_degree_one
rgg_n_2_18_s0.mtx.hgr.random100	1	0	87038	0.24190	edge_domination
rgg_n_2_18_s0.mtx.hgr.random100	1	1076	0	0.07519	fast_node_domination
rgg_n_2_18_s0.mtx.hgr.random100	1	100043	340	1.11647	node_domination
rgg_n_2_18_s0.mtx.hgr.random100	1	4	2	0.13755	twin
rgg_n_2_18_s0.mtx.hgr.random100	1	10044	0	0.61912	unconfined
rgg_n_2_18_s0.mtx.hgr.random100	21	0	3388	0.00392	edge_size
rgg_n_2_18_s0.mtx.hgr.random100	21	655	172	0.00892	node_degree_one
rgg_n_2_18_s0.mtx.hgr.random100	21	0	87038	0.24045	edge_domination
rgg_n_2_18_s0.mtx.hgr.random100	21	1076	0	0.07509	fast_node_domination
rgg_n_2_18_s0.mtx.hgr.random100	21	100043	340	1.11266	node_domination
rgg_n_2_18_s0.mtx.hgr.random100	21	4	2	0.13301	twin
rgg_n_2_18_s0.mtx.hgr.random100	21	10044	0	0.61956	unconfined
sat14_6s11-opt.cnf.hgr.random100	1	0	73086	0.00205	edge_size
sat14_6s11-opt.cnf.hgr.random100	1	48391	17380	0.01594	node_degree_one
sat14_6s11-opt.cnf.hgr.random100	1	0	3	0.00728	edge_domination
sat14_6s11-opt.cnf.hgr.random100	1	8	0	0.00495	fast_node_domination
sat14_6s11-opt.cnf.hgr.random100	1	4287	1440	0.02423	node_domination
sat14_6s11-opt.cnf.hgr.random100	1	252	95	0.00754	twin
sat14_6s11-opt.cnf.hgr.random100	1	9260	0	0.02879	unconfined
rgg_n_2_18_s0.mtx.hgr.random100	203	0	3388	0.00394	edge_size
rgg_n_2_18_s0.mtx.hgr.random100	203	655	172	0.00869	node_degree_one
rgg_n_2_18_s0.mtx.hgr.random100	203	0	87038	0.23833	edge_domination
rgg_n_2_18_s0.mtx.hgr.random100	203	1076	0	0.07529	fast_node_domination
rgg_n_2_18_s0.mtx.hgr.random100	203	100043	340	1.11535	node_domination
rgg_n_2_18_s0.mtx.hgr.random100	203	4	2	0.13201	twin
rgg_n_2_18_s0.mtx.hgr.random100	203	10044	0	0.61922	unconfined
sat14_6s11-opt.cnf.hgr.random100	21	0	73086	0.00205	edge_size
sat14_6s11-opt.cnf.hgr.random100	21	48391	17380	0.01557	node_degree_one
sat14_6s11-opt.cnf.hgr.random100	21	0	3	0.00712	edge_domination
sat14_6s11-opt.cnf.hgr.random100	21	8	0	0.00497	fast_node_domination
sat14_6s11-opt.cnf.hgr.random100	21	4287	1440	0.02449	node_domination
sat14_6s11-opt.cnf.hgr.random100	21	252	95	0.00731	twin
sat14_6s11-opt.cnf.hgr.random100	21	9260	0	0.02860	unconfined
rgg_n_2_18_s0.mtx.hgr.random100	1002	0	3388	0.00389	edge_size
rgg_n_2_18_s0.mtx.hgr.random100	1002	655	172	0.00872	node_degree_one
rgg_n_2_18_s0.mtx.hgr.random100	1002	0	87038	0.23714	edge_domination
rgg_n_2_18_s0.mtx.hgr.random100	1002	1076	0	0.07404	fast_node_domination
rgg_n_2_18_s0.mtx.hgr.random100	1002	100043	340	1.11515	node_domination
rgg_n_2_18_s0.mtx.hgr.random100	1002	4	2	0.13566	twin
rgg_n_2_18_s0.mtx.hgr.random100	1002	10044	0	0.61976	unconfined
sat14_6s11-opt.cnf.hgr.random100	203	0	73086	0.00202	edge_size
sat14_6s11-opt.cnf.hgr.random100	203	48391	17380	0.01573	node_degree_one
sat14_6s11-opt.cnf.hgr.random100	203	0	3	0.00719	edge_domination
sat14_6s11-opt.cnf.hgr.random100	203	8	0	0.00490	fast_node_domination
sat14_6s11-opt.cnf.hgr.random100	203	4287	1440	0.02391	node_domination
sat14_6s11-opt.cnf.hgr.random100	203	252	95	0.00728	twin
sat14_6s11-opt.cnf.hgr.random100	203	9260	0	0.02846	unconfined
sat14_6s11-opt.cnf.hgr.random100	1002	0	73086	0.00208	edge_size
sat14_6s11-opt.cnf.hgr.random100	1002	48391	17380	0.01532	node_degree_one
sat14_6s11-opt.cnf.hgr.random100	1002	0	3	0.00704	edge_domination
sat14_6s11-opt.cnf.hgr.random100	1002	8	0	0.00488	fast_node_domination
sat14_6s11-opt.cnf.hgr.random100	1002	4287	1440	0.02429	node_domination
sat14_6s11-opt.cnf.hgr.random100	1002	252	95	0.00725	twin
sat14_6s11-opt.cnf.hgr.random100	1002	9260	0	0.02847	unconfined
sat14_6s12.cnf.hgr.random100	1	0	74200	0.00183	edge_size
sat14_6s12.cnf.hgr.random100	1	39182	11141	0.01103	node_degree_one
sat14_6s12.cnf.hgr.random100	1	0	9	0.00742	edge_domination
sat14_6s12.cnf.hgr.random100	1	25	0	0.00517	fast_node_domination
sat14_6s12.cnf.hgr.random100	1	3101	1029	0.02329	node_domination
sat14_6s12.cnf.hgr.random100	1	113	51	0.01041	twin
sat14_6s12.cnf.hgr.random100	1	15285	0	0.11185	unconfined
sat14_6s12.cnf.hgr.random100	21	0	74200	0.00181	edge_size
sat14_6s12.cnf.hgr.random100	21	39182	11141	0.01129	node_degree_one
sat14_6s12.cnf.hgr.random100	21	0	9	0.00738	edge_domination
sat14_6s12.cnf.hgr.random100	21	25	0	0.00518	fast_node_domination
sat14_6s12.cnf.hgr.random100	21	3101	1029	0.02349	node_domination
sat14_6s12.cnf.hgr.random100	21	113	51	0.01013	twin
sat14_6s12.cnf.hgr.random100	21	15285	0	0.11161	unconfined
sat14_6s12.cnf.hgr.random100	203	0	74200	0.00180	edge_size
sat14_6s12.cnf.hgr.random100	203	39182	11141	0.01087	node_degree_one
sat14_6s12.cnf.hgr.random100	203	0	9	0.00728	edge_domination
sat14_6s12.cnf.hgr.random100	203	25	0	0.00513	fast_node_domination
sat14_6s12.cnf.hgr.random100	203	3101	1029	0.02329	node_domination
sat14_6s12.cnf.hgr.random100	203	113	51	0.01026	twin
sat14_6s12.cnf.hgr.random100	203	15285	0	0.11320	unconfined
sat14_6s12.cnf.hgr.random100	1002	0	74200	0.00184	edge_size
sat14_6s12.cnf.hgr.random100	1002	39182	11141	0.01105	node_degree_one
sat14_6s12.cnf.hgr.random100	1002	0	9	0.00744	edge_domination
sat14_6s12.cnf.hgr.random100	1002	25	0	0.00526	fast_node_domination
sat14_6s12.cnf.hgr.random100	1002	3101	1029	0.02333	node_domination
sat14_6s12.cnf.hgr.random100	1002	113	51	0.01063	twin
sat14_6s12.cnf.hgr.random100	1002	15285	0	0.11378	unconfined
sat14_6s130-opt.cnf.hgr.random100	1	0	108927	0.00303	edge_size
sat14_6s130-opt.cnf.hgr.random100	1	73859	26276	0.02707	node_degree_one
sat14_6s130-opt.cnf.hgr.random100	1	0	15	0.01139	edge_domination
sat14_6s130-opt.cnf.hgr.random100	1	47	0	0.00799	fast_node_domination
sat14_6s130-opt.cnf.hgr.random100	1	5679	1914	0.03941	node_domination
sat14_6s130-opt.cnf.hgr.random100	1	434	154	0.01094	twin
sat14_6s130-opt.cnf.hgr.random100	1	13012	0	0.04829	unconfined
sat14_6s130-opt.cnf.hgr.random100	21	0	108927	0.00302	edge_size
sat14_6s130-opt.cnf.hgr.random100	21	73859	26276	0.02698	node_degree_one
sat14_6s130-opt.cnf.hgr.random100	21	0	15	0.01136	edge_domination
sat14_6s130-opt.cnf.hgr.random100	21	47	0	0.00799	fast_node_domination
sat14_6s130-opt.cnf.hgr.random100	21	5679	1914	0.03928	node_domination
sat14_6s130-opt.cnf.hgr.random100	21	434	154	0.01087	twin
sat14_6s130-opt.cnf.hgr.random100	21	13012	0	0.04875	unconfined
sat14_6s130-opt.cnf.hgr.random100	203	0	108927	0.00302	edge_size
sat14_6s130-opt.cnf.hgr.random100	203	73859	26276	0.02755	node_degree_one
sat14_6s130-opt.cnf.hgr.random100	203	0	15	0.01145	edge_domination
sat14_6s130-opt.cnf.hgr.random100	203	47	0	0.00811	fast_node_domination
sat14_6s130-opt.cnf.hgr.random100	203	5679	1914	0.04001	node_domination
sat14_6s130-opt.cnf.hgr.random100	203	434	154	0.01115	twin
sat14_6s130-opt.cnf.hgr.random100	203	13012	0	0.04843	unconfined
sat14_6s130-opt.cnf.hgr.random100	1002	0	108927	0.00307	edge_size
sat14_6s130-opt.cnf.hgr.random100	1002	73859	26276	0.02700	node_degree_one
sat14_6s130-opt.cnf.hgr.random100	1002	0	15	0.01226	edge_domination
sat14_6s130-opt.cnf.hgr.random100	1002	47	0	0.00813	fast_node_domination
sat14_6s130-opt.cnf.hgr.random100	1002	5679	1914	0.03970	node_domination
sat14_6s130-opt.cnf.hgr.random100	1002	434	154	0.01089	twin
sat14_6s130-opt.cnf.hgr.random100	1002	13012	0	0.04832	unconfined
sat14_6s130-opt.cnf.primal.hgr.random100	1	0	21927	0.00165	edge_size
sat14_6s130-opt.cnf.primal.hgr.random100	1	14111	3349	0.00384	node_degree_one
sat14_6s130-opt.cnf.primal.hgr.random100	1	0	98320	0.01467	edge_domination
sat14_6s130-opt.cnf.primal.hgr.random100	1	50	0	0.00457	fast_node_domination
sat14_6s130-opt.cnf.primal.hgr.random100	1	2422	51	0.02160	node_domination
sat14_6s130-opt.cnf.primal.hgr.random100	1	45	21	0.00846	twin
sat14_6s130-opt.cnf.primal.hgr.random100	1	12112	0	0.08932	unconfined
sat14_6s130-opt.cnf.primal.hgr.random100	21	0	21927	0.00167	edge_size
sat14_6s130-opt.cnf.primal.hgr.random100	21	14111	3349	0.00395	node_degree_one
sat14_6s130-opt.cnf.primal.hgr.random100	21	0	98320	0.01467	edge_domination
sat14_6s130-opt.cnf.primal.hgr.random100	21	50	0	0.00470	fast_node_domination
sat14_6s130-opt.cnf.primal.hgr.random100	21	2422	51	0.02258	node_domination
sat14_6s130-opt.cnf.primal.hgr.random100	21	45	21	0.00891	twin
sat14_6s130-opt.cnf.primal.hgr.random100	21	12112	0	0.09023	unconfined
sat14_6s130-opt.cnf.primal.hgr.random100	203	0	21927	0.00166	edge_size
sat14_6s130-opt.cnf.primal.hgr.random100	203	14111	3349	0.00391	node_degree_one
sat14_6s130-opt.cnf.primal.hgr.random100	203	0	98320	0.01447	edge_domination
sat14_6s130-opt.cnf.primal.hgr.random100	203	50	0	0.00492	fast_node_domination
sat14_6s130-opt.cnf.primal.hgr.random100	203	2422	51	0.02204	node_domination
sat14_6s130-opt.cnf.primal.hgr.random100	203	45	21	0.00845	twin
sat14_6s130-opt.cnf.primal.hgr.random100	203	12112	0	0.08893	unconfined
sat14_6s130-opt.cnf.primal.hgr.random100	1002	0	21927	0.00165	edge_size
sat14_6s130-opt.cnf.primal.hgr.random100	1002	14111	3349	0.00393	node_degree_one
sat14_6s130-opt.cnf.primal.hgr.random100	1002	0	98320	0.01480	edge_domination
sat14_6s130-opt.cnf.primal.hgr.random100	1002	50	0	0.00460	fast_node_domination
sat14_6s130-opt.cnf.primal.hgr.random100	1002	2422	51	0.02170	node_domination
sat14_6s130-opt.cnf.primal.hgr.random100	1002	45	21	0.00847	twin
sat14_6s130-opt.cnf.primal.hgr.random100	1002	12112	0	0.08944	unconfined
sat14_6s133.cnf.primal.hgr.random100	1	0	20408	0.00125	edge_size
sat14_6s133.cnf.primal.hgr.random100	1	11067	1930	0.00255	node_degree_one
sat14_6s133.cnf.primal.hgr.random100	1	0	96426	0.01409	edge_domination
sat14_6s133.cnf.primal.hgr.random100	1	66	0	0.00448	fast_node_domination
sat14_6s133.cnf.primal.hgr.random100	1	2455	54	0.01952	node_domination
sat14_6s133.cnf.primal.hgr.random100	1	15	7	0.00802	twin
sat14_6s133.cnf.primal.hgr.random100	1	12617	0	0.09147	unconfined
sat14_6s133.cnf.primal.hgr.random100	21	0	20408	0.00126	edge_size
sat14_6s133.cnf.primal.hgr.random100	21	11067	1930	0.00247	node_degree_one
sat14_6s133.cnf.primal.hgr.random100	21	0	96426	0.01361	edge_domination
sat14_6s133.cnf.primal.hgr.random100	21	66	0	0.00449	fast_node_domination
sat14_6s133.cnf.primal.hgr.random100	21	2455	54	0.01973	node_domination
sat14_6s133.cnf.primal.hgr.random100	21	15	7	0.00812	twin
sat14_6s133.cnf.primal.hgr.random100	21	12617	0	0.09187	unconfined
sat14_6s133.cnf.primal.hgr.random100	203	0	20408	0.00125	edge_size
sat14_6s133.cnf.primal.hgr.random100	203	11067	1930	0.00247	node_degree_one
sat14_6s133.cnf.primal.hgr.random100	203	0	96426	0.01369	edge_domination
sat14_6s133.cnf.primal.hgr.random100	203	66	0	0.00448	fast_node_domination
sat14_6s133.cnf.primal.hgr.random100	203	2455	54	0.01967	node_domination
sat14_6s133.cnf.primal.hgr.random100	203	15	7	0.00840	twin
sat14_6s133.cnf.primal.hgr.random100	203	12617	0	0.09153	unconfined
sat14_6s133.cnf.primal.hgr.random100	1002	0	20408	0.00123	edge_size
sat14_6s133.cnf.primal.hgr.random100	1002	11067	1930	0.00245	node_degree_one
sat14_6s133.cnf.primal.hgr.random100	1002	0	96426	0.01404	edge_domination
sat14_6s133.cnf.primal.hgr.random100	1002	66	0	0.00443	fast_node_domination
sat14_6s133.cnf.primal.hgr.random100	1002	2455	54	0.01965	node_domination
sat14_6s133.cnf.primal.hgr.random100	1002	15	7	0.00821	twin
sat14_6s133.cnf.primal.hgr.random100	1002	12617	0	0.09244	unconfined
sat14_6s16.cnf.primal.hgr.random100	1	0	11029	0.00112	edge_size
sat14_6s16.cnf.primal.hgr.random100	1	7228	1804	0.00192	node_degree_one
sat14_6s16.cnf.primal.hgr.random100	1	0	62702	0.01167	edge_domination
sat14_6s16.cnf.primal.hgr.random100	1	32	0	0.00281	fast_node_domination
sat14_6s16.cnf.primal.hgr.random100	1	1981	93	0.01313	node_domination
sat14_6s16.cnf.primal.hgr.random100	1	53	24	0.00550	twin
sat14_6s16.cnf.primal.hgr.random100	1	6396	0	0.09314	unconfined
sat14_6s16.cnf.primal.hgr.random100	21	0	11029	0.00079	edge_size
sat14_6s16.cnf.primal.hgr.random100	21	7228	1804	0.00174	node_degree_one
sat14_6s16.cnf.primal.hgr.random100	21	0	62702	0.00846	edge_domination
sat14_6s16.cnf.primal.hgr.random100	21	32	0	0.00267	fast_node_domination
sat14_6s16.cnf.primal.hgr.random100	21	1981	93	0.01260	node_domination
sat14_6s16.cnf.primal.hgr.random100	21	53	24	0.00548	twin
sat14_6s16.cnf.primal.hgr.random100	21	6396	0	0.09286	unconfined
sat14_6s16.cnf.primal.hgr.random100	203	0	11029	0.00081	edge_size
sat14_6s16.cnf.primal.hgr.random100	203	7228	1804	0.00173	node_degree_one
sat14_6s16.cnf.primal.hgr.random100	203	0	62702	0.00852	edge_domination
sat14_6s16.cnf.primal.hgr.random100	203	32	0	0.00278	fast_node_domination
sat14_6s16.cnf.primal.hgr.random100	203	1981	93	0.01294	node_domination
sat14_6s16.cnf.primal.hgr.random100	203	53	24	0.00553	twin
sat14_6s16.cnf.primal.hgr.random100	203	6396	0	0.09230	unconfined
sat14_6s16.cnf.primal.hgr.random100	1002	0	11029	0.00112	edge_size
sat14_6s16.cnf.primal.hgr.random100	1002	7228	1804	0.00184	node_degree_one
sat14_6s16.cnf.primal.hgr.random100	1002	0	62702	0.00865	edge_domination
sat14_6s16.cnf.primal.hgr.random100	1002	32	0	0.00272	fast_node_domination
sat14_6s16.cnf.primal.hgr.random100	1002	1981	93	0.01260	node_domination
sat14_6s16.cnf.primal.hgr.random100	1002	53	24	0.00547	twin
sat14_6s16.cnf.primal.hgr.random100	1002	6396	0	0.09294	unconfined
sat14_6s184.cnf.hgr.random100	1	0	70608	0.00169	edge_size
sat14_6s184.cnf.hgr.random100	1	38123	11236	0.01041	node_degree_one
sat14_6s184.cnf.hgr.random100	1	0	5	0.00758	edge_domination
sat14_6s184.cnf.hgr.random100	1	18	0	0.00519	fast_node_domination
sat14_6s184.cnf.hgr.random100	1	4677	1587	0.02418	node_domination
sat14_6s184.cnf.hgr.random100	1	294	96	0.00927	twin
sat14_6s184.cnf.hgr.random100	1	12638	0	0.07312	unconfined
sat14_6s184.cnf.hgr.random100	21	0	70608	0.00165	edge_size
sat14_6s184.cnf.hgr.random100	21	38123	11236	0.01051	node_degree_one
sat14_6s184.cnf.hgr.random100	21	0	5	0.00771	edge_domination
sat14_6s184.cnf.hgr.random100	21	18	0	0.00517	fast_node_domination
sat14_6s184.cnf.hgr.random100	21	4677	1587	0.02526	node_domination
sat14_6s184.cnf.hgr.random100	21	294	96	0.00938	twin
sat14_6s184.cnf.hgr.random100	21	12638	0	0.07335	unconfined
sat14_6s184.cnf.hgr.random100	203	0	70608	0.00166	edge_size
sat14_6s184.cnf.hgr.random100	203	38123	11236	0.01056	node_degree_one
sat14_6s184.cnf.hgr.random100	203	0	5	0.00754	edge_domination
sat14_6s184.cnf.hgr.random100	203	18	0	0.00509	fast_node_domination
sat14_6s184.cnf.hgr.random100	203	4677	1587	0.02450	node_domination
sat14_6s184.cnf.hgr.random100	203	294	96	0.00926	twin
sat14_6s184.cnf.hgr.random100	203	12638	0	0.07262	unconfined
sat14_6s184.cnf.hgr.random100	1002	0	70608	0.00165	edge_size
sat14_6s184.cnf.hgr.random100	1002	38123	11236	0.01076	node_degree_one
sat14_6s184.cnf.hgr.random100	1002	0	5	0.00756	edge_domination
sat14_6s184.cnf.hgr.random100	1002	18	0	0.00503	fast_node_domination
sat14_6s184.cnf.hgr.random100	1002	4677	1587	0.02404	node_domination
sat14_6s184.cnf.hgr.random100	1002	294	96	0.00928	twin
sat14_6s184.cnf.hgr.random100	1002	12638	0	0.07272	unconfined
sat14_ACG-20-10p1.cnf.dual.hgr.random100	1	0	0	0.00321	edge_size
sat14_ACG-20-10p1.cnf.dual.hgr.random100	1	190139	13149	0.09955	node_degree_one
sat14_ACG-20-10p1.cnf.dual.hgr.random100	1	0	0	0.07290	edge_domination
sat14_ACG-20-10p1.cnf.dual.hgr.random100	1	405269	0	0.45263	fast_node_domination
sat14_ACG-20-10p1.cnf.dual.hgr.random100	1	0	0	1.33343	node_domination
sat14_ACG-20-10p1.cnf.dual.hgr.random100	1	0	0	0.55593	twin
sat14_ACG-20-10p1.cnf.dual.hgr.random100	1	95	0	1.85830	unconfined
sat14_ACG-20-10p1.cnf.dual.hgr.random100	21	0	0	0.00317	edge_size
sat14_ACG-20-10p1.cnf.dual.hgr.random100	21	190139	13149	0.09988	node_degree_one
sat14_ACG-20-10p1.cnf.dual.hgr.random100	21	0	0	0.07351	edge_domination
sat14_ACG-20-10p1.cnf.dual.hgr.random100	21	405269	0	0.45023	fast_node_domination
sat14_ACG-20-10p1.cnf.dual.hgr.random100	21	0	0	1.33900	node_domination
sat14_ACG-20-10p1.cnf.dual.hgr.random100	21	0	0	0.55828	twin
sat14_ACG-20-10p1.cnf.dual.hgr.random100	21	95	0	1.85181	unconfined
sat14_AProVE07-27.cnf.dual.hgr.random100	1	0	3250	0.00019	edge_size
sat14_AProVE07-27.cnf.dual.hgr.random100	1	3348	599	0.01143	node_degree_one
sat14_AProVE07-27.cnf.dual.hgr.random100	1	0	21	0.00624	edge_domination
sat14_AProVE07-27.cnf.dual.hgr.random100	1	12330	0	0.05070	fast_node_domination
sat14_AProVE07-27.cnf.dual.hgr.random100	1	79	4	0.11005	node_domination
sat14_AProVE07-27.cnf.dual.hgr.random100	1	24	12	0.02247	twin
sat14_AProVE07-27.cnf.dual.hgr.random100	1	8916	0	2.57844	unconfined
sat14_ACG-20-10p1.cnf.dual.hgr.random100	203	0	0	0.00316	edge_size
sat14_ACG-20-10p1.cnf.dual.hgr.random100	203	190139	13149	0.10807	node_degree_one
sat14_ACG-20-10p1.cnf.dual.hgr.random100	203	0	0	0.07333	edge_domination
sat14_ACG-20-10p1.cnf.dual.hgr.random100	203	405269	0	0.46151	fast_node_domination
sat14_ACG-20-10p1.cnf.dual.hgr.random100	203	0	0	1.32743	node_domination
sat14_ACG-20-10p1.cnf.dual.hgr.random100	203	0	0	0.55379	twin
sat14_ACG-20-10p1.cnf.dual.hgr.random100	203	95	0	1.85037	unconfined
sat14_ACG-20-10p1.cnf.dual.hgr.random100	1002	0	0	0.00336	edge_size
sat14_ACG-20-10p1.cnf.dual.hgr.random100	1002	190139	13149	0.10680	node_degree_one
sat14_ACG-20-10p1.cnf.dual.hgr.random100	1002	0	0	0.07162	edge_domination
sat14_ACG-20-10p1.cnf.dual.hgr.random100	1002	405269	0	0.45184	fast_node_domination
sat14_ACG-20-10p1.cnf.dual.hgr.random100	1002	0	0	1.33535	node_domination
sat14_ACG-20-10p1.cnf.dual.hgr.random100	1002	0	0	0.55503	twin
sat14_ACG-20-10p1.cnf.dual.hgr.random100	1002	95	0	1.86026	unconfined
sat14_AProVE07-27.cnf.dual.hgr.random100	21	0	3250	0.00033	edge_size
sat14_AProVE07-27.cnf.dual.hgr.random100	21	3348	599	0.01022	node_degree_one
sat14_AProVE07-27.cnf.dual.hgr.random100	21	0	21	0.00441	edge_domination
sat14_AProVE07-27.cnf.dual.hgr.random100	21	12330	0	0.04531	fast_node_domination
sat14_AProVE07-27.cnf.dual.hgr.random100	21	79	4	0.11047	node_domination
sat14_AProVE07-27.cnf.dual.hgr.random100	21	24	12	0.02241	twin
sat14_AProVE07-27.cnf.dual.hgr.random100	21	8916	0	2.54251	unconfined
sat14_AProVE07-27.cnf.dual.hgr.random100	203	0	3250	0.00019	edge_size
sat14_AProVE07-27.cnf.dual.hgr.random100	203	3348	599	0.01129	node_degree_one
sat14_AProVE07-27.cnf.dual.hgr.random100	203	0	21	0.00624	edge_domination
sat14_AProVE07-27.cnf.dual.hgr.random100	203	12330	0	0.04737	fast_node_domination
sat14_AProVE07-27.cnf.dual.hgr.random100	203	79	4	0.11011	node_domination
sat14_AProVE07-27.cnf.dual.hgr.random100	203	24	12	0.02016	twin
sat14_AProVE07-27.cnf.dual.hgr.random100	203	8916	0	2.57121	unconfined
sat14_AProVE07-27.cnf.dual.hgr.random100	1002	0	3250	0.00019	edge_size
sat14_AProVE07-27.cnf.dual.hgr.random100	1002	3348	599	0.01112	node_degree_one
sat14_AProVE07-27.cnf.dual.hgr.random100	1002	0	21	0.00623	edge_domination
sat14_AProVE07-27.cnf.dual.hgr.random100	1002	12330	0	0.04890	fast_node_domination
sat14_AProVE07-27.cnf.dual.hgr.random100	1002	79	4	0.11042	node_domination
sat14_AProVE07-27.cnf.dual.hgr.random100	1002	24	12	0.02229	twin
sat14_AProVE07-27.cnf.dual.hgr.random100	1002	8916	0	2.54786	unconfined
sat14_atco_enc1_opt2_10_12.cnf.dual.hgr.random100	1	0	2588	0.00012	edge_size
sat14_atco_enc1_opt2_10_12.cnf.dual.hgr.random100	1	3944	498	0.00333	node_degree_one
sat14_atco_enc1_opt2_10_12.cnf.dual.hgr.random100	1	0	46	0.00303	edge_domination
sat14_atco_enc1_opt2_10_12.cnf.dual.hgr.random100	1	35162	0	0.80939	fast_node_domination
sat14_atco_enc1_opt2_10_12.cnf.dual.hgr.random100	1	629	1	1.66471	node_domination
sat14_atco_enc1_opt2_10_12.cnf.dual.hgr.random100	1	0	0	0.35887	twin
sat14_atco_enc1_opt2_10_12.cnf.dual.hgr.random100	1	49999	0	3.72988	unconfined
sat14_atco_enc1_opt2_10_12.cnf.dual.hgr.random100	21	0	2588	0.00012	edge_size
sat14_atco_enc1_opt2_10_12.cnf.dual.hgr.random100	21	3944	498	0.00350	node_degree_one
sat14_atco_enc1_opt2_10_12.cnf.dual.hgr.random100	21	0	46	0.00302	edge_domination
sat14_atco_enc1_opt2_10_12.cnf.dual.hgr.random100	21	35162	0	0.81035	fast_node_domination
sat14_atco_enc1_opt2_10_12.cnf.dual.hgr.random100	21	629	1	1.66296	node_domination
sat14_atco_enc1_opt2_10_12.cnf.dual.hgr.random100	21	0	0	0.35884	twin
sat14_atco_enc1_opt2_10_12.cnf.dual.hgr.random100	21	49999	0	3.73538	unconfined
sat14_bob12m09-opt.cnf.dual.hgr.random100	1	0	2	0.00054	edge_size
sat14_bob12m09-opt.cnf.dual.hgr.random100	1	5	1	0.00159	node_degree_one
sat14_bob12m09-opt.cnf.dual.hgr.random100	1	0	0	0.01768	edge_domination
sat14_bob12m09-opt.cnf.dual.hgr.random100	1	50814	0	0.09675	fast_node_domination
sat14_bob12m09-opt.cnf.dual.hgr.random100	1	0	0	1.07417	node_domination
sat14_bob12m09-opt.cnf.dual.hgr.random100	1	0	0	0.09351	twin
sat14_bob12m09-opt.cnf.dual.hgr.random100	1	44	0	1.89739	unconfined
sat14_atco_enc1_opt2_10_12.cnf.dual.hgr.random100	203	0	2588	0.00012	edge_size
sat14_atco_enc1_opt2_10_12.cnf.dual.hgr.random100	203	3944	498	0.00331	node_degree_one
sat14_atco_enc1_opt2_10_12.cnf.dual.hgr.random100	203	0	46	0.00294	edge_domination
sat14_atco_enc1_opt2_10_12.cnf.dual.hgr.random100	203	35162	0	0.81966	fast_node_domination
sat14_atco_enc1_opt2_10_12.cnf.dual.hgr.random100	203	629	1	1.66890	node_domination
sat14_atco_enc1_opt2_10_12.cnf.dual.hgr.random100	203	0	0	0.30804	twin
sat14_atco_enc1_opt2_10_12.cnf.dual.hgr.random100	203	49999	0	3.68500	unconfined
sat14_bob12m09-opt.cnf.dual.hgr.random100	21	0	2	0.00053	edge_size
sat14_bob12m09-opt.cnf.dual.hgr.random100	21	5	1	0.00157	node_degree_one
sat14_bob12m09-opt.cnf.dual.hgr.random100	21	0	0	0.01777	edge_domination
sat14_bob12m09-opt.cnf.dual.hgr.random100	21	50814	0	0.09696	fast_node_domination
sat14_bob12m09-opt.cnf.dual.hgr.random100	21	0	0	1.06181	node_domination
sat14_bob12m09-opt.cnf.dual.hgr.random100	21	0	0	0.09780	twin
sat14_bob12m09-opt.cnf.dual.hgr.random100	21	44	0	1.83696	unconfined
sat14_dated-10-11-u.cnf.hgr.random100	1	0	477316	0.01037	edge_size
sat14_dated-10-11-u.cnf.hgr.random100	1	117123	42021	0.03656	node_degree_one
sat14_dated-10-11-u.cnf.hgr.random100	1	0	0	0.03920	edge_domination
sat14_dated-10-11-u.cnf.hgr.random100	1	12000	0	0.01867	fast_node_domination
sat14_dated-10-11-u.cnf.hgr.random100	1	85620	21020	0.12846	node_domination
sat14_dated-10-11-u.cnf.hgr.random100	1	0	0	0.03309	twin
sat14_dated-10-11-u.cnf.hgr.random100	1	42000	0	0.05315	unconfined
sat14_bob12m09-opt.cnf.dual.hgr.random100	203	0	2	0.00052	edge_size
sat14_bob12m09-opt.cnf.dual.hgr.random100	203	5	1	0.00156	node_degree_one
sat14_bob12m09-opt.cnf.dual.hgr.random100	203	0	0	0.01770	edge_domination
sat14_bob12m09-opt.cnf.dual.hgr.random100	203	50814	0	0.09685	fast_node_domination
sat14_bob12m09-opt.cnf.dual.hgr.random100	203	0	0	1.06424	node_domination
sat14_bob12m09-opt.cnf.dual.hgr.random100	203	0	0	0.09202	twin
sat14_bob12m09-opt.cnf.dual.hgr.random100	203	44	0	1.83592	unconfined
sat14_dated-10-11-u.cnf.hgr.random100	21	0	477316	0.01052	edge_size
sat14_dated-10-11-u.cnf.hgr.random100	21	117123	42021	0.03538	node_degree_one
sat14_dated-10-11-u.cnf.hgr.random100	21	0	0	0.03860	edge_domination
sat14_dated-10-11-u.cnf.hgr.random100	21	12000	0	0.01862	fast_node_domination
sat14_dated-10-11-u.cnf.hgr.random100	21	85620	21020	0.12784	node_domination
sat14_dated-10-11-u.cnf.hgr.random100	21	0	0	0.03267	twin
sat14_dated-10-11-u.cnf.hgr.random100	21	42000	0	0.05250	unconfined
sat14_atco_enc1_opt2_10_12.cnf.dual.hgr.random100	1002	0	2588	0.00012	edge_size
sat14_atco_enc1_opt2_10_12.cnf.dual.hgr.random100	1002	3944	498	0.00345	node_degree_one
sat14_atco_enc1_opt2_10_12.cnf.dual.hgr.random100	1002	0	46	0.00301	edge_domination
sat14_atco_enc1_opt2_10_12.cnf.dual.hgr.random100	1002	35162	0	0.81648	fast_node_domination
sat14_atco_enc1_opt2_10_12.cnf.dual.hgr.random100	1002	629	1	1.67348	node_domination
sat14_atco_enc1_opt2_10_12.cnf.dual.hgr.random100	1002	0	0	0.30330	twin
sat14_atco_enc1_opt2_10_12.cnf.dual.hgr.random100	1002	49999	0	3.75300	unconfined
sat14_bob12m09-opt.cnf.dual.hgr.random100	1002	0	2	0.00052	edge_size
sat14_bob12m09-opt.cnf.dual.hgr.random100	1002	5	1	0.00156	node_degree_one
sat14_bob12m09-opt.cnf.dual.hgr.random100	1002	0	0	0.01797	edge_domination
sat14_bob12m09-opt.cnf.dual.hgr.random100	1002	50814	0	0.09705	fast_node_domination
sat14_bob12m09-opt.cnf.dual.hgr.random100	1002	0	0	1.06549	node_domination
sat14_bob12m09-opt.cnf.dual.hgr.random100	1002	0	0	0.09272	twin
sat14_bob12m09-opt.cnf.dual.hgr.random100	1002	44	0	1.86241	unconfined
sat14_dated-10-11-u.cnf.hgr.random100	203	0	477316	0.01036	edge_size
sat14_dated-10-11-u.cnf.hgr.random100	203	117123	42021	0.03494	node_degree_one
sat14_dated-10-11-u.cnf.hgr.random100	203	0	0	0.03865	edge_domination
sat14_dated-10-11-u.cnf.hgr.random100	203	12000	0	0.01908	fast_node_domination
sat14_dated-10-11-u.cnf.hgr.random100	203	85620	21020	0.12772	node_domination
sat14_dated-10-11-u.cnf.hgr.random100	203	0	0	0.03263	twin
sat14_dated-10-11-u.cnf.hgr.random100	203	42000	0	0.05202	unconfined
sat14_dated-10-11-u.cnf.hgr.random100	1002	0	477316	0.01057	edge_size
sat14_dated-10-11-u.cnf.hgr.random100	1002	117123	42021	0.03581	node_degree_one
sat14_dated-10-11-u.cnf.hgr.random100	1002	0	0	0.03863	edge_domination
sat14_dated-10-11-u.cnf.hgr.random100	1002	12000	0	0.01924	fast_node_domination
sat14_dated-10-11-u.cnf.hgr.random100	1002	85620	21020	0.13365	node_domination
sat14_dated-10-11-u.cnf.hgr.random100	1002	0	0	0.03254	twin
sat14_dated-10-11-u.cnf.hgr.random100	1002	42000	0	0.05213	unconfined
sat14_dated-10-17-u.cnf.hgr.random100	1	0	760342	0.01681	edge_size
sat14_dated-10-17-u.cnf.hgr.random100	1	186543	66941	0.05595	node_degree_one
sat14_dated-10-17-u.cnf.hgr.random100	1	0	0	0.08579	edge_domination
sat14_dated-10-17-u.cnf.hgr.random100	1	19120	0	0.03305	fast_node_domination
sat14_dated-10-17-u.cnf.hgr.random100	1	136350	33480	0.24105	node_domination
sat14_dated-10-17-u.cnf.hgr.random100	1	0	0	0.06113	twin
sat14_dated-10-17-u.cnf.hgr.random100	1	66920	0	0.09705	unconfined
sat14_dated-10-17-u.cnf.hgr.random100	21	0	760342	0.01755	edge_size
sat14_dated-10-17-u.cnf.hgr.random100	21	186543	66941	0.05580	node_degree_one
sat14_dated-10-17-u.cnf.hgr.random100	21	0	0	0.08518	edge_domination
sat14_dated-10-17-u.cnf.hgr.random100	21	19120	0	0.03184	fast_node_domination
sat14_dated-10-17-u.cnf.hgr.random100	21	136350	33480	0.23666	node_domination
sat14_dated-10-17-u.cnf.hgr.random100	21	0	0	0.06108	twin
sat14_dated-10-17-u.cnf.hgr.random100	21	66920	0	0.09633	unconfined
sat14_dated-10-17-u.cnf.hgr.random100	203	0	760342	0.01782	edge_size
sat14_dated-10-17-u.cnf.hgr.random100	203	186543	66941	0.05518	node_degree_one
sat14_dated-10-17-u.cnf.hgr.random100	203	0	0	0.08428	edge_domination
sat14_dated-10-17-u.cnf.hgr.random100	203	19120	0	0.03230	fast_node_domination
sat14_dated-10-17-u.cnf.hgr.random100	203	136350	33480	0.23496	node_domination
sat14_dated-10-17-u.cnf.hgr.random100	203	0	0	0.06036	twin
sat14_dated-10-17-u.cnf.hgr.random100	203	66920	0	0.09733	unconfined
sat14_dated-10-17-u.cnf.hgr.random100	1002	0	760342	0.01663	edge_size
sat14_dated-10-17-u.cnf.hgr.random100	1002	186543	66941	0.05829	node_degree_one
sat14_dated-10-17-u.cnf.hgr.random100	1002	0	0	0.08584	edge_domination
sat14_dated-10-17-u.cnf.hgr.random100	1002	19120	0	0.03259	fast_node_domination
sat14_dated-10-17-u.cnf.hgr.random100	1002	136350	33480	0.24066	node_domination
sat14_dated-10-17-u.cnf.hgr.random100	1002	0	0	0.06041	twin
sat14_dated-10-17-u.cnf.hgr.random100	1002	66920	0	0.09652	unconfined
sat14_E02F22.cnf.primal.hgr.random100	1	0	155	0.00749	edge_size
sat14_E02F22.cnf.primal.hgr.random100	1	0	0	0.00012	node_degree_one
sat14_E02F22.cnf.primal.hgr.random100	1	0	1230128	3.06795	edge_domination
sat14_E02F22.cnf.primal.hgr.random100	1	0	0	0.00603	fast_node_domination
sat14_E02F22.cnf.primal.hgr.random100	1	4	0	0.01823	node_domination
sat14_E02F22.cnf.primal.hgr.random100	1	0	0	0.04006	twin
sat14_E02F22.cnf.primal.hgr.random100	1	120	0	0.12846	unconfined
sat14_E02F22.cnf.primal.hgr.random100	21	0	155	0.00747	edge_size
sat14_E02F22.cnf.primal.hgr.random100	21	0	0	0.00012	node_degree_one
sat14_E02F22.cnf.primal.hgr.random100	21	0	1230128	3.45698	edge_domination
sat14_E02F22.cnf.primal.hgr.random100	21	0	0	0.00599	fast_node_domination
sat14_E02F22.cnf.primal.hgr.random100	21	4	0	0.01812	node_domination
sat14_E02F22.cnf.primal.hgr.random100	21	0	0	0.03917	twin
sat14_E02F22.cnf.primal.hgr.random100	21	120	0	0.12850	unconfined
sat14_E02F22.cnf.primal.hgr.random100	203	0	155	0.00805	edge_size
sat14_E02F22.cnf.primal.hgr.random100	203	0	0	0.00011	node_degree_one
sat14_E02F22.cnf.primal.hgr.random100	203	0	1230128	3.02321	edge_domination
sat14_E02F22.cnf.primal.hgr.random100	203	0	0	0.00600	fast_node_domination
sat14_E02F22.cnf.primal.hgr.random100	203	4	0	0.01792	node_domination
sat14_E02F22.cnf.primal.hgr.random100	203	0	0	0.04007	twin
sat14_E02F22.cnf.primal.hgr.random100	203	120	0	0.12952	unconfined
sat14_E02F22.cnf.primal.hgr.random100	1002	0	155	0.00752	edge_size
sat14_E02F22.cnf.primal.hgr.random100	1002	0	0	0.00011	node_degree_one
sat14_E02F22.cnf.primal.hgr.random100	1002	0	1230128	3.05552	edge_domination
sat14_E02F22.cnf.primal.hgr.random100	1002	0	0	0.00599	fast_node_domination
sat14_E02F22.cnf.primal.hgr.random100	1002	4	0	0.01831	node_domination
sat14_E02F22.cnf.primal.hgr.random100	1002	0	0	0.03922	twin
sat14_E02F22.cnf.primal.hgr.random100	1002	120	0	0.12951	unconfined
sat14_manol-pipe-c10nid_i.cnf.primal.hgr.random100	1	0	76874	0.00880	edge_size
sat14_manol-pipe-c10nid_i.cnf.primal.hgr.random100	1	50611	10481	0.02227	node_degree_one
sat14_manol-pipe-c10nid_i.cnf.primal.hgr.random100	1	0	532181	0.10390	edge_domination
sat14_manol-pipe-c10nid_i.cnf.primal.hgr.random100	1	135	0	0.03793	fast_node_domination
sat14_manol-pipe-c10nid_i.cnf.primal.hgr.random100	1	34031	181	0.18402	node_domination
sat14_manol-pipe-c10nid_i.cnf.primal.hgr.random100	1	224	76	0.04816	twin
sat14_manol-pipe-c10nid_i.cnf.primal.hgr.random100	1	39821	0	2.46453	unconfined
sat14_manol-pipe-c10nid_i.cnf.primal.hgr.random100	21	0	76874	0.00899	edge_size
sat14_manol-pipe-c10nid_i.cnf.primal.hgr.random100	21	50611	10481	0.02192	node_degree_one
sat14_manol-pipe-c10nid_i.cnf.primal.hgr.random100	21	0	532181	0.10400	edge_domination
sat14_manol-pipe-c10nid_i.cnf.primal.hgr.random100	21	135	0	0.03825	fast_node_domination
sat14_manol-pipe-c10nid_i.cnf.primal.hgr.random100	21	34031	181	0.18218	node_domination
sat14_manol-pipe-c10nid_i.cnf.primal.hgr.random100	21	224	76	0.04842	twin
sat14_manol-pipe-c10nid_i.cnf.primal.hgr.random100	21	39821	0	2.47089	unconfined
sat14_manol-pipe-c10nid_i.cnf.primal.hgr.random100	203	0	76874	0.00863	edge_size
sat14_manol-pipe-c10nid_i.cnf.primal.hgr.random100	203	50611	10481	0.02251	node_degree_one
sat14_manol-pipe-c10nid_i.cnf.primal.hgr.random100	203	0	532181	0.10453	edge_domination
sat14_manol-pipe-c10nid_i.cnf.primal.hgr.random100	203	135	0	0.03845	fast_node_domination
sat14_manol-pipe-c10nid_i.cnf.primal.hgr.random100	203	34031	181	0.17909	node_domination
sat14_manol-pipe-c10nid_i.cnf.primal.hgr.random100	203	224	76	0.04835	twin
sat14_manol-pipe-c10nid_i.cnf.primal.hgr.random100	203	39821	0	2.44363	unconfined
sat14_manol-pipe-c10nid_i.cnf.primal.hgr.random100	1002	0	76874	0.00916	edge_size
sat14_manol-pipe-c10nid_i.cnf.primal.hgr.random100	1002	50611	10481	0.02206	node_degree_one
sat14_manol-pipe-c10nid_i.cnf.primal.hgr.random100	1002	0	532181	0.10289	edge_domination
sat14_manol-pipe-c10nid_i.cnf.primal.hgr.random100	1002	135	0	0.03746	fast_node_domination
sat14_manol-pipe-c10nid_i.cnf.primal.hgr.random100	1002	34031	181	0.18081	node_domination
sat14_manol-pipe-c10nid_i.cnf.primal.hgr.random100	1002	224	76	0.04868	twin
sat14_manol-pipe-c10nid_i.cnf.primal.hgr.random100	1002	39821	0	2.45488	unconfined
sat14_MD5-30-5.cnf.dual.hgr.random100	1	0	69	0.00012	edge_size
sat14_MD5-30-5.cnf.dual.hgr.random100	1	519	11	0.00113	node_degree_one
sat14_MD5-30-5.cnf.dual.hgr.random100	1	0	13	0.00288	edge_domination
sat14_MD5-30-5.cnf.dual.hgr.random100	1	47742	0	0.08848	fast_node_domination
sat14_MD5-30-5.cnf.dual.hgr.random100	1	3759	0	0.03583	node_domination
sat14_MD5-30-5.cnf.dual.hgr.random100	1	0	0	0.01083	twin
sat14_MD5-30-5.cnf.dual.hgr.random100	1	3193	0	0.02858	unconfined
sat14_MD5-30-5.cnf.dual.hgr.random100	21	0	69	0.00009	edge_size
sat14_MD5-30-5.cnf.dual.hgr.random100	21	519	11	0.00070	node_degree_one
sat14_MD5-30-5.cnf.dual.hgr.random100	21	0	13	0.00231	edge_domination
sat14_MD5-30-5.cnf.dual.hgr.random100	21	47742	0	0.08557	fast_node_domination
sat14_MD5-30-5.cnf.dual.hgr.random100	21	3759	0	0.03603	node_domination
sat14_MD5-30-5.cnf.dual.hgr.random100	21	0	0	0.01090	twin
sat14_MD5-30-5.cnf.dual.hgr.random100	21	3193	0	0.02870	unconfined
sat14_MD5-30-5.cnf.dual.hgr.random100	203	0	69	0.00008	edge_size
sat14_MD5-30-5.cnf.dual.hgr.random100	203	519	11	0.00069	node_degree_one
sat14_MD5-30-5.cnf.dual.hgr.random100	203	0	13	0.00228	edge_domination
sat14_MD5-30-5.cnf.dual.hgr.random100	203	47742	0	0.08635	fast_node_domination
sat14_MD5-30-5.cnf.dual.hgr.random100	203	3759	0	0.03593	node_domination
sat14_MD5-30-5.cnf.dual.hgr.random100	203	0	0	0.01086	twin
sat14_MD5-30-5.cnf.dual.hgr.random100	203	3193	0	0.02865	unconfined
sat14_MD5-30-5.cnf.dual.hgr.random100	1002	0	69	0.00009	edge_size
sat14_MD5-30-5.cnf.dual.hgr.random100	1002	519	11	0.00070	node_degree_one
sat14_MD5-30-5.cnf.dual.hgr.random100	1002	0	13	0.00231	edge_domination
sat14_MD5-30-5.cnf.dual.hgr.random100	1002	47742	0	0.08036	fast_node_domination
sat14_MD5-30-5.cnf.dual.hgr.random100	1002	3759	0	0.03614	node_domination
sat14_MD5-30-5.cnf.dual.hgr.random100	1002	0	0	0.01082	twin
sat14_MD5-30-5.cnf.dual.hgr.random100	1002	3193	0	0.02862	unconfined
sat14_openstacks-p30_3.085-SAT.cnf.hgr.random100	1	0	1405188	0.02995	edge_size
sat14_openstacks-p30_3.085-SAT.cnf.hgr.random100	1	48034	4097	0.08033	node_degree_one
sat14_openstacks-p30_3.085-SAT.cnf.hgr.random100	1	0	0	0.14556	edge_domination
sat14_openstacks-p30_3.085-SAT.cnf.hgr.random100	1	75600	0	0.24237	fast_node_domination
sat14_openstacks-p30_3.085-SAT.cnf.hgr.random100	1	451531	150480	0.57719	node_domination
sat14_openstacks-p30_3.085-SAT.cnf.hgr.random100	1	0	0	0.09029	twin
sat14_openstacks-p30_3.085-SAT.cnf.hgr.random100	1	133	0	10.02001	unconfined
sat14_openstacks-p30_3.085-SAT.cnf.hgr.random100	21	0	1405188	0.03019	edge_size
sat14_openstacks-p30_3.085-SAT.cnf.hgr.random100	21	48034	4097	0.08093	node_degree_one
sat14_openstacks-p30_3.085-SAT.cnf.hgr.random100	21	0	0	0.14710	edge_domination
sat14_openstacks-p30_3.085-SAT.cnf.hgr.random100	21	75600	0	0.24502	fast_node_domination
sat14_openstacks-p30_3.085-SAT.cnf.hgr.random100	21	451531	150480	0.57997	node_domination
sat14_openstacks-p30_3.085-SAT.cnf.hgr.random100	21	0	0	0.08786	twin
sat14_openstacks-p30_3.085-SAT.cnf.hgr.random100	21	133	0	9.95365	unconfined
sat14_openstacks-p30_3.085-SAT.cnf.hgr.random100	203	0	1405188	0.02987	edge_size
sat14_openstacks-p30_3.085-SAT.cnf.hgr.random100	203	48034	4097	0.08102	node_degree_one
sat14_openstacks-p30_3.085-SAT.cnf.hgr.random100	203	0	0	0.14546	edge_domination
sat14_openstacks-p30_3.085-SAT.cnf.hgr.random100	203	75600	0	0.24282	fast_node_domination
sat14_openstacks-p30_3.085-SAT.cnf.hgr.random100	203	451531	150480	0.58207	node_domination
sat14_openstacks-p30_3.085-SAT.cnf.hgr.random100	203	0	0	0.08693	twin
sat14_openstacks-p30_3.085-SAT.cnf.hgr.random100	203	133	0	10.00561	unconfined
sat14_openstacks-p30_3.085-SAT.cnf.hgr.random100	1002	0	1405188	0.02989	edge_size
sat14_openstacks-p30_3.085-SAT.cnf.hgr.random100	1002	48034	4097	0.08006	node_degree_one
sat14_openstacks-p30_3.085-SAT.cnf.hgr.random100	1002	0	0	0.14549	edge_domination
sat14_openstacks-p30_3.085-SAT.cnf.hgr.random100	1002	75600	0	0.24202	fast_node_domination
sat14_openstacks-p30_3.085-SAT.cnf.hgr.random100	1002	451531	150480	0.58146	node_domination
sat14_openstacks-p30_3.085-SAT.cnf.hgr.random100	1002	0	0	0.09049	twin
sat14_openstacks-p30_3.085-SAT.cnf.hgr.random100	1002	133	0	10.00319	unconfined
sat14_atco_enc1_opt2_05_4.cnf.dual.hgr.random100	1	0	3207	0.00019	edge_size
sat14_atco_enc1_opt2_05_4.cnf.dual.hgr.random100	1	4294	819	0.00642	node_degree_one
sat14_atco_enc1_opt2_05_4.cnf.dual.hgr.random100	1	0	91	0.00667	edge_domination
sat14_atco_enc1_opt2_05_4.cnf.dual.hgr.random100	1	78684	0	3.30338	fast_node_domination
sat14_atco_enc1_opt2_05_4.cnf.dual.hgr.random100	1	481	0	9.26503	node_domination
sat14_atco_enc1_opt2_05_4.cnf.dual.hgr.random100	1	0	0	1.46225	twin
sat14_atco_enc1_opt2_05_4.cnf.dual.hgr.random100	1	176050	0	53.11233	unconfined
sat14_atco_enc1_opt2_05_4.cnf.dual.hgr.random100	21	0	3207	0.00018	edge_size
sat14_atco_enc1_opt2_05_4.cnf.dual.hgr.random100	21	4294	819	0.00627	node_degree_one
sat14_atco_enc1_opt2_05_4.cnf.dual.hgr.random100	21	0	91	0.00682	edge_domination
sat14_atco_enc1_opt2_05_4.cnf.dual.hgr.random100	21	78684	0	3.30210	fast_node_domination
sat14_atco_enc1_opt2_05_4.cnf.dual.hgr.random100	21	481	0	9.26350	node_domination
sat14_atco_enc1_opt2_05_4.cnf.dual.hgr.random100	21	0	0	1.42216	twin
sat14_atco_enc1_opt2_05_4.cnf.dual.hgr.random100	21	176050	0	53.28250	unconfined
sat14_atco_enc1_opt2_05_4.cnf.dual.hgr.random100	203	0	3207	0.00019	edge_size
sat14_atco_enc1_opt2_05_4.cnf.dual.hgr.random100	203	4294	819	0.00608	node_degree_one
sat14_atco_enc1_opt2_05_4.cnf.dual.hgr.random100	203	0	91	0.00681	edge_domination
sat14_atco_enc1_opt2_05_4.cnf.dual.hgr.random100	203	78684	0	3.41430	fast_node_domination
sat14_atco_enc1_opt2_05_4.cnf.dual.hgr.random100	203	481	0	9.31216	node_domination
sat14_atco_enc1_opt2_05_4.cnf.dual.hgr.random100	203	0	0	1.68561	twin
sat14_atco_enc1_opt2_05_4.cnf.dual.hgr.random100	203	176050	0	52.92889	unconfined
sat14_atco_enc1_opt2_05_4.cnf.dual.hgr.random100	1002	0	3207	0.00018	edge_size
sat14_atco_enc1_opt2_05_4.cnf.dual.hgr.random100	1002	4294	819	0.00607	node_degree_one
sat14_atco_enc1_opt2_05_4.cnf.dual.hgr.random100	1002	0	91	0.00680	edge_domination
sat14_atco_enc1_opt2_05_4.cnf.dual.hgr.random100	1002	78684	0	3.29942	fast_node_domination
sat14_atco_enc1_opt2_05_4.cnf.dual.hgr.random100	1002	481	0	9.27011	node_domination
sat14_atco_enc1_opt2_05_4.cnf.dual.hgr.random100	1002	0	0	1.68933	twin
sat14_atco_enc1_opt2_05_4.cnf.dual.hgr.random100	1002	176050	0	53.53990	unconfined
sat14_manol-pipe-c10nidw.cnf.dual.hgr.random100	1	0	0	0.00433	edge_size
sat14_manol-pipe-c10nidw.cnf.dual.hgr.random100	1	764	153	0.01730	node_degree_one
sat14_manol-pipe-c10nidw.cnf.dual.hgr.random100	1	0	152	0.13257	edge_domination
sat14_manol-pipe-c10nidw.cnf.dual.hgr.random100	1	430266	0	1.01890	fast_node_domination
sat14_manol-pipe-c10nidw.cnf.dual.hgr.random100	1	0	0	6.39021	node_domination
sat14_manol-pipe-c10nidw.cnf.dual.hgr.random100	1	0	0	1.21600	twin
sat14_manol-pipe-c10nidw.cnf.dual.hgr.random100	1	15	0	54.79994	unconfined
sat14_manol-pipe-c10nidw.cnf.dual.hgr.random100	203	0	0	0.00437	edge_size
sat14_manol-pipe-c10nidw.cnf.dual.hgr.random100	203	764	153	0.01730	node_degree_one
sat14_manol-pipe-c10nidw.cnf.dual.hgr.random100	203	0	152	0.13414	edge_domination
sat14_manol-pipe-c10nidw.cnf.dual.hgr.random100	203	430266	0	1.02968	fast_node_domination
sat14_manol-pipe-c10nidw.cnf.dual.hgr.random100	203	0	0	6.46477	node_domination
sat14_manol-pipe-c10nidw.cnf.dual.hgr.random100	203	0	0	1.16954	twin
sat14_manol-pipe-c10nidw.cnf.dual.hgr.random100	203	15	0	53.65961	unconfined
sat14_manol-pipe-c10nidw.cnf.dual.hgr.random100	21	0	0	0.00435	edge_size
sat14_manol-pipe-c10nidw.cnf.dual.hgr.random100	21	764	153	0.01737	node_degree_one
sat14_manol-pipe-c10nidw.cnf.dual.hgr.random100	21	0	152	0.13312	edge_domination
sat14_manol-pipe-c10nidw.cnf.dual.hgr.random100	21	430266	0	1.02322	fast_node_domination
sat14_manol-pipe-c10nidw.cnf.dual.hgr.random100	21	0	0	6.43428	node_domination
sat14_manol-pipe-c10nidw.cnf.dual.hgr.random100	21	0	0	1.32645	twin
sat14_manol-pipe-c10nidw.cnf.dual.hgr.random100	21	15	0	54.77465	unconfined
sat14_manol-pipe-c10nidw.cnf.dual.hgr.random100	1002	0	0	0.00444	edge_size
sat14_manol-pipe-c10nidw.cnf.dual.hgr.random100	1002	764	153	0.01777	node_degree_one
sat14_manol-pipe-c10nidw.cnf.dual.hgr.random100	1002	0	152	0.13420	edge_domination
sat14_manol-pipe-c10nidw.cnf.dual.hgr.random100	1002	430266	0	1.01403	fast_node_domination
sat14_manol-pipe-c10nidw.cnf.dual.hgr.random100	1002	0	0	6.39482	node_domination
sat14_manol-pipe-c10nidw.cnf.dual.hgr.random100	1002	0	0	1.06338	twin
sat14_manol-pipe-c10nidw.cnf.dual.hgr.random100	1002	15	0	54.29608	unconfined
sat14_q_query_3_L100_coli.sat.cnf.primal.hgr.random100	1	0	42681	0.01799	edge_size
sat14_q_query_3_L100_coli.sat.cnf.primal.hgr.random100	1	91679	31618	0.03797	node_degree_one
sat14_q_query_3_L100_coli.sat.cnf.primal.hgr.random100	1	0	858878	0.31942	edge_domination
sat14_q_query_3_L100_coli.sat.cnf.primal.hgr.random100	1	0	0	0.17456	fast_node_domination
sat14_q_query_3_L100_coli.sat.cnf.primal.hgr.random100	1	1211	1	0.25965	node_domination
sat14_q_query_3_L100_coli.sat.cnf.primal.hgr.random100	1	0	0	0.10265	twin
sat14_q_query_3_L100_coli.sat.cnf.primal.hgr.random100	1	0	0	0.12331	unconfined
sat14_q_query_3_L100_coli.sat.cnf.primal.hgr.random100	21	0	42681	0.01812	edge_size
sat14_q_query_3_L100_coli.sat.cnf.primal.hgr.random100	21	91679	31618	0.03807	node_degree_one
sat14_q_query_3_L100_coli.sat.cnf.primal.hgr.random100	21	0	858878	0.31556	edge_domination
sat14_q_query_3_L100_coli.sat.cnf.primal.hgr.random100	21	0	0	0.17583	fast_node_domination
sat14_q_query_3_L100_coli.sat.cnf.primal.hgr.random100	21	1211	1	0.25888	node_domination
sat14_q_query_3_L100_coli.sat.cnf.primal.hgr.random100	21	0	0	0.10123	twin
sat14_q_query_3_L100_coli.sat.cnf.primal.hgr.random100	21	0	0	0.12278	unconfined
sat14_q_query_3_L100_coli.sat.cnf.primal.hgr.random100	203	0	42681	0.01723	edge_size
sat14_q_query_3_L100_coli.sat.cnf.primal.hgr.random100	203	91679	31618	0.03922	node_degree_one
sat14_q_query_3_L100_coli.sat.cnf.primal.hgr.random100	203	0	858878	0.31833	edge_domination
sat14_q_query_3_L100_coli.sat.cnf.primal.hgr.random100	203	0	0	0.17485	fast_node_domination
sat14_q_query_3_L100_coli.sat.cnf.primal.hgr.random100	203	1211	1	0.25998	node_domination
sat14_q_query_3_L100_coli.sat.cnf.primal.hgr.random100	203	0	0	0.10106	twin
sat14_q_query_3_L100_coli.sat.cnf.primal.hgr.random100	203	0	0	0.12120	unconfined
sat14_q_query_3_L100_coli.sat.cnf.primal.hgr.random100	1002	0	42681	0.01766	edge_size
sat14_q_query_3_L100_coli.sat.cnf.primal.hgr.random100	1002	91679	31618	0.03836	node_degree_one
sat14_q_query_3_L100_coli.sat.cnf.primal.hgr.random100	1002	0	858878	0.31822	edge_domination
sat14_q_query_3_L100_coli.sat.cnf.primal.hgr.random100	1002	0	0	0.17779	fast_node_domination
sat14_q_query_3_L100_coli.sat.cnf.primal.hgr.random100	1002	1211	1	0.25891	node_domination
sat14_q_query_3_L100_coli.sat.cnf.primal.hgr.random100	1002	0	0	0.09960	twin
sat14_q_query_3_L100_coli.sat.cnf.primal.hgr.random100	1002	0	0	0.12154	unconfined
sat14_q_query_3_L150_coli.sat.cnf.hgr.random100	1	0	1535944	0.07043	edge_size
sat14_q_query_3_L150_coli.sat.cnf.hgr.random100	1	703307	209159	0.34268	node_degree_one
sat14_q_query_3_L150_coli.sat.cnf.hgr.random100	1	0	276333	0.64050	edge_domination
sat14_q_query_3_L150_coli.sat.cnf.hgr.random100	1	2295	0	1.11180	fast_node_domination
sat14_q_query_3_L150_coli.sat.cnf.hgr.random100	1	70182	12229	0.78205	node_domination
sat14_q_query_3_L150_coli.sat.cnf.hgr.random100	1	68788	18341	0.50244	twin
sat14_q_query_3_L150_coli.sat.cnf.hgr.random100	1	6602	0	5.25431	unconfined
sat14_q_query_3_L150_coli.sat.cnf.hgr.random100	21	0	1535944	0.06968	edge_size
sat14_q_query_3_L150_coli.sat.cnf.hgr.random100	21	703307	209159	0.33350	node_degree_one
sat14_q_query_3_L150_coli.sat.cnf.hgr.random100	21	0	276333	0.64632	edge_domination
sat14_q_query_3_L150_coli.sat.cnf.hgr.random100	21	2295	0	1.12608	fast_node_domination
sat14_q_query_3_L150_coli.sat.cnf.hgr.random100	21	70182	12229	0.77983	node_domination
sat14_q_query_3_L150_coli.sat.cnf.hgr.random100	21	68788	18341	0.50157	twin
sat14_q_query_3_L150_coli.sat.cnf.hgr.random100	21	6602	0	5.23898	unconfined
sat14_q_query_3_L150_coli.sat.cnf.hgr.random100	203	0	1535944	0.06690	edge_size
sat14_q_query_3_L150_coli.sat.cnf.hgr.random100	203	703307	209159	0.32940	node_degree_one
sat14_q_query_3_L150_coli.sat.cnf.hgr.random100	203	0	276333	0.63720	edge_domination
sat14_q_query_3_L150_coli.sat.cnf.hgr.random100	203	2295	0	1.10979	fast_node_domination
sat14_q_query_3_L150_coli.sat.cnf.hgr.random100	203	70182	12229	0.77273	node_domination
sat14_q_query_3_L150_coli.sat.cnf.hgr.random100	203	68788	18341	0.49720	twin
sat14_q_query_3_L150_coli.sat.cnf.hgr.random100	203	6602	0	5.07792	unconfined
sat14_q_query_3_L150_coli.sat.cnf.hgr.random100	1002	0	1535944	0.06775	edge_size
sat14_q_query_3_L150_coli.sat.cnf.hgr.random100	1002	703307	209159	0.33301	node_degree_one
sat14_q_query_3_L150_coli.sat.cnf.hgr.random100	1002	0	276333	0.65010	edge_domination
sat14_q_query_3_L150_coli.sat.cnf.hgr.random100	1002	2295	0	1.12290	fast_node_domination
sat14_q_query_3_L150_coli.sat.cnf.hgr.random100	1002	70182	12229	0.77609	node_domination
sat14_q_query_3_L150_coli.sat.cnf.hgr.random100	1002	68788	18341	0.50066	twin
sat14_q_query_3_L150_coli.sat.cnf.hgr.random100	1002	6602	0	5.28467	unconfined
sat14_SAT_dat.k75-24_1_rule_3.cnf.primal.hgr.random100	1	0	551347	0.06960	edge_size
sat14_SAT_dat.k75-24_1_rule_3.cnf.primal.hgr.random100	1	601385	194961	0.52899	node_degree_one
sat14_SAT_dat.k75-24_1_rule_3.cnf.primal.hgr.random100	1	0	3605311	0.93546	edge_domination
sat14_SAT_dat.k75-24_1_rule_3.cnf.primal.hgr.random100	1	17973	0	0.29105	fast_node_domination
sat14_SAT_dat.k75-24_1_rule_3.cnf.primal.hgr.random100	1	39091	6707	0.77152	node_domination
sat14_SAT_dat.k75-24_1_rule_3.cnf.primal.hgr.random100	1	2315	1040	0.30016	twin
sat14_SAT_dat.k75-24_1_rule_3.cnf.primal.hgr.random100	1	174167	0	1.65773	unconfined
sat14_SAT_dat.k75-24_1_rule_3.cnf.primal.hgr.random100	21	0	551347	0.07092	edge_size
sat14_SAT_dat.k75-24_1_rule_3.cnf.primal.hgr.random100	21	601385	194961	0.53668	node_degree_one
sat14_SAT_dat.k75-24_1_rule_3.cnf.primal.hgr.random100	21	0	3605311	0.93944	edge_domination
sat14_SAT_dat.k75-24_1_rule_3.cnf.primal.hgr.random100	21	17973	0	0.29957	fast_node_domination
sat14_SAT_dat.k75-24_1_rule_3.cnf.primal.hgr.random100	21	39091	6707	0.77051	node_domination
sat14_SAT_dat.k75-24_1_rule_3.cnf.primal.hgr.random100	21	2315	1040	0.30231	twin
sat14_SAT_dat.k75-24_1_rule_3.cnf.primal.hgr.random100	21	174167	0	1.67127	unconfined
sat14_SAT_dat.k75-24_1_rule_3.cnf.primal.hgr.random100	203	0	551347	0.07272	edge_size
sat14_SAT_dat.k75-24_1_rule_3.cnf.primal.hgr.random100	203	601385	194961	0.52241	node_degree_one
sat14_SAT_dat.k75-24_1_rule_3.cnf.primal.hgr.random100	203	0	3605311	0.94207	edge_domination
sat14_SAT_dat.k75-24_1_rule_3.cnf.primal.hgr.random100	203	17973	0	0.30052	fast_node_domination
sat14_SAT_dat.k75-24_1_rule_3.cnf.primal.hgr.random100	203	39091	6707	0.75975	node_domination
sat14_SAT_dat.k75-24_1_rule_3.cnf.primal.hgr.random100	203	2315	1040	0.29694	twin
sat14_SAT_dat.k75-24_1_rule_3.cnf.primal.hgr.random100	203	174167	0	1.65564	unconfined
sat14_SAT_dat.k75-24_1_rule_3.cnf.primal.hgr.random100	1002	0	551347	0.07251	edge_size
sat14_SAT_dat.k75-24_1_rule_3.cnf.primal.hgr.random100	1002	601385	194961	0.51730	node_degree_one
sat14_SAT_dat.k75-24_1_rule_3.cnf.primal.hgr.random100	1002	0	3605311	0.92095	edge_domination
sat14_SAT_dat.k75-24_1_rule_3.cnf.primal.hgr.random100	1002	17973	0	0.29190	fast_node_domination
sat14_SAT_dat.k75-24_1_rule_3.cnf.primal.hgr.random100	1002	39091	6707	0.75210	node_domination
sat14_SAT_dat.k75-24_1_rule_3.cnf.primal.hgr.random100	1002	2315	1040	0.29666	twin
sat14_SAT_dat.k75-24_1_rule_3.cnf.primal.hgr.random100	1002	174167	0	1.65839	unconfined
sat14_SAT_dat.k85-24_1_rule_3.cnf.hgr.random100	1	0	2279170	0.12637	edge_size
sat14_SAT_dat.k85-24_1_rule_3.cnf.hgr.random100	1	882762	312110	1.00173	node_degree_one
sat14_SAT_dat.k85-24_1_rule_3.cnf.hgr.random100	1	0	108412	1.01940	edge_domination
sat14_SAT_dat.k85-24_1_rule_3.cnf.hgr.random100	1	18176	0	0.54605	fast_node_domination
sat14_SAT_dat.k85-24_1_rule_3.cnf.hgr.random100	1	27406	3533	2.05727	node_domination
sat14_SAT_dat.k85-24_1_rule_3.cnf.hgr.random100	1	57662	25409	1.08549	twin
sat14_SAT_dat.k85-24_1_rule_3.cnf.hgr.random100	1	263930	0	3.90972	unconfined
sat14_SAT_dat.k85-24_1_rule_3.cnf.hgr.random100	21	0	2279170	0.13252	edge_size
sat14_SAT_dat.k85-24_1_rule_3.cnf.hgr.random100	21	882762	312110	1.01995	node_degree_one
sat14_SAT_dat.k85-24_1_rule_3.cnf.hgr.random100	21	0	108412	1.01195	edge_domination
sat14_SAT_dat.k85-24_1_rule_3.cnf.hgr.random100	21	18176	0	0.54053	fast_node_domination
sat14_SAT_dat.k85-24_1_rule_3.cnf.hgr.random100	21	27406	3533	2.05417	node_domination
sat14_SAT_dat.k85-24_1_rule_3.cnf.hgr.random100	21	57662	25409	1.10391	twin
sat14_SAT_dat.k85-24_1_rule_3.cnf.hgr.random100	21	263930	0	3.97645	unconfined
sat14_SAT_dat.k85-24_1_rule_3.cnf.hgr.random100	203	0	2279170	0.12789	edge_size
sat14_SAT_dat.k85-24_1_rule_3.cnf.hgr.random100	203	882762	312110	1.01212	node_degree_one
sat14_SAT_dat.k85-24_1_rule_3.cnf.hgr.random100	203	0	108412	1.01101	edge_domination
sat14_SAT_dat.k85-24_1_rule_3.cnf.hgr.random100	203	18176	0	0.53711	fast_node_domination
sat14_SAT_dat.k85-24_1_rule_3.cnf.hgr.random100	203	27406	3533	2.05635	node_domination
sat14_SAT_dat.k85-24_1_rule_3.cnf.hgr.random100	203	57662	25409	1.09732	twin
sat14_SAT_dat.k85-24_1_rule_3.cnf.hgr.random100	203	263930	0	3.90060	unconfined
sat14_SAT_dat.k85-24_1_rule_3.cnf.hgr.random100	1002	0	2279170	0.12895	edge_size
sat14_SAT_dat.k85-24_1_rule_3.cnf.hgr.random100	1002	882762	312110	0.98300	node_degree_one
sat14_SAT_dat.k85-24_1_rule_3.cnf.hgr.random100	1002	0	108412	0.99884	edge_domination
sat14_SAT_dat.k85-24_1_rule_3.cnf.hgr.random100	1002	18176	0	0.52355	fast_node_domination
sat14_SAT_dat.k85-24_1_rule_3.cnf.hgr.random100	1002	27406	3533	2.03425	node_domination
sat14_SAT_dat.k85-24_1_rule_3.cnf.hgr.random100	1002	57662	25409	1.07688	twin
sat14_SAT_dat.k85-24_1_rule_3.cnf.hgr.random100	1002	263930	0	3.87296	unconfined
sat14_SAT_dat.k95-24_1_rule_3.cnf.primal.hgr.random100	1	0	699227	0.08831	edge_size
sat14_SAT_dat.k95-24_1_rule_3.cnf.primal.hgr.random100	1	762585	247281	0.65361	node_degree_one
sat14_SAT_dat.k95-24_1_rule_3.cnf.primal.hgr.random100	1	0	4578071	1.19844	edge_domination
sat14_SAT_dat.k95-24_1_rule_3.cnf.primal.hgr.random100	1	22813	0	0.36864	fast_node_domination
sat14_SAT_dat.k95-24_1_rule_3.cnf.primal.hgr.random100	1	49551	8507	0.98189	node_domination
sat14_SAT_dat.k95-24_1_rule_3.cnf.primal.hgr.random100	1	2935	1320	0.37823	twin
sat14_SAT_dat.k95-24_1_rule_3.cnf.primal.hgr.random100	1	221147	0	2.11553	unconfined
sat14_SAT_dat.k95-24_1_rule_3.cnf.primal.hgr.random100	21	0	699227	0.09037	edge_size
sat14_SAT_dat.k95-24_1_rule_3.cnf.primal.hgr.random100	21	762585	247281	0.67260	node_degree_one
sat14_SAT_dat.k95-24_1_rule_3.cnf.primal.hgr.random100	21	0	4578071	1.19843	edge_domination
sat14_SAT_dat.k95-24_1_rule_3.cnf.primal.hgr.random100	21	22813	0	0.37444	fast_node_domination
sat14_SAT_dat.k95-24_1_rule_3.cnf.primal.hgr.random100	21	49551	8507	0.97348	node_domination
sat14_SAT_dat.k95-24_1_rule_3.cnf.primal.hgr.random100	21	2935	1320	0.37829	twin
sat14_SAT_dat.k95-24_1_rule_3.cnf.primal.hgr.random100	21	221147	0	2.11685	unconfined
sat14_slp-synthesis-aes-top29.cnf.primal.hgr.random100	1	0	71408	0.00308	edge_size
sat14_slp-synthesis-aes-top29.cnf.primal.hgr.random100	1	75172	21603	0.03116	node_degree_one
sat14_slp-synthesis-aes-top29.cnf.primal.hgr.random100	1	0	209603	0.05838	edge_domination
sat14_slp-synthesis-aes-top29.cnf.primal.hgr.random100	1	0	0	0.00746	fast_node_domination
sat14_slp-synthesis-aes-top29.cnf.primal.hgr.random100	1	31	0	0.04590	node_domination
sat14_slp-synthesis-aes-top29.cnf.primal.hgr.random100	1	496	248	0.01120	twin
sat14_slp-synthesis-aes-top29.cnf.primal.hgr.random100	1	19299	0	0.71588	unconfined
sat14_SAT_dat.k95-24_1_rule_3.cnf.primal.hgr.random100	203	0	699227	0.08916	edge_size
sat14_SAT_dat.k95-24_1_rule_3.cnf.primal.hgr.random100	203	762585	247281	0.64327	node_degree_one
sat14_SAT_dat.k95-24_1_rule_3.cnf.primal.hgr.random100	203	0	4578071	1.18137	edge_domination
sat14_SAT_dat.k95-24_1_rule_3.cnf.primal.hgr.random100	203	22813	0	0.36625	fast_node_domination
sat14_SAT_dat.k95-24_1_rule_3.cnf.primal.hgr.random100	203	49551	8507	0.96679	node_domination
sat14_SAT_dat.k95-24_1_rule_3.cnf.primal.hgr.random100	203	2935	1320	0.38101	twin
sat14_SAT_dat.k95-24_1_rule_3.cnf.primal.hgr.random100	203	221147	0	2.10560	unconfined
sat14_SAT_dat.k95-24_1_rule_3.cnf.primal.hgr.random100	1002	0	699227	0.09049	edge_size
sat14_SAT_dat.k95-24_1_rule_3.cnf.primal.hgr.random100	1002	762585	247281	0.64475	node_degree_one
sat14_SAT_dat.k95-24_1_rule_3.cnf.primal.hgr.random100	1002	0	4578071	1.17833	edge_domination
sat14_SAT_dat.k95-24_1_rule_3.cnf.primal.hgr.random100	1002	22813	0	0.36840	fast_node_domination
sat14_SAT_dat.k95-24_1_rule_3.cnf.primal.hgr.random100	1002	49551	8507	0.96424	node_domination
sat14_SAT_dat.k95-24_1_rule_3.cnf.primal.hgr.random100	1002	2935	1320	0.37557	twin
sat14_SAT_dat.k95-24_1_rule_3.cnf.primal.hgr.random100	1002	221147	0	2.09116	unconfined
sat14_slp-synthesis-aes-top29.cnf.primal.hgr.random100	21	0	71408	0.00319	edge_size
sat14_slp-synthesis-aes-top29.cnf.primal.hgr.random100	21	75172	21603	0.03041	node_degree_one
sat14_slp-synthesis-aes-top29.cnf.primal.hgr.random100	21	0	209603	0.05871	edge_domination
sat14_slp-synthesis-aes-top29.cnf.primal.hgr.random100	21	0	0	0.00729	fast_node_domination
sat14_slp-synthesis-aes-top29.cnf.primal.hgr.random100	21	31	0	0.04583	node_domination
sat14_slp-synthesis-aes-top29.cnf.primal.hgr.random100	21	496	248	0.01145	twin
sat14_slp-synthesis-aes-top29.cnf.primal.hgr.random100	21	19299	0	0.71806	unconfined
sat14_slp-synthesis-aes-top29.cnf.primal.hgr.random100	203	0	71408	0.00301	edge_size
sat14_slp-synthesis-aes-top29.cnf.primal.hgr.random100	203	75172	21603	0.03116	node_degree_one
sat14_slp-synthesis-aes-top29.cnf.primal.hgr.random100	203	0	209603	0.05790	edge_domination
sat14_slp-synthesis-aes-top29.cnf.primal.hgr.random100	203	0	0	0.00745	fast_node_domination
sat14_slp-synthesis-aes-top29.cnf.primal.hgr.random100	203	31	0	0.04588	node_domination
sat14_slp-synthesis-aes-top29.cnf.primal.hgr.random100	203	496	248	0.01133	twin
sat14_slp-synthesis-aes-top29.cnf.primal.hgr.random100	203	19299	0	0.71229	unconfined
sat14_slp-synthesis-aes-top29.cnf.primal.hgr.random100	1002	0	71408	0.00285	edge_size
sat14_slp-synthesis-aes-top29.cnf.primal.hgr.random100	1002	75172	21603	0.03057	node_degree_one
sat14_slp-synthesis-aes-top29.cnf.primal.hgr.random100	1002	0	209603	0.05818	edge_domination
sat14_slp-synthesis-aes-top29.cnf.primal.hgr.random100	1002	0	0	0.00749	fast_node_domination
sat14_slp-synthesis-aes-top29.cnf.primal.hgr.random100	1002	31	0	0.04641	node_domination
sat14_slp-synthesis-aes-top29.cnf.primal.hgr.random100	1002	496	248	0.01092	twin
sat14_slp-synthesis-aes-top29.cnf.primal.hgr.random100	1002	19299	0	0.70981	unconfined
sat14_UCG-15-10p1.cnf.hgr.random100	1	0	679912	0.01778	edge_size
sat14_UCG-15-10p1.cnf.hgr.random100	1	189899	39428	0.06964	node_degree_one
sat14_UCG-15-10p1.cnf.hgr.random100	1	0	65090	0.12100	edge_domination
sat14_UCG-15-10p1.cnf.hgr.random100	1	28300	0	0.03887	fast_node_domination
sat14_UCG-15-10p1.cnf.hgr.random100	1	15970	5102	0.18089	node_domination
sat14_UCG-15-10p1.cnf.hgr.random100	1	0	0	0.06812	twin
sat14_UCG-15-10p1.cnf.hgr.random100	1	110670	0	0.21570	unconfined
sat14_UCG-15-10p1.cnf.hgr.random100	21	0	679912	0.01390	edge_size
sat14_UCG-15-10p1.cnf.hgr.random100	21	189899	39428	0.07062	node_degree_one
sat14_UCG-15-10p1.cnf.hgr.random100	21	0	65090	0.10043	edge_domination
sat14_UCG-15-10p1.cnf.hgr.random100	21	28300	0	0.03747	fast_node_domination
sat14_UCG-15-10p1.cnf.hgr.random100	21	15970	5102	0.18452	node_domination
sat14_UCG-15-10p1.cnf.hgr.random100	21	0	0	0.06913	twin
sat14_UCG-15-10p1.cnf.hgr.random100	21	110670	0	0.21322	unconfined
sat14_UCG-15-10p1.cnf.hgr.random100	203	0	679912	0.01395	edge_size
sat14_UCG-15-10p1.cnf.hgr.random100	203	189899	39428	0.07067	node_degree_one
sat14_UCG-15-10p1.cnf.hgr.random100	203	0	65090	0.10148	edge_domination
sat14_UCG-15-10p1.cnf.hgr.random100	203	28300	0	0.03742	fast_node_domination
sat14_UCG-15-10p1.cnf.hgr.random100	203	15970	5102	0.17806	node_domination
sat14_UCG-15-10p1.cnf.hgr.random100	203	0	0	0.07004	twin
sat14_UCG-15-10p1.cnf.hgr.random100	203	110670	0	0.21232	unconfined
sat14_UCG-15-10p1.cnf.hgr.random100	1002	0	679912	0.01417	edge_size
sat14_UCG-15-10p1.cnf.hgr.random100	1002	189899	39428	0.07105	node_degree_one
sat14_UCG-15-10p1.cnf.hgr.random100	1002	0	65090	0.09876	edge_domination
sat14_UCG-15-10p1.cnf.hgr.random100	1002	28300	0	0.03819	fast_node_domination
sat14_UCG-15-10p1.cnf.hgr.random100	1002	15970	5102	0.17930	node_domination
sat14_UCG-15-10p1.cnf.hgr.random100	1002	0	0	0.06745	twin
sat14_UCG-15-10p1.cnf.hgr.random100	1002	110670	0	0.21056	unconfined
sat14_UCG-15-10p1.cnf.primal.hgr.random100	1	0	138860	0.00838	edge_size
sat14_UCG-15-10p1.cnf.primal.hgr.random100	1	971	266	0.00382	node_degree_one
sat14_UCG-15-10p1.cnf.primal.hgr.random100	1	0	606655	0.16804	edge_domination
sat14_UCG-15-10p1.cnf.primal.hgr.random100	1	0	0	0.01540	fast_node_domination
sat14_UCG-15-10p1.cnf.primal.hgr.random100	1	3466	4	0.20564	node_domination
sat14_UCG-15-10p1.cnf.primal.hgr.random100	1	0	0	0.08496	twin
sat14_UCG-15-10p1.cnf.primal.hgr.random100	1	40187	0	0.21707	unconfined
sat14_UCG-15-10p1.cnf.primal.hgr.random100	21	0	138860	0.00825	edge_size
sat14_UCG-15-10p1.cnf.primal.hgr.random100	21	971	266	0.00381	node_degree_one
sat14_UCG-15-10p1.cnf.primal.hgr.random100	21	0	606655	0.16883	edge_domination
sat14_UCG-15-10p1.cnf.primal.hgr.random100	21	0	0	0.01478	fast_node_domination
sat14_UCG-15-10p1.cnf.primal.hgr.random100	21	3466	4	0.20578	node_domination
sat14_UCG-15-10p1.cnf.primal.hgr.random100	21	0	0	0.08294	twin
sat14_UCG-15-10p1.cnf.primal.hgr.random100	21	40187	0	0.21309	unconfined
sat14_UCG-15-10p1.cnf.primal.hgr.random100	203	0	138860	0.00862	edge_size
sat14_UCG-15-10p1.cnf.primal.hgr.random100	203	971	266	0.00393	node_degree_one
sat14_UCG-15-10p1.cnf.primal.hgr.random100	203	0	606655	0.18381	edge_domination
sat14_UCG-15-10p1.cnf.primal.hgr.random100	203	0	0	0.01465	fast_node_domination
sat14_UCG-15-10p1.cnf.primal.hgr.random100	203	3466	4	0.20349	node_domination
sat14_UCG-15-10p1.cnf.primal.hgr.random100	203	0	0	0.08146	twin
sat14_UCG-15-10p1.cnf.primal.hgr.random100	203	40187	0	0.21144	unconfined
sat14_UCG-15-10p1.cnf.primal.hgr.random100	1002	0	138860	0.00822	edge_size
sat14_UCG-15-10p1.cnf.primal.hgr.random100	1002	971	266	0.00374	node_degree_one
sat14_UCG-15-10p1.cnf.primal.hgr.random100	1002	0	606655	0.16808	edge_domination
sat14_UCG-15-10p1.cnf.primal.hgr.random100	1002	0	0	0.01453	fast_node_domination
sat14_UCG-15-10p1.cnf.primal.hgr.random100	1002	3466	4	0.20122	node_domination
sat14_UCG-15-10p1.cnf.primal.hgr.random100	1002	0	0	0.08395	twin
sat14_UCG-15-10p1.cnf.primal.hgr.random100	1002	40187	0	0.21328	unconfined
shermanACb.mtx.hgr.random100.rendered	1	0	15960	0.00044	edge_size
shermanACb.mtx.hgr.random100.rendered	1	18452	1591	0.02578	node_degree_one
shermanACb.mtx.hgr.random100.rendered	1	0	946	0.00021	edge_domination
shermanACb.mtx.hgr.random100.rendered	1	14	0	0.00008	fast_node_domination
shermanACb.mtx.hgr.random100.rendered	1	44	13	0.00007	node_domination
shermanACb.mtx.hgr.random100.rendered	1	0	0	0.00000	twin
shermanACb.mtx.hgr.random100.rendered	1	0	0	0.00000	unconfined
shermanACb.mtx.hgr.random100.rendered	21	0	15960	0.00044	edge_size
shermanACb.mtx.hgr.random100.rendered	21	18452	1591	0.02180	node_degree_one
shermanACb.mtx.hgr.random100.rendered	21	0	946	0.00021	edge_domination
shermanACb.mtx.hgr.random100.rendered	21	14	0	0.00008	fast_node_domination
shermanACb.mtx.hgr.random100.rendered	21	44	13	0.00007	node_domination
shermanACb.mtx.hgr.random100.rendered	21	0	0	0.00000	twin
shermanACb.mtx.hgr.random100.rendered	21	0	0	0.00000	unconfined
shermanACb.mtx.hgr.random100.rendered	203	0	15960	0.00044	edge_size
shermanACb.mtx.hgr.random100.rendered	203	18452	1591	0.02118	node_degree_one
shermanACb.mtx.hgr.random100.rendered	203	0	946	0.00020	edge_domination
shermanACb.mtx.hgr.random100.rendered	203	14	0	0.00008	fast_node_domination
shermanACb.mtx.hgr.random100.rendered	203	44	13	0.00007	node_domination
shermanACb.mtx.hgr.random100.rendered	203	0	0	0.00000	twin
shermanACb.mtx.hgr.random100.rendered	203	0	0	0.00000	unconfined
shermanACb.mtx.hgr.random100.rendered	1002	0	15960	0.00046	edge_size
shermanACb.mtx.hgr.random100.rendered	1002	18452	1591	0.02130	node_degree_one
shermanACb.mtx.hgr.random100.rendered	1002	0	946	0.00022	edge_domination
shermanACb.mtx.hgr.random100.rendered	1002	14	0	0.00009	fast_node_domination
shermanACb.mtx.hgr.random100.rendered	1002	44	13	0.00008	node_domination
shermanACb.mtx.hgr.random100.rendered	1002	0	0	0.00000	twin
shermanACb.mtx.hgr.random100.rendered	1002	0	0	0.00000	unconfined
ship_001.mtx.hgr.random100	1	0	15	0.00030	edge_size
ship_001.mtx.hgr.random100	1	11	4	0.00042	node_degree_one
ship_001.mtx.hgr.random100	1	0	33396	0.07176	edge_domination
ship_001.mtx.hgr.random100	1	31359	0	0.34157	fast_node_domination
ship_001.mtx.hgr.random100	1	275	0	0.02969	node_domination
ship_001.mtx.hgr.random100	1	0	0	0.00645	twin
ship_001.mtx.hgr.random100	1	142	0	0.01957	unconfined
ship_001.mtx.hgr.random100	21	0	15	0.00030	edge_size
ship_001.mtx.hgr.random100	21	11	4	0.00041	node_degree_one
ship_001.mtx.hgr.random100	21	0	33396	0.07704	edge_domination
ship_001.mtx.hgr.random100	21	31359	0	0.33414	fast_node_domination
ship_001.mtx.hgr.random100	21	275	0	0.03043	node_domination
ship_001.mtx.hgr.random100	21	0	0	0.00629	twin
ship_001.mtx.hgr.random100	21	142	0	0.01929	unconfined
ship_001.mtx.hgr.random100	203	0	15	0.00029	edge_size
ship_001.mtx.hgr.random100	203	11	4	0.00041	node_degree_one
ship_001.mtx.hgr.random100	203	0	33396	0.07550	edge_domination
ship_001.mtx.hgr.random100	203	31359	0	0.33637	fast_node_domination
ship_001.mtx.hgr.random100	203	275	0	0.03021	node_domination
ship_001.mtx.hgr.random100	203	0	0	0.00627	twin
ship_001.mtx.hgr.random100	203	142	0	0.01951	unconfined
ship_001.mtx.hgr.random100	1002	0	15	0.00030	edge_size
ship_001.mtx.hgr.random100	1002	11	4	0.00043	node_degree_one
ship_001.mtx.hgr.random100	1002	0	33396	0.07779	edge_domination
ship_001.mtx.hgr.random100	1002	31359	0	0.33598	fast_node_domination
ship_001.mtx.hgr.random100	1002	275	0	0.03131	node_domination
ship_001.mtx.hgr.random100	1002	0	0	0.00647	twin
ship_001.mtx.hgr.random100	1002	142	0	0.01952	unconfined
sls.mtx.hgr.random100	1	0	242107	0.02781	edge_size
sls.mtx.hgr.random100	1	959	347	0.18027	node_degree_one
sls.mtx.hgr.random100	1	0	142925	6.60182	edge_domination
sls.mtx.hgr.random100	1	39	0	0.18374	fast_node_domination
sls.mtx.hgr.random100	1	0	0	0.53061	node_domination
sls.mtx.hgr.random100	1	1089	211	0.20527	twin
sls.mtx.hgr.random100	1	2	0	0.10328	unconfined
soc-sign-epinions.mtx.hgr.random100	1	0	86780	0.00867	edge_size
soc-sign-epinions.mtx.hgr.random100	1	131748	8326	0.25611	node_degree_one
soc-sign-epinions.mtx.hgr.random100	1	0	185	0.00047	edge_domination
soc-sign-epinions.mtx.hgr.random100	1	10	0	0.00055	fast_node_domination
soc-sign-epinions.mtx.hgr.random100	1	70	27	0.00050	node_domination
soc-sign-epinions.mtx.hgr.random100	1	0	0	0.00000	twin
soc-sign-epinions.mtx.hgr.random100	1	0	0	0.00000	unconfined
sls.mtx.hgr.random100	21	0	242107	0.02728	edge_size
sls.mtx.hgr.random100	21	959	347	0.18246	node_degree_one
sls.mtx.hgr.random100	21	0	142925	6.45429	edge_domination
sls.mtx.hgr.random100	21	39	0	0.18374	fast_node_domination
sls.mtx.hgr.random100	21	0	0	0.53220	node_domination
sls.mtx.hgr.random100	21	1089	211	0.20437	twin
sls.mtx.hgr.random100	21	2	0	0.12821	unconfined
soc-sign-epinions.mtx.hgr.random100	21	0	86780	0.00744	edge_size
soc-sign-epinions.mtx.hgr.random100	21	131748	8326	0.16041	node_degree_one
soc-sign-epinions.mtx.hgr.random100	21	0	185	0.00045	edge_domination
soc-sign-epinions.mtx.hgr.random100	21	10	0	0.00054	fast_node_domination
soc-sign-epinions.mtx.hgr.random100	21	70	27	0.00049	node_domination
soc-sign-epinions.mtx.hgr.random100	21	0	0	0.00000	twin
soc-sign-epinions.mtx.hgr.random100	21	0	0	0.00000	unconfined
soc-sign-epinions.mtx.hgr.random100	203	0	86780	0.00762	edge_size
soc-sign-epinions.mtx.hgr.random100	203	131748	8326	0.15845	node_degree_one
soc-sign-epinions.mtx.hgr.random100	203	0	185	0.00047	edge_domination
soc-sign-epinions.mtx.hgr.random100	203	10	0	0.00054	fast_node_domination
soc-sign-epinions.mtx.hgr.random100	203	70	27	0.00051	node_domination
soc-sign-epinions.mtx.hgr.random100	203	0	0	0.00000	twin
soc-sign-epinions.mtx.hgr.random100	203	0	0	0.00000	unconfined
sls.mtx.hgr.random100	203	0	242107	0.02761	edge_size
sls.mtx.hgr.random100	203	959	347	0.16546	node_degree_one
sls.mtx.hgr.random100	203	0	142925	6.77614	edge_domination
sls.mtx.hgr.random100	203	39	0	0.18562	fast_node_domination
sls.mtx.hgr.random100	203	0	0	0.53379	node_domination
sls.mtx.hgr.random100	203	1089	211	0.19730	twin
sls.mtx.hgr.random100	203	2	0	0.09491	unconfined
soc-sign-epinions.mtx.hgr.random100	1002	0	86780	0.00753	edge_size
soc-sign-epinions.mtx.hgr.random100	1002	131748	8326	0.15986	node_degree_one
soc-sign-epinions.mtx.hgr.random100	1002	0	185	0.00052	edge_domination
soc-sign-epinions.mtx.hgr.random100	1002	10	0	0.00054	fast_node_domination
soc-sign-epinions.mtx.hgr.random100	1002	70	27	0.00060	node_domination
soc-sign-epinions.mtx.hgr.random100	1002	0	0	0.00000	twin
soc-sign-epinions.mtx.hgr.random100	1002	0	0	0.00000	unconfined
sls.mtx.hgr.random100	1002	0	242107	0.02774	edge_size
sls.mtx.hgr.random100	1002	959	347	0.18330	node_degree_one
sls.mtx.hgr.random100	1002	0	142925	6.58897	edge_domination
sls.mtx.hgr.random100	1002	39	0	0.18890	fast_node_domination
sls.mtx.hgr.random100	1002	0	0	0.54300	node_domination
sls.mtx.hgr.random100	1002	1089	211	0.25007	twin
sls.mtx.hgr.random100	1002	2	0	0.11806	unconfined
TSOPF_FS_b162_c3.mtx.hgr.random100.rendered	1	0	82	0.00032	edge_size
TSOPF_FS_b162_c3.mtx.hgr.random100.rendered	1	30391	7544	0.27743	node_degree_one
TSOPF_FS_b162_c3.mtx.hgr.random100.rendered	1	0	23154	0.02238	edge_domination
TSOPF_FS_b162_c3.mtx.hgr.random100.rendered	1	330	0	0.00050	fast_node_domination
TSOPF_FS_b162_c3.mtx.hgr.random100.rendered	1	69	14	0.00113	node_domination
TSOPF_FS_b162_c3.mtx.hgr.random100.rendered	1	8	4	0.00107	twin
TSOPF_FS_b162_c3.mtx.hgr.random100.rendered	1	0	0	0.00000	unconfined
TSOPF_FS_b162_c3.mtx.hgr.random100.rendered	21	0	82	0.00031	edge_size
TSOPF_FS_b162_c3.mtx.hgr.random100.rendered	21	30391	7544	0.26347	node_degree_one
TSOPF_FS_b162_c3.mtx.hgr.random100.rendered	21	0	23154	0.02268	edge_domination
TSOPF_FS_b162_c3.mtx.hgr.random100.rendered	21	330	0	0.00051	fast_node_domination
TSOPF_FS_b162_c3.mtx.hgr.random100.rendered	21	69	14	0.00121	node_domination
TSOPF_FS_b162_c3.mtx.hgr.random100.rendered	21	8	4	0.00106	twin
TSOPF_FS_b162_c3.mtx.hgr.random100.rendered	21	0	0	0.00000	unconfined
TSOPF_FS_b162_c3.mtx.hgr.random100.rendered	203	0	82	0.00032	edge_size
TSOPF_FS_b162_c3.mtx.hgr.random100.rendered	203	30391	7544	0.26710	node_degree_one
TSOPF_FS_b162_c3.mtx.hgr.random100.rendered	203	0	23154	0.02242	edge_domination
TSOPF_FS_b162_c3.mtx.hgr.random100.rendered	203	330	0	0.00050	fast_node_domination
TSOPF_FS_b162_c3.mtx.hgr.random100.rendered	203	69	14	0.00116	node_domination
TSOPF_FS_b162_c3.mtx.hgr.random100.rendered	203	8	4	0.00107	twin
TSOPF_FS_b162_c3.mtx.hgr.random100.rendered	203	0	0	0.00000	unconfined
TSOPF_FS_b162_c3.mtx.hgr.random100.rendered	1002	0	82	0.00031	edge_size
TSOPF_FS_b162_c3.mtx.hgr.random100.rendered	1002	30391	7544	0.26576	node_degree_one
TSOPF_FS_b162_c3.mtx.hgr.random100.rendered	1002	0	23154	0.02191	edge_domination
TSOPF_FS_b162_c3.mtx.hgr.random100.rendered	1002	330	0	0.00050	fast_node_domination
TSOPF_FS_b162_c3.mtx.hgr.random100.rendered	1002	69	14	0.00092	node_domination
TSOPF_FS_b162_c3.mtx.hgr.random100.rendered	1002	8	4	0.00107	twin
TSOPF_FS_b162_c3.mtx.hgr.random100.rendered	1002	0	0	0.00000	unconfined
xenon2.mtx.hgr.random100	1	0	139	0.00136	edge_size
xenon2.mtx.hgr.random100	1	184	44	0.00262	node_degree_one
xenon2.mtx.hgr.random100	1	0	99034	0.09987	edge_domination
xenon2.mtx.hgr.random100	1	100570	0	0.25764	fast_node_domination
xenon2.mtx.hgr.random100	1	5041	0	0.22625	node_domination
xenon2.mtx.hgr.random100	1	0	0	0.03756	twin
xenon2.mtx.hgr.random100	1	13	0	0.07934	unconfined
xenon2.mtx.hgr.random100	21	0	139	0.00138	edge_size
xenon2.mtx.hgr.random100	21	184	44	0.00257	node_degree_one
xenon2.mtx.hgr.random100	21	0	99034	0.10040	edge_domination
xenon2.mtx.hgr.random100	21	100570	0	0.25793	fast_node_domination
xenon2.mtx.hgr.random100	21	5041	0	0.22390	node_domination
xenon2.mtx.hgr.random100	21	0	0	0.03611	twin
xenon2.mtx.hgr.random100	21	13	0	0.07876	unconfined
xenon2.mtx.hgr.random100	203	0	139	0.00138	edge_size
xenon2.mtx.hgr.random100	203	184	44	0.00251	node_degree_one
xenon2.mtx.hgr.random100	203	0	99034	0.10099	edge_domination
xenon2.mtx.hgr.random100	203	100570	0	0.25908	fast_node_domination
xenon2.mtx.hgr.random100	203	5041	0	0.22768	node_domination
xenon2.mtx.hgr.random100	203	0	0	0.03621	twin
xenon2.mtx.hgr.random100	203	13	0	0.08016	unconfined
xenon2.mtx.hgr.random100	1002	0	139	0.00135	edge_size
xenon2.mtx.hgr.random100	1002	184	44	0.00251	node_degree_one
xenon2.mtx.hgr.random100	1002	0	99034	0.09850	edge_domination
xenon2.mtx.hgr.random100	1002	100570	0	0.25852	fast_node_domination
xenon2.mtx.hgr.random100	1002	5041	0	0.22441	node_domination
xenon2.mtx.hgr.random100	1002	0	0	0.03766	twin
xenon2.mtx.hgr.random100	1002	13	0	0.07918	unconfined
sat14_post-cbmc-aes-d-r2-noholes.cnf.dual.hgr.random100	1	0	80622	0.00498	edge_size
sat14_post-cbmc-aes-d-r2-noholes.cnf.dual.hgr.random100	1	610302	61194	2.34656	node_degree_one
sat14_post-cbmc-aes-d-r2-noholes.cnf.dual.hgr.random100	1	0	8622	0.20911	edge_domination
sat14_post-cbmc-aes-d-r2-noholes.cnf.dual.hgr.random100	1	280336	0	4.07415	fast_node_domination
sat14_post-cbmc-aes-d-r2-noholes.cnf.dual.hgr.random100	1	9072	1696	64.31666	node_domination
sat14_post-cbmc-aes-d-r2-noholes.cnf.dual.hgr.random100	1	0	0	2.14511	twin
sat14_post-cbmc-aes-d-r2-noholes.cnf.dual.hgr.random100	1	43409	0	133.25484	unconfined
sat14_post-cbmc-aes-d-r2-noholes.cnf.dual.hgr.random100	203	0	80622	0.00523	edge_size
sat14_post-cbmc-aes-d-r2-noholes.cnf.dual.hgr.random100	203	610302	61194	2.42086	node_degree_one
sat14_post-cbmc-aes-d-r2-noholes.cnf.dual.hgr.random100	203	0	8622	0.20668	edge_domination
sat14_post-cbmc-aes-d-r2-noholes.cnf.dual.hgr.random100	203	280336	0	4.12340	fast_node_domination
sat14_post-cbmc-aes-d-r2-noholes.cnf.dual.hgr.random100	203	9072	1696	63.60290	node_domination
sat14_post-cbmc-aes-d-r2-noholes.cnf.dual.hgr.random100	203	0	0	2.21604	twin
sat14_post-cbmc-aes-d-r2-noholes.cnf.dual.hgr.random100	203	43409	0	134.16240	unconfined
sat14_post-cbmc-aes-d-r2-noholes.cnf.dual.hgr.random100	1002	0	80622	0.00503	edge_size
sat14_post-cbmc-aes-d-r2-noholes.cnf.dual.hgr.random100	1002	610302	61194	2.38691	node_degree_one
sat14_post-cbmc-aes-d-r2-noholes.cnf.dual.hgr.random100	1002	0	8622	0.20822	edge_domination
sat14_post-cbmc-aes-d-r2-noholes.cnf.dual.hgr.random100	1002	280336	0	4.05686	fast_node_domination
sat14_post-cbmc-aes-d-r2-noholes.cnf.dual.hgr.random100	1002	9072	1696	63.95400	node_domination
sat14_post-cbmc-aes-d-r2-noholes.cnf.dual.hgr.random100	1002	0	0	2.56943	twin
sat14_post-cbmc-aes-d-r2-noholes.cnf.dual.hgr.random100	1002	43409	0	132.90866	unconfined
sat14_post-cbmc-aes-d-r2-noholes.cnf.dual.hgr.random100	21	0	80622	0.00504	edge_size
sat14_post-cbmc-aes-d-r2-noholes.cnf.dual.hgr.random100	21	610302	61194	2.32748	node_degree_one
sat14_post-cbmc-aes-d-r2-noholes.cnf.dual.hgr.random100	21	0	8622	0.20445	edge_domination
sat14_post-cbmc-aes-d-r2-noholes.cnf.dual.hgr.random100	21	280336	0	4.09239	fast_node_domination
sat14_post-cbmc-aes-d-r2-noholes.cnf.dual.hgr.random100	21	9072	1696	62.78575	node_domination
sat14_post-cbmc-aes-d-r2-noholes.cnf.dual.hgr.random100	21	0	0	1.90410	twin
sat14_post-cbmc-aes-d-r2-noholes.cnf.dual.hgr.random100	21	43409	0	137.34832	unconfined
sat14_post-cbmc-aes-ee-r2-noholes.cnf.dual.hgr.random100	1	0	76598	0.00481	edge_size
sat14_post-cbmc-aes-ee-r2-noholes.cnf.dual.hgr.random100	1	597926	58838	2.22691	node_degree_one
sat14_post-cbmc-aes-ee-r2-noholes.cnf.dual.hgr.random100	1	0	7291	0.20605	edge_domination
sat14_post-cbmc-aes-ee-r2-noholes.cnf.dual.hgr.random100	1	267344	0	4.10267	fast_node_domination
sat14_post-cbmc-aes-ee-r2-noholes.cnf.dual.hgr.random100	1	6832	960	59.69196	node_domination
sat14_post-cbmc-aes-ee-r2-noholes.cnf.dual.hgr.random100	1	0	0	1.86685	twin
sat14_post-cbmc-aes-ee-r2-noholes.cnf.dual.hgr.random100	1	42192	0	128.96440	unconfined
sat14_post-cbmc-aes-ee-r2-noholes.cnf.dual.hgr.random100	21	0	76598	0.00467	edge_size
sat14_post-cbmc-aes-ee-r2-noholes.cnf.dual.hgr.random100	21	597926	58838	2.21399	node_degree_one
sat14_post-cbmc-aes-ee-r2-noholes.cnf.dual.hgr.random100	21	0	7291	0.20411	edge_domination
sat14_post-cbmc-aes-ee-r2-noholes.cnf.dual.hgr.random100	21	267344	0	4.00714	fast_node_domination
sat14_post-cbmc-aes-ee-r2-noholes.cnf.dual.hgr.random100	21	6832	960	63.78680	node_domination
sat14_post-cbmc-aes-ee-r2-noholes.cnf.dual.hgr.random100	21	0	0	2.10515	twin
sat14_post-cbmc-aes-ee-r2-noholes.cnf.dual.hgr.random100	21	42192	0	127.38270	unconfined
sat14_post-cbmc-aes-ee-r2-noholes.cnf.dual.hgr.random100	203	0	76598	0.00469	edge_size
sat14_post-cbmc-aes-ee-r2-noholes.cnf.dual.hgr.random100	203	597926	58838	2.21679	node_degree_one
sat14_post-cbmc-aes-ee-r2-noholes.cnf.dual.hgr.random100	203	0	7291	0.20255	edge_domination
sat14_post-cbmc-aes-ee-r2-noholes.cnf.dual.hgr.random100	203	267344	0	4.06909	fast_node_domination
sat14_post-cbmc-aes-ee-r2-noholes.cnf.dual.hgr.random100	203	6832	960	63.85614	node_domination
sat14_post-cbmc-aes-ee-r2-noholes.cnf.dual.hgr.random100	203	0	0	1.87711	twin
sat14_post-cbmc-aes-ee-r2-noholes.cnf.dual.hgr.random100	203	42192	0	128.07497	unconfined
sat14_post-cbmc-aes-ee-r2-noholes.cnf.dual.hgr.random100	1002	0	76598	0.00466	edge_size
sat14_post-cbmc-aes-ee-r2-noholes.cnf.dual.hgr.random100	1002	597926	58838	2.19955	node_degree_one
sat14_post-cbmc-aes-ee-r2-noholes.cnf.dual.hgr.random100	1002	0	7291	0.20385	edge_domination
sat14_post-cbmc-aes-ee-r2-noholes.cnf.dual.hgr.random100	1002	267344	0	4.12198	fast_node_domination
sat14_post-cbmc-aes-ee-r2-noholes.cnf.dual.hgr.random100	1002	6832	960	63.84289	node_domination
sat14_post-cbmc-aes-ee-r2-noholes.cnf.dual.hgr.random100	1002	0	0	1.85569	twin
sat14_post-cbmc-aes-ee-r2-noholes.cnf.dual.hgr.random100	1002	42192	0	127.44142	unconfined
dac2012_superblue9.hgr.random100	21	0	638804	0.01706	edge_size
dac2012_superblue9.hgr.random100	21	503299	108103	0.74452	node_degree_one
dac2012_superblue9.hgr.random100	21	0	22030	0.36343	edge_domination
dac2012_superblue9.hgr.random100	21	14950	0	0.22198	fast_node_domination
dac2012_superblue9.hgr.random100	21	35724	4874	13.35700	node_domination
dac2012_superblue9.hgr.random100	21	3068	1301	1.34740	twin
dac2012_superblue9.hgr.random100	21	191987	0	495.38735	unconfined
dac2012_superblue9.hgr.random100	1	0	638804	0.01702	edge_size
dac2012_superblue9.hgr.random100	1	503299	108103	0.74072	node_degree_one
dac2012_superblue9.hgr.random100	1	0	22030	0.36442	edge_domination
dac2012_superblue9.hgr.random100	1	14950	0	0.22305	fast_node_domination
dac2012_superblue9.hgr.random100	1	35724	4874	13.34862	node_domination
dac2012_superblue9.hgr.random100	1	3068	1301	1.40312	twin
dac2012_superblue9.hgr.random100	1	191987	0	496.62194	unconfined
dac2012_superblue9.hgr.random100	203	0	638804	0.01767	edge_size
dac2012_superblue9.hgr.random100	203	503299	108103	0.74829	node_degree_one
dac2012_superblue9.hgr.random100	203	0	22030	0.36529	edge_domination
dac2012_superblue9.hgr.random100	203	14950	0	0.22588	fast_node_domination
dac2012_superblue9.hgr.random100	203	35724	4874	13.44670	node_domination
dac2012_superblue9.hgr.random100	203	3068	1301	1.35253	twin
dac2012_superblue9.hgr.random100	203	191987	0	503.08238	unconfined
dac2012_superblue9.hgr.random100	1002	0	638804	0.01702	edge_size
dac2012_superblue9.hgr.random100	1002	503299	108103	0.74820	node_degree_one
dac2012_superblue9.hgr.random100	1002	0	22030	0.36635	edge_domination
dac2012_superblue9.hgr.random100	1002	14950	0	0.22468	fast_node_domination
dac2012_superblue9.hgr.random100	1002	35724	4874	13.44613	node_domination
dac2012_superblue9.hgr.random100	1002	3068	1301	1.61170	twin
dac2012_superblue9.hgr.random100	1002	191987	0	503.80443	unconfined
